account_id,opened_date,kyc_phone,kyc_address,kyc_id_hash,balance_after
ACC_00001,2024-06-24,+918963714554,"220, Park Avenue, Jaipur",c8299d1535be60e5,90295.88
ACC_00002,2022-09-22,+918636287355,"222, Park Avenue, Bangalore",1357967e8b8ced58,38296.97
ACC_00003,2024-02-03,+918493374625,"22, Lake View, Delhi",3d9a001b3093c1f8,42033.89
ACC_00004,2023-11-12,+919820918286,"219, Station Road, Jaipur",e625a6b6abb69d6a,3801.71
ACC_00005,2024-07-03,+919341092954,"332, Park Avenue, Ahmedabad",f87cd1fdd163d54d,13636.33
ACC_00006,2023-12-28,+917271699275,"280, Market Street, Chennai",37b6f2f6217d3caf,13054.82
ACC_00007,2025-05-20,+918515046485,"392, Civil Lines, Kolkata",e4253be81c87daec,13849.16
ACC_00008,2024-03-30,+918486877611,"223, Station Road, Chennai",3da3128739794985,11673.22
ACC_00009,2025-04-25,+917783420002,"358, Market Street, Hyderabad",146583c8c0146d99,16185.06
ACC_00010,2025-06-23,+918296279118,"155, Hill Road, Delhi",7e50da31c2f97013,15382.2
ACC_00011,2025-10-13,+917511778904,"494, Lake View, Hyderabad",6151b82b59d64076,
ACC_00012,2026-03-29,+918715184156,"403, Gandhi Nagar, Lucknow",9e29c09ab0ecf7df,11813.1
ACC_00013,2024-07-08,+919190886759,"363, Civil Lines, Ahmedabad",c07cf26e29fe9328,96192.75
ACC_00014,2024-05-08,+918865579967,"258, Civil Lines, Bangalore",36f0a96a3db7c751,8248.76
ACC_00015,2022-03-11,+917066342532,"386, Nehru Street, Kolkata",d075781984e27f0d,115778.37
ACC_00016,2021-09-01,+919159780368,"437, MG Road, Delhi",551d9c4cdb52aeae,5755.49
ACC_00017,2024-12-22,+919782507089,"347, Market Street, Pune",7a27f54e5733fe8f,5900.38
ACC_00018,2024-01-30,+919866869769,"260, Gandhi Nagar, Lucknow",20d5569ecae625e1,15743.96
ACC_00019,2026-01-30,+919413082745,"317, Market Street, Jaipur",745800ddc80d8489,134427.52
ACC_00020,2022-09-26,+918122552129,"57, Hill Road, Lucknow",3234bd2b9932bbab,2439.22
ACC_00021,2025-10-27,+919473992570,"461, Station Road, Lucknow",cb8a3e7d74094056,42283.37
ACC_00022,2024-09-14,+919042143579,"414, Nehru Street, Lucknow",5eb90e5ca1ce037c,22029.25
ACC_00023,2024-07-19,+919680642854,"51, MG Road, Jaipur",8a3a9980af579c13,32667.1
ACC_00024,2025-01-15,+918608204106,"162, Lake View, Lucknow",d30c2329f20117b1,500.0
ACC_00025,2025-04-15,+918099177348,"217, Nehru Street, Delhi",1ada83dcc93979e8,13337.24
ACC_00026,2024-10-29,+917105441515,"101, Lake View, Kolkata",f0743a07f8671229,16548.05
ACC_00027,2023-11-21,+919385344515,"465, Civil Lines, Mumbai",402c063a4341bf38,3551.62
ACC_00028,2021-02-02,+918798780323,"70, Civil Lines, Jaipur",4d49d9ca908ae165,2054.13
ACC_00029,2025-09-27,+917943319939,"157, Station Road, Lucknow",700dd1bc09d29ab9,98689.75
ACC_00030,2023-06-02,+919959894633,"423, Civil Lines, Hyderabad",91bb4e9fe56d7a63,723227.89
ACC_00031,2025-09-09,+918546663370,"459, Market Street, Ahmedabad",0b8c8421f1d4dcc3,2646.12
ACC_00032,2024-08-06,+917086998508,"123, Gandhi Nagar, Hyderabad",ac7ec779a89ab148,29589.18
ACC_00033,2026-03-29,+917715658460,"123, MG Road, Kolkata",8fb173352cd70df7,14366.78
ACC_00034,2025-09-20,+918890035532,"224, Station Road, Jaipur",01aba55cf98ef3eb,5812.69
ACC_00035,2023-04-01,+919310759413,"92, Nehru Street, Lucknow",0160d1521eb492d3,8255.01
ACC_00036,2022-10-05,+917473768369,"75, Park Avenue, Pune",18a50ec553d3d2ab,37166.53
ACC_00037,2025-09-19,+918764918743,"301, Nehru Street, Lucknow",473412bd896beda5,14188.86
ACC_00038,2022-11-25,+919362296664,"99, Park Avenue, Pune",be0b4479ff18f414,1084370.93
ACC_00039,2023-11-01,+919512147085,"434, Ring Road, Jaipur",c627c269a7f3ad68,14337.4
ACC_00040,2025-08-20,+917460838696,"334, Station Road, Pune",a53fc0f4440d87ed,9747.41
ACC_00041,2024-06-01,+919134515841,"83, Park Avenue, Jaipur",a5e2bc98a6402645,253572.59
ACC_00042,2021-04-16,+919756793669,"76, Nehru Street, Delhi",6c58ae93697c5531,11239.1
ACC_00043,2024-07-26,+918668519466,"324, Park Avenue, Kolkata",abc573a8c57c6837,17347.83
ACC_00044,2025-04-07,+918761371820,"60, Ring Road, Chennai",a68d224b002004f0,5806.91
ACC_00045,2024-08-28,+918344621983,"72, Lake View, Pune",3af1cef79cf9fb1a,32632.16
ACC_00046,2025-04-02,+919889633669,"230, Ring Road, Mumbai",7b7d69ff77c64aa3,440622.95
ACC_00047,2026-02-28,+917122840880,"254, Market Street, Lucknow",b969a922d180411a,74525.9
ACC_00048,2024-03-29,+919467749270,"28, Nehru Street, Lucknow",e78cde97d49c293c,4668.24
ACC_00049,2025-05-25,+918865693319,"222, MG Road, Lucknow",ae31c88cb050edf8,
ACC_00050,2026-03-29,+917896830952,"225, Nehru Street, Delhi",ed37a4c5a90f2e64,16566.11
ACC_00051,2023-12-07,+917410463833,"94, Civil Lines, Jaipur",e20d58cef1f6a44c,1642.53
ACC_00052,2024-09-02,+918359839748,"440, Nehru Street, Hyderabad",9128a01956a08fa0,1740.72
ACC_00053,2023-07-31,+919226953846,"310, Hill Road, Mumbai",21ab6a3bafa90737,3055.67
ACC_00054,2022-05-12,+918428771924,"294, Hill Road, Bangalore",138064e4f6e0871b,10391.39
ACC_00055,2026-03-29,+919217750763,"52, Gandhi Nagar, Mumbai",5e4dd5e6bc33b5d9,678.22
ACC_00056,2025-10-09,+919931425639,"151, Park Avenue, Chennai",b7312eb945996950,
ACC_00057,2025-11-04,+918589206209,"130, Gandhi Nagar, Chennai",cadf3403ae5769a5,719.74
ACC_00058,2024-01-23,+917957047873,"69, MG Road, Lucknow",288f6fe4164f2795,27922.24
ACC_00059,2023-03-29,+918373469935,"82, Ring Road, Ahmedabad",d55944d3a1008008,5769.29
ACC_00060,2024-04-02,+917889328705,"108, Lake View, Hyderabad",bf7da07d6bceed32,66837.62
ACC_00061,2024-07-22,+917443819876,"297, Gandhi Nagar, Delhi",4b22d508f17e17c5,29857.64
ACC_00062,2024-07-26,+917273308553,"440, Park Avenue, Pune",b670b909b3fead22,4343.17
ACC_00063,2023-01-01,+919517092294,"127, Hill Road, Kolkata",4e49f9a3fbb91d79,4334.89
ACC_00064,2025-07-09,+918075293394,"260, Park Avenue, Hyderabad",4d47f55caf560b1a,8586.11
ACC_00065,2025-12-05,+918027918329,"235, Ring Road, Ahmedabad",33d1b835c4ffde6c,23009.56
ACC_00066,2025-10-05,+918508641543,"50, MG Road, Bangalore",81db796d1bfbaa31,
ACC_00067,2025-08-16,+917030576163,"301, Lake View, Lucknow",da057d94baf27dd6,10565.77
ACC_00068,2026-01-26,+918418639618,"376, Lake View, Jaipur",54ac568c8c18ed0e,7783.34
ACC_00069,2026-03-29,+917332076221,"117, Gandhi Nagar, Delhi",60e8e50b621d5f13,18861.34
ACC_00070,2026-03-29,+918658694761,"408, Ring Road, Ahmedabad",d3762e0694fb7a55,9541.51
ACC_00071,2024-10-11,+917090483985,"386, MG Road, Bangalore",16865d9ba03fae2c,8661.9
ACC_00072,2023-02-06,+917402274209,"425, Lake View, Jaipur",9e6d97cf00b80c89,5195.89
ACC_00073,2025-02-12,+918179848389,"268, Ring Road, Hyderabad",d796c4aeae204870,24675.59
ACC_00074,2023-05-25,+919750545221,"1, Nehru Street, Lucknow",5a396366538d44af,133313.58
ACC_00075,2025-12-05,+919761997573,"280, MG Road, Lucknow",5593e875447174c2,10656.81
ACC_00076,2025-03-18,+919980105493,"439, MG Road, Chennai",0b076b0640c71665,23200.24
ACC_00077,2024-04-01,+918841757434,"475, Lake View, Chennai",61c71b6eb4bb95a4,31076.98
ACC_00078,2023-05-21,+918083556814,"473, Market Street, Chennai",03b2a2f74371d0a3,158294.39
ACC_00079,2023-11-24,+917377421054,"413, MG Road, Chennai",219d533fa0f7f404,12553.29
ACC_00080,2025-03-25,+919297677154,"70, Gandhi Nagar, Bangalore",7daecf0c506b5680,36673.62
ACC_00081,2022-07-21,+918558489002,"200, Park Avenue, Kolkata",91ee68d866a4cb00,45603.59
ACC_00082,2024-10-11,+919438943254,"167, Ring Road, Bangalore",245e55d1b1c08c54,9833.07
ACC_00083,2024-09-17,+918901388352,"145, Nehru Street, Bangalore",9e1376c1dae9243a,42919.87
ACC_00084,2025-01-03,+919099678135,"387, Hill Road, Delhi",dcbc2ea211e0b431,15616.15
ACC_00085,2024-04-08,+917748314502,"136, Park Avenue, Jaipur",37b395e450f030d4,11938.22
ACC_00086,2022-06-09,+917285597260,"342, Market Street, Delhi",ca9a8bb709d59652,141908.82
ACC_00087,2023-06-16,+917705667819,"374, Market Street, Jaipur",975cb51baf47ce71,3911.31
ACC_00088,2025-08-28,+919552140706,"387, MG Road, Mumbai",8e974b6deabcab1f,14687.72
ACC_00089,2022-03-31,+918762635507,"129, Nehru Street, Ahmedabad",b5f4e8d02012b2d6,19279.65
ACC_00090,2023-01-07,+917131814591,"411, MG Road, Chennai",0be3611a2bc36d5e,93338.35
ACC_00091,2025-04-28,+919839739641,"145, Gandhi Nagar, Ahmedabad",6549f231cfa84e28,5025.41
ACC_00092,2025-01-07,+918045582564,"281, Station Road, Chennai",a562eabeddab7f96,38151.27
ACC_00093,2023-12-09,+919670791883,"48, Park Avenue, Jaipur",3c3a6916c11ebce8,14988.2
ACC_00094,2024-04-16,+918268202102,"39, Station Road, Kolkata",7bc6ef00dda643dd,8011.88
ACC_00095,2026-01-15,+917299493170,"26, Station Road, Hyderabad",aef61f517d8afdf7,3666.39
ACC_00096,2024-01-15,+919845936494,"457, Ring Road, Lucknow",f8ea6820ceb62aad,4088.15
ACC_00097,2021-05-03,+917579624966,"399, Ring Road, Mumbai",2936b4bb3682d035,275234.66
ACC_00098,2025-09-10,+918976260228,"175, Lake View, Chennai",e73fbc0f67238d3f,70385.46
ACC_00099,2025-09-20,+917772267086,"485, Civil Lines, Delhi",2f8a89dd16a94dbf,53655.11
ACC_00100,2025-03-04,+918006720364,"371, Station Road, Jaipur",fae6fbafe098829f,1073.68
ACC_00101,2025-05-09,+917449278559,"248, Gandhi Nagar, Pune",ccc2f24680a1611d,78293.88
ACC_00102,2025-03-17,+918914226047,"491, Market Street, Kolkata",4d9b440fb6129dec,139993.73
ACC_00103,2024-05-13,+918519423086,"232, Park Avenue, Kolkata",db96dad28a7955dd,7039.11
ACC_00104,2026-03-29,+917290430447,"256, Civil Lines, Delhi",c124091a2f8302fe,40862.06
ACC_00105,2025-11-07,+918435583172,"479, Hill Road, Mumbai",9c8cb0bef56ceabb,7343.51
ACC_00106,2025-05-02,+917207676561,"457, Ring Road, Pune",0720d71bbecb20f9,15048.84
ACC_00107,2023-03-03,+917380863704,"487, Hill Road, Jaipur",7be24118328fb28c,1982.46
ACC_00108,2025-02-10,+917839769551,"181, Station Road, Chennai",8006be3271ec7a9a,143363.22
ACC_00109,2023-12-16,+918150629302,"258, Hill Road, Lucknow",978650f2fce8ac47,2657.84
ACC_00110,2024-02-16,+919401750860,"431, Hill Road, Kolkata",99842d401c85d858,146006.44
ACC_00111,2021-11-17,+917548426310,"93, Hill Road, Delhi",49237cf61b14bea5,75859.68
ACC_00112,2025-05-25,+918524578743,"139, Civil Lines, Mumbai",d334e89f8f61c2e5,118333.36
ACC_00113,2025-07-13,+919690266113,"358, MG Road, Jaipur",ac83a4c647ed7f41,18810.37
ACC_00114,2025-09-25,+919881760885,"299, Park Avenue, Kolkata",d7f9a44735fe9164,23397.51
ACC_00115,2025-02-09,+919684063659,"282, Station Road, Mumbai",22569385a68e0960,12258.61
ACC_00116,2024-06-10,+918167240174,"137, Gandhi Nagar, Chennai",7a40c8769aa59378,21289.56
ACC_00117,2025-07-23,+918082431683,"91, Station Road, Bangalore",acdabd67e8ccd2b0,46540.55
ACC_00118,2024-08-16,+917707991786,"30, Civil Lines, Chennai",2577ef04e5ef75d1,13728.63
ACC_00119,2026-03-29,+917047416665,"234, Park Avenue, Hyderabad",64faa17674c2a9e6,35034.46
ACC_00120,2023-06-16,+917384579823,"201, Market Street, Bangalore",c01140a747d47b58,170378.12
ACC_00121,2026-01-15,+917009446278,"340, Hill Road, Delhi",22422f7e7783c0a1,70073.49
ACC_00122,2024-09-10,+918297546778,"350, Gandhi Nagar, Ahmedabad",19fba57ac106d360,36763.58
ACC_00123,2024-01-22,+918556743926,"384, MG Road, Delhi",15819d27346094b1,1936.48
ACC_00124,2024-03-26,+919948961513,"326, Park Avenue, Bangalore",04311ac81795caa2,234838.26
ACC_00125,2025-03-03,+919388181341,"269, Ring Road, Kolkata",d0f0448776c348f1,15084.74
ACC_00126,2024-11-07,+917485824710,"217, Market Street, Delhi",e21630b6da542c9f,29396.52
ACC_00127,2024-07-07,+917384879774,"80, Civil Lines, Delhi",4b0fbe635b954097,94914.2
ACC_00128,2025-01-22,+918515417449,"291, Ring Road, Chennai",57f988f4637a597f,7775.96
ACC_00129,2024-09-28,+919952555793,"196, Nehru Street, Chennai",4d90a2910401f0d2,326907.18
ACC_00130,2024-03-28,+919310579339,"104, Nehru Street, Bangalore",d09a510d515a7770,38054.99
ACC_00131,2024-07-26,+919523681006,"198, Park Avenue, Lucknow",87fbda3510d93c8e,9875.21
ACC_00132,2026-03-12,+918222901374,"14, Nehru Street, Lucknow",8a98956de947f6a9,10508.06
ACC_00133,2026-03-29,+917385486569,"71, Gandhi Nagar, Lucknow",05b090ef5dc6de86,26632.7
ACC_00134,2024-10-13,+918583757428,"413, Market Street, Pune",9f15a2d35e54a7ce,24585.52
ACC_00135,2025-09-16,+919344252531,"131, Park Avenue, Delhi",dc153e2395a24abb,202013.64
ACC_00136,2025-07-21,+917334610877,"148, Civil Lines, Pune",33a3b28b8b9f543b,114552.36
ACC_00137,2025-11-11,+917154352373,"205, Park Avenue, Mumbai",dbf09188f1817e72,77900.72
ACC_00138,2024-06-29,+919789357800,"246, Civil Lines, Pune",6daad6b2b1648f36,4096.36
ACC_00139,2024-06-26,+918277942849,"109, Station Road, Mumbai",9336c1f09a4721d0,21766.85
ACC_00140,2024-04-02,+918185866089,"321, Nehru Street, Hyderabad",34ff346f1dfed39c,25299.28
ACC_00141,2024-09-06,+918916397406,"291, Market Street, Lucknow",6c68d768451dc2e7,89228.72
ACC_00142,2021-04-24,+918346914028,"492, Civil Lines, Lucknow",759856c373f3dc27,67569.24
ACC_00143,2025-07-12,+917566136629,"266, Ring Road, Lucknow",9e5997933de2e9fa,1036.3
ACC_00144,2025-08-12,+917164804967,"402, MG Road, Mumbai",b9935907bfab5170,39738.08
ACC_00145,2025-04-30,+919045087150,"75, Ring Road, Bangalore",1fd4647844b6e6c5,9483.32
ACC_00146,2021-10-22,+918446107101,"355, Nehru Street, Mumbai",8ff225262d603f94,1083.73
ACC_00147,2025-03-23,+919594303921,"112, Lake View, Hyderabad",6685340c03433d58,43457.04
ACC_00148,2024-09-18,+919145744512,"485, Station Road, Lucknow",18566185eda4adfa,6831.84
ACC_00149,2025-11-20,+919108644780,"365, Station Road, Jaipur",f24f9a1b8d013f44,119788.94
ACC_00150,2022-03-26,+917293724717,"108, Civil Lines, Jaipur",37bd44efbc6df7c3,20953.44
ACC_00151,2025-08-29,+919572951794,"170, Nehru Street, Mumbai",25e2810edbf88ac6,443052.99
ACC_00152,2025-07-11,+918059067145,"442, Hill Road, Hyderabad",a910bf5aafbb1f46,14671.46
ACC_00153,2024-10-10,+919056185126,"307, Nehru Street, Chennai",5f06302c4efa283e,69897.51
ACC_00154,2025-04-01,+918545400129,"378, Nehru Street, Jaipur",6ac0958f429f36d0,2863.03
ACC_00155,2018-02-26,+919787487895,"368, MG Road, Chennai",94ecb6b40b24109a,42235.43
ACC_00156,2023-11-06,+917055863798,"66, Gandhi Nagar, Mumbai",be03e399d624f22b,239265.29
ACC_00157,2026-01-07,+917489979845,"224, Station Road, Bangalore",c254d204ea4f6a9b,500.0
ACC_00158,2023-01-28,+918520868282,"337, Nehru Street, Bangalore",57eea7d8418a9258,87900.4
ACC_00159,2023-08-15,+918693652155,"247, Lake View, Delhi",b5d21cc263721425,1601029.85
ACC_00160,2024-07-12,+917335280935,"260, Ring Road, Pune",8e472130705529f1,16995.32
ACC_00161,2025-07-07,+917818866586,"97, Civil Lines, Chennai",ba3f7045066dca6b,23876.0
ACC_00162,2025-06-03,+919799930687,"157, MG Road, Ahmedabad",be062f1820a6eb56,29515.06
ACC_00163,2024-07-21,+917108894082,"47, Gandhi Nagar, Kolkata",c79b838801c5823b,70109.35
ACC_00164,2024-08-22,+919913580832,"196, Ring Road, Hyderabad",11bd11c704de3260,24198.54
ACC_00165,2018-03-15,+918825154756,"283, Lake View, Hyderabad",8cb61f4aa982d493,109392.01
ACC_00166,2022-05-04,+917790347942,"83, Civil Lines, Lucknow",4b5fd628424d47f1,39789.43
ACC_00167,2025-11-16,+917356032100,"131, Ring Road, Bangalore",6e3109131291e2c9,36271.89
ACC_00168,2023-12-15,+919762868158,"44, Ring Road, Delhi",25054d5acb0c9b4c,1696.23
ACC_00169,2024-02-19,+918773174889,"20, Station Road, Kolkata",d54f90b269b51389,530574.2
ACC_00170,2023-09-16,+919507108634,"31, Park Avenue, Chennai",f841365600a03c31,23276.7
ACC_00171,2023-12-15,+917796972000,"483, Gandhi Nagar, Pune",a3d331e1864b3abd,11111.83
ACC_00172,2024-11-24,+917089434063,"254, MG Road, Ahmedabad",d5ff15edb17b9aaf,2372.4
ACC_00173,2024-07-10,+918465103098,"210, MG Road, Delhi",5272cde82fd07d3b,3195.95
ACC_00174,2026-01-18,+917922885455,"303, Gandhi Nagar, Kolkata",a79cc60421cae7b8,2052.37
ACC_00175,2024-06-08,+917973931000,"280, Park Avenue, Bangalore",3981925172c7e1ae,50331.51
ACC_00176,2025-05-30,+918488866227,"421, MG Road, Lucknow",cea2f033f3c12dce,56778.45
ACC_00177,2022-10-15,+917921071095,"70, Market Street, Hyderabad",cccf2cc1fd0bd31a,37968.57
ACC_00178,2023-04-01,+919971481135,"431, Market Street, Jaipur",2f6149f4623d92f8,
ACC_00179,2022-03-28,+917450388669,"286, Ring Road, Lucknow",4a09c99d0d96bb20,171643.85
ACC_00180,2022-09-09,+919297343241,"126, Ring Road, Chennai",73aba9a625bab3ff,47813.07
ACC_00181,2024-10-20,+917808626446,"23, Nehru Street, Ahmedabad",aa315067af341be1,78112.5
ACC_00182,2023-08-29,+918835534357,"298, Gandhi Nagar, Ahmedabad",e0462603def1cefd,20829.51
ACC_00183,2025-04-24,+917590792394,"269, Civil Lines, Hyderabad",2215326b1f11300c,202835.14
ACC_00184,2026-03-29,+917318114667,"35, MG Road, Kolkata",953e67f0dd7da47e,23480.99
ACC_00185,2022-09-27,+919014628498,"378, Nehru Street, Lucknow",74c23396abe5b9f6,63510.12
ACC_00186,2023-02-13,+917856409991,"395, Market Street, Kolkata",1df1dddc06b4483e,52259.52
ACC_00187,2026-01-26,+918780368816,"480, Lake View, Bangalore",ecfffba5ef858b0d,55511.92
ACC_00188,2024-12-07,+919832430939,"492, Gandhi Nagar, Lucknow",cc28948a340015ef,102885.46
ACC_00189,2025-01-26,+917152832266,"465, Ring Road, Kolkata",c904683002dc8da0,5128.52
ACC_00190,2024-01-28,+917168475185,"266, Market Street, Kolkata",75eb9e673eddc57b,98116.23
ACC_00191,2025-05-25,+918195138499,"282, Ring Road, Chennai",ad825a4b127bf3c1,22565.88
ACC_00192,2025-03-28,+919874277736,"454, Lake View, Delhi",d2527698aae604fd,
ACC_00193,2025-08-15,+919813375079,"147, Lake View, Pune",ea7c45ade1ab9210,606804.12
ACC_00194,2023-04-09,+917346225711,"373, Gandhi Nagar, Pune",cc5fc9a7bea02887,85638.4
ACC_00195,2024-01-18,+918859747939,"131, Hill Road, Jaipur",3b7a3419e18fba4c,15983.38
ACC_00196,2024-07-28,+918911779558,"446, Market Street, Kolkata",87481a11bb97b33c,105710.57
ACC_00197,2025-06-10,+917305509999,"72, Park Avenue, Kolkata",76c5e0cddbbdf838,1631.96
ACC_00198,2021-10-05,+918674029750,"411, Civil Lines, Lucknow",0daba782d92a8153,23602.01
ACC_00199,2023-11-19,+918766321626,"248, Ring Road, Jaipur",7d11c3fb4e146a2c,19735.46
ACC_00200,2024-03-22,+917794446522,"146, Ring Road, Jaipur",003037a422b0f62b,182634.65
ACC_00201,2024-07-04,+918227343796,"283, Lake View, Delhi",50cee7f86d55719f,9743.21
ACC_00202,2026-03-03,+917905373600,"307, Lake View, Hyderabad",fe11de01a2cce4f8,12230.17
ACC_00203,2024-08-15,+917259141646,"291, Hill Road, Bangalore",67f9189fe3dc8a19,167646.08
ACC_00204,2023-10-15,+917096448184,"471, Nehru Street, Lucknow",66f6462117e4a90d,9156.48
ACC_00205,2017-01-05,+918928411291,"37, Gandhi Nagar, Chennai",5f97eb87c0ce3a5a,28106.92
ACC_00206,2025-08-14,+917503813941,"127, Market Street, Jaipur",1a62f1fe24332f54,26322.91
ACC_00207,2024-05-19,+917544569323,"129, Market Street, Mumbai",9c466c486e46a659,1540.52
ACC_00208,2022-04-02,+917098808043,"18, Market Street, Pune",2535cf5f44aa807a,4684.21
ACC_00209,2025-11-24,+917301566003,"14, MG Road, Pune",d167707ab35feb85,30221.14
ACC_00210,2025-01-31,+918064175962,"277, Lake View, Delhi",1621514f2cbbfe19,28081.86
ACC_00211,2025-02-12,+918617003130,"418, Market Street, Mumbai",8d6ef2654130d0c4,3810.76
ACC_00212,2025-09-24,+918353483461,"298, Hill Road, Delhi",9d6592de05042998,1533.72
ACC_00213,2026-02-23,+917764355164,"217, Station Road, Lucknow",f42669a90ff09efa,36218.04
ACC_00214,2020-07-10,+919581428835,"226, Lake View, Hyderabad",4940a08b7f028124,94050.59
ACC_00215,2021-07-07,+917628281843,"185, Lake View, Jaipur",c2cbe46172b05ab4,39228.27
ACC_00216,2022-10-20,+918982604586,"100, Market Street, Mumbai",791c105d2baca11d,51046.58
ACC_00217,2020-08-21,+917108666992,"445, Park Avenue, Mumbai",38b79592e12bf11f,2795.97
ACC_00218,2023-06-13,+917987224610,"166, Gandhi Nagar, Hyderabad",4f916cd53aecf05f,60716.35
ACC_00219,2023-02-21,+919923502676,"434, Hill Road, Pune",79a23c89d2335383,18745.32
ACC_00220,2025-11-10,+919616949431,"75, Lake View, Pune",51b1e591eb774449,71632.12
ACC_00221,2025-04-19,+917507847265,"295, Gandhi Nagar, Kolkata",a76bd5bc68938168,6801.5
ACC_00222,2025-11-16,+917733881397,"328, MG Road, Delhi",baf4bf3e400cb48c,3031.18
ACC_00223,2024-02-17,+917563649434,"74, Park Avenue, Lucknow",acaf51d0b212d537,13377.59
ACC_00224,2024-10-23,+919780833106,"271, Nehru Street, Chennai",4d18d3fc23e32a82,9502.66
ACC_00225,2025-06-09,+917653836175,"358, Hill Road, Jaipur",2359ec39cc664517,770.81
ACC_00226,2025-07-29,+919784170738,"411, Station Road, Chennai",1457ba4a5c5ecfda,73209.37
ACC_00227,2026-03-16,+917209436317,"43, Nehru Street, Ahmedabad",7db5fc60752e62fa,7143.18
ACC_00228,2022-08-10,+917274679502,"291, Nehru Street, Hyderabad",3c83b81cbfa3e77e,13464.63
ACC_00229,2024-06-24,+918133966018,"189, MG Road, Chennai",d83ec0524240f830,1998.35
ACC_00230,2024-06-17,+918167139954,"375, Gandhi Nagar, Lucknow",0df248632909ef04,6792.76
ACC_00231,2021-10-21,+917593347941,"76, Ring Road, Bangalore",e94ac3e01882b220,30729.37
ACC_00232,2023-07-03,+917950112446,"9, Lake View, Lucknow",daed9ed4e49385b3,61792.56
ACC_00233,2025-04-24,+917907551096,"390, Ring Road, Ahmedabad",05232b74d893b116,96845.39
ACC_00234,2024-04-27,+917795044530,"42, Nehru Street, Chennai",8382256a12850f47,22468.17
ACC_00235,2024-03-04,+917844077588,"151, Hill Road, Bangalore",5eab39513a05600e,6296.34
ACC_00236,2023-05-05,+919372543482,"227, MG Road, Delhi",3fc1dec7cd211a05,5424.29
ACC_00237,2024-08-22,+918713569459,"421, Lake View, Mumbai",47c7297c2e6a14e8,14255.55
ACC_00238,2022-04-24,+917888399062,"92, Nehru Street, Mumbai",f42dfc3b72ae5a89,1655.68
ACC_00239,2025-10-08,+919831210418,"72, MG Road, Ahmedabad",7002c1250d979630,141102.3
ACC_00240,2025-11-03,+918023386755,"21, Station Road, Jaipur",d4fa94cbd0511f10,
ACC_00241,2023-08-05,+917432631144,"72, Lake View, Bangalore",9c5121550a70d2c4,
ACC_00242,2024-12-19,+917929112596,"461, Ring Road, Lucknow",bd5684dfb32cc4c9,38351.88
ACC_00243,2019-06-29,+919557249004,"374, Gandhi Nagar, Chennai",b5b9cb9d1a84d98c,15657.51
ACC_00244,2024-04-17,+918944281789,"173, Park Avenue, Delhi",4c098b2221987a8a,1211833.51
ACC_00245,2025-09-30,+919757479695,"393, Gandhi Nagar, Delhi",50d97b076d97cb1c,108696.43
ACC_00246,2025-10-27,+917111930876,"44, Station Road, Jaipur",6a1eeefa5271774e,51399.1
ACC_00247,2025-12-08,+919290233879,"163, Station Road, Lucknow",19f17b8368b8ebf0,3125.44
ACC_00248,2024-03-09,+918993920571,"18, Gandhi Nagar, Delhi",31333d9ce0f5fdeb,9676.75
ACC_00249,2023-01-23,+919898890660,"185, Market Street, Lucknow",0335d2fc1e5f03f4,
ACC_00250,2021-06-30,+917076504691,"161, MG Road, Delhi",19214c2a3418d39c,10645.62
ACC_00251,2024-03-05,+919123042728,"71, Ring Road, Pune",967149ac4fbfe910,81513.43
ACC_00252,2025-09-30,+918574002527,"281, Ring Road, Jaipur",63d68c98f666c4c9,36162.55
ACC_00253,2025-02-15,+919321549282,"445, MG Road, Pune",3b381ae0876bc7ec,4032.01
ACC_00254,2023-01-17,+918038643365,"432, Lake View, Delhi",a6b66b8f0fe8908c,11977.67
ACC_00255,2025-05-25,+918521745896,"306, MG Road, Kolkata",86463d0c35f4092b,485385.51
ACC_00256,2023-11-14,+919833588995,"72, Gandhi Nagar, Jaipur",ad2441a8ca758ee0,112553.27
ACC_00257,2023-04-17,+918320878592,"262, Park Avenue, Lucknow",1d2326651d84ac08,24250.81
ACC_00258,2024-03-04,+918852060199,"116, Park Avenue, Kolkata",8b6a9a6efc3e5c0e,13065.69
ACC_00259,2024-10-29,+919075931828,"462, Park Avenue, Jaipur",a7ca851d58483ce6,6577.58
ACC_00260,2024-08-13,+917563575643,"24, MG Road, Jaipur",ce3b101057cff8f5,23040.52
ACC_00261,2023-11-30,+917105272297,"317, Market Street, Bangalore",dcd051f4e3403898,
ACC_00262,2025-06-17,+918859143802,"242, Nehru Street, Ahmedabad",00b6c58b98578d04,6677.39
ACC_00263,2025-08-18,+918692888616,"170, Market Street, Mumbai",1f5906c203e5e0f3,3389.91
ACC_00264,2026-03-29,+919567887524,"185, Station Road, Pune",9c5f4de5c9d36f05,4193.32
ACC_00265,2016-09-27,+918701328095,"215, Ring Road, Kolkata",43c8b104bebc70ff,48418.82
ACC_00266,2024-10-12,+918630054251,"264, Lake View, Kolkata",0a82e098d807e3ac,430796.22
ACC_00267,2026-02-18,+917493136177,"314, Market Street, Bangalore",6a4fe5f1f48ef369,197343.03
ACC_00268,2024-03-01,+918412856414,"487, Civil Lines, Delhi",9278d753cd15d1d3,1281.8
ACC_00269,2025-03-05,+919133208060,"302, Lake View, Mumbai",8d7092a0bdbff8eb,83618.44
ACC_00270,2025-10-20,+917921155747,"141, Nehru Street, Pune",666e94f30a9c1cf6,191227.46
ACC_00271,2024-09-11,+917342317942,"242, Market Street, Ahmedabad",70b8cac9d678e0ae,43112.68
ACC_00272,2025-04-06,+919043821540,"144, Gandhi Nagar, Delhi",98d4ffdfeffffaa5,22446.0
ACC_00273,2026-02-11,+917046076982,"445, Civil Lines, Kolkata",1b465629919779cc,16644.96
ACC_00274,2024-05-28,+919326891008,"442, Gandhi Nagar, Kolkata",7ff44639b847d386,14770.75
ACC_00275,2023-04-02,+918513797848,"267, Hill Road, Bangalore",d1280b644adfc743,40726.2
ACC_00276,2025-12-10,+918620791744,"102, Market Street, Chennai",e677b1f0b8a70854,71498.48
ACC_00277,2023-11-16,+917633662982,"167, Station Road, Lucknow",45c064109576bc5c,35014.01
ACC_00278,2025-05-02,+917004050365,"86, Civil Lines, Hyderabad",8da73ba76d5bb8c0,1537.0
ACC_00279,2023-07-30,+917713141065,"376, Civil Lines, Hyderabad",c291808a78607cde,6986.65
ACC_00280,2025-03-22,+919010279521,"407, Park Avenue, Jaipur",121a1355c000b181,106735.85
ACC_00281,2025-01-25,+918425622134,"283, Lake View, Kolkata",aabf27ff05060633,14833.08
ACC_00282,2021-10-20,+919711494674,"84, Market Street, Lucknow",0d09f08d937ad7c5,23800.87
ACC_00283,2024-11-27,+919583294578,"438, Market Street, Chennai",1ad8b6d33bfe1b7a,11565.61
ACC_00284,2024-01-10,+917453515015,"494, Park Avenue, Chennai",ff5a7f7f34c28b3a,425186.07
ACC_00285,2024-07-15,+918984858958,"409, Park Avenue, Ahmedabad",268c9dc547756119,1132261.32
ACC_00286,2025-11-13,+917584686453,"480, Lake View, Delhi",4d8158b9467a1af9,5783.16
ACC_00287,2023-10-30,+917820472148,"66, MG Road, Bangalore",9b2cf8128ee02492,6057.03
ACC_00288,2021-12-04,+917412669041,"111, MG Road, Ahmedabad",f59d63e913e31683,33628.59
ACC_00289,2025-08-06,+919168801994,"143, Gandhi Nagar, Delhi",13a0bb1e14cac303,7069.76
ACC_00290,2025-07-25,+917119825774,"218, Gandhi Nagar, Chennai",824c6df99fefff2b,15660.06
ACC_00291,2024-06-25,+918272051293,"468, Nehru Street, Jaipur",e1608293101e50ae,127340.42
ACC_00292,2025-10-15,+918031130230,"277, Nehru Street, Bangalore",c453fbad3f68b9b3,19796.28
ACC_00293,2020-05-25,+917005789123,"72, MG Road, Jaipur",fc175e577b337dc7,224827.41
ACC_00294,2025-04-12,+917764317271,"421, Hill Road, Hyderabad",21d59e0f8690cc03,34602.1
ACC_00295,2025-03-14,+919114620402,"53, Nehru Street, Pune",ec24416875526a8d,7346.56
ACC_00296,2025-03-18,+917914734035,"460, Lake View, Chennai",08a4c18027eed51e,31348.9
ACC_00297,2025-04-11,+918594284515,"395, Lake View, Bangalore",6cf289b7250157bc,34339.43
ACC_00298,2026-01-11,+917572655438,"415, Station Road, Bangalore",ec9eabc1a1433afd,1328.45
ACC_00299,2025-11-20,+918780020375,"67, Civil Lines, Kolkata",218299e274bc5489,35332.71
ACC_00300,2024-06-16,+919861549668,"286, Station Road, Lucknow",1057ce7e30008b66,181665.67
ACC_00301,2026-01-21,+918743741067,"5, Nehru Street, Bangalore",00ddf672ad7334b1,56457.35
ACC_00302,2026-02-23,+917042379724,"423, Park Avenue, Ahmedabad",de32bf73e467a903,4574.44
ACC_00303,2025-07-31,+917484735872,"143, Gandhi Nagar, Lucknow",befa44244e677dc5,35761.42
ACC_00304,2025-11-12,+917580156078,"212, Civil Lines, Ahmedabad",cbcaf400e6f2343e,114551.07
ACC_00305,2024-08-23,+918969642354,"157, Ring Road, Jaipur",ca7cc7b97125c8c8,20416.91
ACC_00306,2023-02-05,+918322980882,"474, Station Road, Kolkata",8e156d720a6abf02,8574.79
ACC_00307,2025-07-21,+918347153331,"293, Gandhi Nagar, Delhi",4286137692dc36be,30610.67
ACC_00308,2025-03-18,+918312028586,"324, Park Avenue, Pune",84743b32ad4a11e6,6575.61
ACC_00309,2023-12-17,+917534402430,"239, Station Road, Ahmedabad",85e0112002bc583c,8313.15
ACC_00310,2025-09-21,+918976276966,"235, Nehru Street, Chennai",fb9ce09ea5dbb03e,32360.32
ACC_00311,2024-05-22,+919303572125,"434, Lake View, Chennai",d9abb62daab7ca05,5819.18
ACC_00312,2025-08-21,+918437820145,"258, Civil Lines, Kolkata",9bffcea56560d58e,21452.64
ACC_00313,2025-07-05,+918171454968,"398, MG Road, Mumbai",b693e47a83e2e081,83626.87
ACC_00314,2023-12-26,+917160201140,"4, Park Avenue, Lucknow",a7c1db5c32ed74bd,108582.27
ACC_00315,2025-02-07,+918196106262,"268, Hill Road, Hyderabad",a6fd41640edd2bf8,3555.68
ACC_00316,2022-12-31,+917382158364,"440, Hill Road, Chennai",b82909ed66ad7316,11361.98
ACC_00317,2024-04-06,+919507655051,"495, Lake View, Lucknow",16a38ec726973f03,28464.35
ACC_00318,2024-01-16,+917570182659,"269, Park Avenue, Ahmedabad",688353d2f09fcfaa,6548.91
ACC_00319,2023-08-31,+919053580934,"154, MG Road, Ahmedabad",666c6e76f427dc49,13954.19
ACC_00320,2024-08-21,+919196955265,"353, MG Road, Pune",c9b056ed5c96fc09,17691.31
ACC_00321,2026-03-12,+917790027075,"156, MG Road, Lucknow",5d7cba15017e56b6,38719.72
ACC_00322,2024-02-02,+919868562243,"290, Civil Lines, Ahmedabad",96206a5948881d71,34760.11
ACC_00323,2025-08-27,+919104579084,"431, MG Road, Bangalore",0afc155211fffaa5,40737.46
ACC_00324,2024-04-29,+919712184912,"454, Civil Lines, Bangalore",c75dc89a8a8d3c09,530997.44
ACC_00325,2024-06-16,+917897109425,"344, Ring Road, Hyderabad",e044dfce3be827c9,49558.76
ACC_00326,2024-01-19,+917698163576,"130, Market Street, Jaipur",7cbeca24100cc90c,23778.33
ACC_00327,2025-08-11,+918652893245,"161, MG Road, Mumbai",b8c3c07f97e620e0,8082.35
ACC_00328,2025-01-04,+917074843155,"291, Ring Road, Jaipur",e4b7684404128056,6168.51
ACC_00329,2025-05-22,+918477789340,"446, Gandhi Nagar, Kolkata",e2126ac4aa9d0aa9,6729.11
ACC_00330,2023-05-23,+918766312347,"220, Station Road, Ahmedabad",095b203380b498bf,36826.42
ACC_00331,2025-03-12,+917078628069,"388, Nehru Street, Bangalore",aa7c5a14d47a52bc,182165.93
ACC_00332,2025-05-25,+918078017101,"273, Park Avenue, Kolkata",d56a58b17ef25cf9,24640.96
ACC_00333,2024-11-25,+919757666296,"186, Ring Road, Ahmedabad",4ea86781e63a9458,507627.73
ACC_00334,2023-12-09,+918931269046,"90, Lake View, Kolkata",0502d00e58d2c9b4,2054765.28
ACC_00335,2026-03-17,+918727500854,"3, Lake View, Jaipur",bd8354ad1d2a98b3,101957.95
ACC_00336,2025-06-09,+918144046703,"143, Lake View, Ahmedabad",7fb3e6a6fcbded1e,5763.88
ACC_00337,2023-06-13,+919473507701,"327, Park Avenue, Chennai",8394968fcc8d24f6,413345.37
ACC_00338,2023-09-08,+918943699759,"468, Park Avenue, Delhi",d1e0a3bb4a60dd47,4005.99
ACC_00339,2024-03-12,+917534557301,"56, Market Street, Bangalore",75d289320d9b0029,12448.44
ACC_00340,2024-07-25,+918337906960,"10, Hill Road, Hyderabad",f69fa576654d5281,4812.14
ACC_00341,2024-12-25,+919923676420,"61, Lake View, Delhi",2ab7512511c32d91,17984.57
ACC_00342,2023-08-16,+917141900236,"362, Civil Lines, Kolkata",4ccc65401ad419f8,4886.19
ACC_00343,2024-09-01,+917146002363,"94, MG Road, Hyderabad",25d2174e9e5278b6,2706.75
ACC_00344,2021-11-18,+917004892542,"173, Gandhi Nagar, Delhi",44cbe6e25c681bb2,15209.43
ACC_00345,2024-12-24,+918981751025,"106, MG Road, Kolkata",b090440d292d7a58,96689.59
ACC_00346,2025-08-08,+918467687200,"340, Hill Road, Kolkata",83157eae80343fd1,10148.31
ACC_00347,2025-11-11,+917103391303,"102, Park Avenue, Bangalore",4f87da86528285e3,308451.81
ACC_00348,2026-02-03,+919813015759,"428, Ring Road, Bangalore",be9263f470a21930,72795.95
ACC_00349,2025-08-28,+918536559259,"142, Gandhi Nagar, Kolkata",e860e1f0ca540fa4,17336.7
ACC_00350,2025-12-10,+917813822217,"352, Hill Road, Lucknow",6e68df5df3fd678b,188568.32
ACC_00351,2023-10-13,+919984410272,"96, Gandhi Nagar, Ahmedabad",b04cb3d633159bc4,1367.59
ACC_00352,2025-08-08,+918722891862,"145, Hill Road, Jaipur",5445605cac14673a,318557.31
ACC_00353,2024-06-16,+917919441131,"428, Gandhi Nagar, Mumbai",f5660ac14fc658c2,26295.56
ACC_00354,2026-01-09,+917856526974,"140, Park Avenue, Hyderabad",0c4eb270528b16f1,37944.87
ACC_00355,2024-03-17,+919940675782,"222, Market Street, Chennai",e7d8178ffb7a5116,11074.36
ACC_00356,2024-06-09,+917191713356,"97, Ring Road, Chennai",b2a9c102eccca461,67097.86
ACC_00357,2024-10-13,+918815530549,"387, Park Avenue, Delhi",2cefcb9469dde395,9640.95
ACC_00358,2020-02-19,+917628298508,"227, Market Street, Chennai",ee0a3033e77195c2,71727.3
ACC_00359,2025-11-09,+917636551386,"272, Park Avenue, Hyderabad",3d50dc6c1791d4f7,215192.23
ACC_00360,2025-10-17,+919212675167,"107, Lake View, Ahmedabad",600cf34bacf9a3be,11247.55
ACC_00361,2025-08-12,+918956795378,"498, Civil Lines, Lucknow",93221a1f58de2f97,155825.99
ACC_00362,2022-02-22,+918506408706,"158, Gandhi Nagar, Delhi",c7afe5d46d6d3a97,5381.14
ACC_00363,2025-02-22,+918784108014,"229, Park Avenue, Hyderabad",490fd5bfe03ecbfb,32793.2
ACC_00364,2026-03-22,+918657154366,"225, Gandhi Nagar, Hyderabad",5681796281a96462,52209.57
ACC_00365,2021-01-03,+917996638335,"338, Ring Road, Jaipur",fb57025e2d7bcfd3,27783.24
ACC_00366,2025-04-14,+917413698746,"214, Station Road, Ahmedabad",6e86bf0b7b124250,635874.63
ACC_00367,2025-01-15,+917371306623,"443, Gandhi Nagar, Bangalore",9ca2d88d41461956,32166.28
ACC_00368,2025-07-18,+918663258791,"396, Gandhi Nagar, Pune",f9a6ea100d3ba92d,28818.06
ACC_00369,2024-08-21,+919085115162,"320, Civil Lines, Chennai",ab82666f288ece4a,13216.76
ACC_00370,2025-09-24,+919671246304,"90, Ring Road, Jaipur",25455fa664f6ba08,2132.24
ACC_00371,2025-10-01,+918119952106,"374, Station Road, Kolkata",a78badfe82413b6a,11257.67
ACC_00372,2025-07-17,+917860076075,"265, Market Street, Jaipur",4eccc7c388c6e436,12332.27
ACC_00373,2025-08-06,+917160052946,"314, Civil Lines, Lucknow",00790009b40b8850,68673.59
ACC_00374,2026-02-23,+918297392570,"429, Lake View, Bangalore",75f052067460b603,4783.93
ACC_00375,2023-11-26,+918853474574,"310, Lake View, Kolkata",3a30e25ed4adbb85,13602.19
ACC_00376,2026-02-20,+918950496372,"156, Market Street, Delhi",2ccbe699375145fb,47219.54
ACC_00377,2025-12-12,+919990231050,"177, Lake View, Kolkata",62ba4bca383e1630,4237.01
ACC_00378,2022-07-30,+918836321618,"266, MG Road, Bangalore",c01b370c03b56546,4216.64
ACC_00379,2024-11-17,+917969850094,"317, Nehru Street, Kolkata",d348d9a2a2421d74,141618.88
ACC_00380,2024-10-11,+919301454421,"95, Lake View, Jaipur",c427626b9223f0e0,33584.16
ACC_00381,2021-07-18,+919420010274,"113, Ring Road, Hyderabad",48ce3e1ca38abf99,5614.08
ACC_00382,2025-06-21,+918301952046,"73, Gandhi Nagar, Lucknow",30fe9046c95c83bc,17294.71
ACC_00383,2022-09-27,+918463928493,"237, Station Road, Delhi",bdea8369206fef80,54903.69
ACC_00384,2025-04-16,+918031001944,"226, Nehru Street, Delhi",ccfc0ece4fd1bb34,11276.23
ACC_00385,2026-01-26,+919476406498,"429, Station Road, Jaipur",c5e4ae70af039a51,33304.75
ACC_00386,2023-08-04,+919300104760,"204, Lake View, Kolkata",b766ab9198b1c75a,14959.05
ACC_00387,2023-08-03,+917898940688,"330, Gandhi Nagar, Chennai",926e1be64611e25a,271481.02
ACC_00388,2025-11-09,+917993534734,"39, Ring Road, Ahmedabad",57725075da34060e,18376.85
ACC_00389,2023-09-26,+918768591782,"39, Nehru Street, Lucknow",614e4f25110f76f4,4079.74
ACC_00390,2024-12-01,+919229761483,"88, Ring Road, Mumbai",5cb385a1bd707426,
ACC_00391,2025-03-04,+919186416859,"265, Park Avenue, Jaipur",fd0bdb69983b495d,917.22
ACC_00392,2024-04-19,+917771913962,"347, Station Road, Jaipur",c307dcb5e6dcd471,5033.78
ACC_00393,2024-06-24,+919888081555,"160, Park Avenue, Pune",a7407e25f2644a00,21987.84
ACC_00394,2025-01-29,+918326847094,"27, MG Road, Chennai",52497b1225c9344c,83703.89
ACC_00395,2023-07-16,+917820897517,"70, Civil Lines, Bangalore",5efa60f267fa1327,58746.06
ACC_00396,2024-10-21,+917117771113,"402, Park Avenue, Ahmedabad",50e29b7cbe572138,22462.01
ACC_00397,2025-06-09,+919194614995,"164, Ring Road, Jaipur",22fbec4b050134ff,26082.94
ACC_00398,2025-09-30,+918700656252,"365, Market Street, Lucknow",eabf49f2fbdf21f8,8637.07
ACC_00399,2023-01-10,+918625874082,"431, Nehru Street, Kolkata",95dfbbea6b3f9e73,19186.0
ACC_00400,2025-01-05,+918078660229,"316, MG Road, Lucknow",5f4a84ff699a0eaf,39259.76
ACC_00401,2024-06-11,+917107591061,"204, Market Street, Chennai",230607daa461c1d6,89809.84
ACC_00402,2025-03-10,+919227707184,"142, Gandhi Nagar, Hyderabad",d45938fe181b7d8d,2969.43
ACC_00403,2023-12-17,+918747289203,"189, MG Road, Kolkata",15a7e595f1c555ae,167837.8
ACC_00404,2025-06-27,+918786912252,"326, Nehru Street, Bangalore",fec291365cd00a2e,15397.72
ACC_00405,2024-09-22,+919991079083,"411, MG Road, Pune",463b691bb1e35f48,35857.8
ACC_00406,2026-02-03,+917566837250,"28, Market Street, Kolkata",cc2ca8163bd0d5e6,85396.95
ACC_00407,2022-10-12,+918121959326,"344, MG Road, Mumbai",6e24a843f8a84702,8170.33
ACC_00408,2024-06-28,+917328856474,"387, Hill Road, Chennai",95326d0474b1b8ac,6985.68
ACC_00409,2024-12-19,+919767421791,"466, Station Road, Kolkata",456d0c1ebb297471,6977.3
ACC_00410,2025-10-26,+918431411543,"102, MG Road, Lucknow",84f4ca30944a328c,16883.43
ACC_00411,2025-09-21,+917017550067,"20, Lake View, Pune",98adddd6ec1eed0a,6493.58
ACC_00412,2023-05-02,+917318652344,"148, MG Road, Chennai",476bd81a7e8add82,29205.46
ACC_00413,2025-07-05,+917384874272,"49, Park Avenue, Pune",80264e953e01c8f1,
ACC_00414,2025-04-13,+919237655485,"458, Hill Road, Jaipur",6e8f0bbaf6d3e6ae,9652.54
ACC_00415,2024-12-05,+917338148198,"171, Ring Road, Pune",db693a21887e9508,13698.83
ACC_00416,2025-03-22,+919943335805,"241, Station Road, Hyderabad",20ae7a2497b86b73,244413.07
ACC_00417,2022-08-03,+919863703539,"365, Nehru Street, Hyderabad",5a273715098aae8c,13792.18
ACC_00418,2023-08-06,+918304389096,"300, MG Road, Pune",52dccd63151d3be5,88507.25
ACC_00419,2024-12-18,+919610578045,"152, Lake View, Chennai",8669bc4d4f0577de,7888.21
ACC_00420,2025-07-12,+918706079452,"439, MG Road, Delhi",3280cff2678045f4,45503.84
ACC_00421,2024-09-11,+918783481062,"162, Civil Lines, Ahmedabad",1d63ed42a5a1ec1d,307628.97
ACC_00422,2025-11-13,+919033440584,"457, MG Road, Hyderabad",6f63044dc825ebbc,73877.95
ACC_00423,2025-10-02,+917882075936,"354, Hill Road, Mumbai",36d476285942413d,5021.66
ACC_00424,2025-08-20,+918635538404,"321, Station Road, Kolkata",252460d053459a7d,16136.8
ACC_00425,2025-11-20,+919006084287,"257, Gandhi Nagar, Delhi",48dfe88b99615cba,10196.73
ACC_00426,2025-05-13,+917840245808,"92, Civil Lines, Jaipur",e446fe6844a8b35f,186896.83
ACC_00427,2024-08-12,+917873084640,"264, Station Road, Delhi",93ff1b50414aef73,7490.36
ACC_00428,2024-09-26,+918870699621,"451, Lake View, Delhi",699e8d4e7990cfb2,3619.08
ACC_00429,2025-07-25,+917313850338,"446, Gandhi Nagar, Pune",f26babd4dbb6d284,46193.02
ACC_00430,2022-01-29,+919501407361,"32, Civil Lines, Ahmedabad",a2fb28c54ab8e116,29551.75
ACC_00431,2022-12-31,+917594894035,"257, Ring Road, Bangalore",9ad7698f6d25f282,4526.65
ACC_00432,2024-05-03,+917967609264,"156, Gandhi Nagar, Delhi",692cb8e9730a7a03,16608.44
ACC_00433,2025-03-03,+919593144298,"394, Nehru Street, Jaipur",7d11c9dba6ac301e,44547.2
ACC_00434,2024-03-13,+918828466660,"113, Station Road, Ahmedabad",1bfca99ec2453f28,1755.11
ACC_00435,2021-06-17,+918848921286,"416, Market Street, Jaipur",829dab1ef567b646,21742.56
ACC_00436,2022-09-20,+919986578535,"92, Park Avenue, Delhi",4f72817a9851ccd9,6192.22
ACC_00437,2025-04-16,+917342553211,"51, Hill Road, Kolkata",2f590e7ade200af3,38883.11
ACC_00438,2025-07-02,+919115793648,"184, MG Road, Chennai",cb00a79673da43f3,13962.05
ACC_00439,2025-09-30,+919536559812,"240, Market Street, Delhi",8a8fe5c21a88752f,172232.59
ACC_00440,2025-05-10,+918960092858,"116, MG Road, Lucknow",fbb0b6ca5791b97a,14502.94
ACC_00441,2023-05-24,+919824031929,"353, Station Road, Lucknow",9774f65ff4d4d1dc,1040782.06
ACC_00442,2016-09-27,+917092000934,"144, Hill Road, Kolkata",f6535cfd3f87622e,9748.07
ACC_00443,2023-11-04,+917464906978,"56, Park Avenue, Pune",d002d16cff7c9bc4,69462.57
ACC_00444,2024-05-06,+917781707948,"371, Ring Road, Lucknow",d4fcce147d74cb7c,123345.29
ACC_00445,2019-09-19,+917183388206,"270, MG Road, Ahmedabad",03a9481247fbf1d0,10607.6
ACC_00446,2024-10-04,+918587031799,"313, Gandhi Nagar, Pune",de799aceb4c1334f,8966.08
ACC_00447,2021-12-19,+917507900845,"365, Ring Road, Kolkata",7f4216295e5da8b4,11341.35
ACC_00448,2026-01-18,+917684669677,"346, Hill Road, Pune",e87b3ad29e2ce587,13816.79
ACC_00449,2023-08-11,+919497220503,"23, Lake View, Hyderabad",9ba4a6621a4a8b50,14712.52
ACC_00450,2016-09-27,+917224866711,"386, Station Road, Bangalore",ba2731564a37c8dc,4170.82
ACC_00451,2025-07-10,+918502606187,"68, Lake View, Bangalore",31c6daf5b7e5e579,66109.41
ACC_00452,2025-03-26,+919890138047,"489, Lake View, Mumbai",29c6078a275f0149,121212.8
ACC_00453,2025-03-31,+918496003499,"490, Ring Road, Chennai",0195581ebfa08072,454391.33
ACC_00454,2022-08-21,+918391850899,"489, Lake View, Jaipur",5f5ce18307495012,20405.02
ACC_00455,2019-05-11,+919982271407,"184, Ring Road, Hyderabad",1487ebbe9b434fdc,52266.15
ACC_00456,2020-09-02,+918178255678,"159, Gandhi Nagar, Hyderabad",d1a83721d831eb4e,6014.53
ACC_00457,2024-09-23,+919660417816,"439, Park Avenue, Bangalore",4096331faeb076c3,15309.9
ACC_00458,2024-02-05,+917038538745,"52, Ring Road, Delhi",c2d0ae827743f1ef,21372.45
ACC_00459,2026-03-29,+917327171272,"121, Ring Road, Chennai",c8fd90090506a586,78043.16
ACC_00460,2024-09-27,+918607063018,"276, Market Street, Delhi",5651a935db6d9a0a,2508.56
ACC_00461,2024-10-02,+917604703466,"476, Lake View, Hyderabad",7eab182a86f99323,28693.87
ACC_00462,2021-07-15,+917734942576,"485, MG Road, Lucknow",5268519252e49590,534.79
ACC_00463,2025-10-22,+919073819986,"95, Market Street, Delhi",7f05e6f3491bdde4,247746.53
ACC_00464,2026-01-23,+919803582384,"142, Ring Road, Hyderabad",4aa4b19b02bc7413,1879.76
ACC_00465,2025-01-12,+918807445992,"367, Park Avenue, Lucknow",37342be856df2ffc,55291.71
ACC_00466,2024-05-05,+918114507120,"12, MG Road, Lucknow",84dd49ab4932dfce,13983.19
ACC_00467,2023-05-16,+918608216950,"243, Market Street, Mumbai",115faff80cdf18fc,17370.89
ACC_00468,2025-11-11,+919773267107,"16, Station Road, Jaipur",c146ed787660c60d,27811.26
ACC_00469,2025-11-18,+919742605147,"108, Gandhi Nagar, Pune",1cc5acb5e052483a,34032.63
ACC_00470,2025-11-22,+918315278655,"176, MG Road, Mumbai",6e9844452ff6c95a,70688.11
ACC_00471,2023-02-02,+918894420140,"481, Nehru Street, Kolkata",ff55dda7392ea4d0,20617.02
ACC_00472,2025-08-20,+917286503551,"442, Park Avenue, Delhi",3b0f3557946ee04c,27413.97
ACC_00473,2023-03-17,+919457861783,"13, MG Road, Mumbai",347e9cafaecd87ce,2495.99
ACC_00474,2023-09-08,+919341073698,"252, Gandhi Nagar, Lucknow",75b1e7e76eba97d3,965.93
ACC_00475,2025-08-08,+918303614727,"482, Ring Road, Bangalore",87f5432f9a7c199c,8413.15
ACC_00476,2024-07-05,+917030290456,"253, MG Road, Pune",274065f3fc018070,248045.91
ACC_00477,2020-09-13,+917784279032,"202, MG Road, Bangalore",03065d27a3a95cee,36695.8
ACC_00478,2026-01-28,+919987033158,"452, MG Road, Jaipur",ed3aa0c0a6bb1da7,288246.26
ACC_00479,2023-06-09,+919345024399,"137, Ring Road, Hyderabad",02b45a844e235a00,5020.45
ACC_00480,2025-09-04,+917617001169,"192, Lake View, Delhi",8724f220544fe3af,18339.36
ACC_00481,2025-08-12,+918388463402,"69, Ring Road, Chennai",962e8d1eac90b448,22714.59
ACC_00482,2025-01-13,+917956589447,"189, Hill Road, Mumbai",3e66fa5e9f00e9fa,15420.83
ACC_00483,2022-05-08,+919172727726,"56, Gandhi Nagar, Hyderabad",b4bf501659f6d05d,
ACC_00484,2025-11-25,+917354253540,"171, Hill Road, Pune",4706e63458d04dc6,45056.81
ACC_00485,2026-03-29,+918562364577,"299, Hill Road, Chennai",4ea558f9f75ce4df,18422.21
ACC_00486,2025-12-28,+917027236536,"342, Nehru Street, Ahmedabad",0f1242025b5973b4,6083.47
ACC_00487,2025-07-03,+917478323090,"369, Nehru Street, Ahmedabad",489bd9757e4bca3d,15413.24
ACC_00488,2024-01-11,+918727144904,"58, MG Road, Mumbai",bb9ac429928cf7a6,34356.25
ACC_00489,2024-10-11,+917041451513,"329, Park Avenue, Mumbai",8f0e0e5f1a04dd27,1031753.13
ACC_00490,2026-03-25,+919744527044,"34, Nehru Street, Bangalore",481ecb90908e78dc,23048.82
ACC_00491,2024-11-25,+917538111175,"103, Station Road, Mumbai",f4dd7bf842174a9a,491687.15
ACC_00492,2024-05-30,+919998468211,"136, MG Road, Mumbai",84cf158a619ab681,10045.0
ACC_00493,2025-08-03,+918516967668,"137, Ring Road, Delhi",1f7ef59842280ca5,61539.33
ACC_00494,2026-02-06,+917720853689,"463, MG Road, Jaipur",25410459fccddeac,19822.58
ACC_00495,2022-11-05,+918314534871,"359, Lake View, Ahmedabad",e80de508c9cd45b4,2772.85
ACC_00496,2025-10-31,+917041844432,"479, Nehru Street, Jaipur",c2494c60d928b614,4811.48
ACC_00497,2021-07-31,+918221809639,"217, Nehru Street, Jaipur",a5a00f46c73ea7ff,141946.84
ACC_00498,2023-08-01,+917663343510,"273, Station Road, Chennai",476c17208aea914f,141316.61
ACC_00499,2025-04-13,+917800915355,"170, Gandhi Nagar, Bangalore",8e90b35b0338dad5,
ACC_00500,2025-12-19,+917671860586,"396, Park Avenue, Bangalore",b045f15890e5aadc,1077680.93
ACC_00501,2025-06-28,+917077111314,"469, Civil Lines, Delhi",986552c4fcb37cf8,13196.8
ACC_00502,2025-11-20,+918272679850,"358, Ring Road, Chennai",b8f7c5820f889dde,1142.47
ACC_00503,2023-02-18,+918924844259,"341, MG Road, Delhi",5f68489f891b7f65,8336.58
ACC_00504,2024-04-20,+919657925337,"177, Lake View, Hyderabad",4227888b9d382012,109958.07
ACC_00505,2022-08-27,+918670009568,"150, Hill Road, Hyderabad",ffccb922db0b0170,182910.23
ACC_00506,2024-12-18,+918880319226,"192, Ring Road, Kolkata",7b73a122e83f1c1d,5242.66
ACC_00507,2025-02-10,+917103714989,"72, Market Street, Mumbai",18579be7888ea6e5,44016.99
ACC_00508,2021-07-29,+917995682418,"68, Nehru Street, Chennai",2ea4004b4065e015,19647.52
ACC_00509,2025-04-29,+918441108805,"219, Ring Road, Mumbai",d5142b737a922237,8345.48
ACC_00510,2025-11-01,+918078981968,"238, Park Avenue, Jaipur",e74c68c1986d9575,13925.59
ACC_00511,2025-11-18,+918141988782,"34, Nehru Street, Pune",bbef9084de953c13,52792.25
ACC_00512,2025-08-16,+919143026303,"72, Hill Road, Delhi",8070b6ca06a5c3e5,15122.24
ACC_00513,2024-08-22,+919318477142,"44, Civil Lines, Kolkata",16d128e9f729f01e,50467.9
ACC_00514,2023-07-03,+917370518771,"184, Hill Road, Lucknow",193bbc8f277f0d5a,4269.4
ACC_00515,2025-01-12,+918855207312,"396, Civil Lines, Bangalore",cb91d61023272ebe,11759.57
ACC_00516,2025-01-29,+918803654398,"39, Park Avenue, Pune",354ed34688112679,314640.15
ACC_00517,2020-03-21,+917645065064,"166, Gandhi Nagar, Jaipur",e2e137ac7df86dae,3470.59
ACC_00518,2026-01-05,+918701773446,"62, Nehru Street, Delhi",fdbc0894f9d1765e,
ACC_00519,2025-12-01,+919811933910,"443, Park Avenue, Ahmedabad",c5d4d9efa64649e8,1251.72
ACC_00520,2020-03-04,+917041542937,"260, Civil Lines, Hyderabad",336a8d988a92e683,18943.89
ACC_00521,2021-08-17,+919241273787,"286, Hill Road, Hyderabad",514cd5ce50692d99,48417.09
ACC_00522,2024-12-28,+918548412899,"456, Station Road, Chennai",43d2804c7fa42bfc,3591.47
ACC_00523,2024-12-21,+917786316560,"354, Civil Lines, Hyderabad",04256edcc875f709,47919.48
ACC_00524,2022-08-25,+919652831859,"316, Park Avenue, Ahmedabad",53e86803d8bd1cd2,220545.78
ACC_00525,2025-08-21,+917682971239,"269, Ring Road, Delhi",52b255eac6bf4275,392916.04
ACC_00526,2025-05-29,+919115487280,"313, Civil Lines, Mumbai",6fcd69e24546c351,12267.3
ACC_00527,2025-07-20,+917772957473,"126, Lake View, Ahmedabad",d5d3b542988d6d98,743110.15
ACC_00528,2023-04-08,+919670487671,"418, Ring Road, Delhi",0e2cae5489cac4ae,22507.07
ACC_00529,2023-11-25,+917081850278,"18, Lake View, Pune",258f5890dda81cd1,500.0
ACC_00530,2025-11-01,+917002865999,"134, Gandhi Nagar, Hyderabad",5167dbeddd113354,45135.35
ACC_00531,2026-01-26,+917696074860,"490, Civil Lines, Delhi",e010d04ba62f957a,125266.82
ACC_00532,2025-03-09,+919833783201,"292, Nehru Street, Hyderabad",26487e45e3dadc0c,
ACC_00533,2025-01-10,+919347279657,"109, Hill Road, Chennai",9c8061c97c58aaf7,12497.97
ACC_00534,2025-11-05,+919815480123,"316, Market Street, Ahmedabad",b410a5e93c0f0d0a,723393.06
ACC_00535,2026-01-02,+917854295866,"168, MG Road, Bangalore",ddb832500e9980e4,16312.4
ACC_00536,2024-10-04,+919794520259,"479, Lake View, Pune",fd8e600955b61b22,11422.12
ACC_00537,2022-07-08,+919605324635,"109, Gandhi Nagar, Lucknow",fb61350efefb3fe4,69575.06
ACC_00538,2025-02-21,+919030322916,"244, Gandhi Nagar, Bangalore",d5903480b47df743,15824.08
ACC_00539,2025-12-06,+917629419873,"279, MG Road, Ahmedabad",160b9b01e187df6a,1338.64
ACC_00540,2024-04-26,+918277012221,"399, MG Road, Lucknow",65c98c22a52112b7,8148.19
ACC_00541,2024-10-24,+918081664806,"58, Ring Road, Lucknow",9ad9d3926a379a78,5791.16
ACC_00542,2025-07-18,+918690275096,"329, Nehru Street, Pune",8751338e9f68e7c7,27662.2
ACC_00543,2026-02-05,+919636996298,"3, Lake View, Lucknow",3849df0fdd3efe9a,152716.29
ACC_00544,2024-01-17,+917204789315,"455, Hill Road, Jaipur",233eb3b3ff5bfb1d,26658.47
ACC_00545,2024-02-12,+917957870726,"391, Civil Lines, Lucknow",04558e044e168c13,419556.42
ACC_00546,2025-03-17,+918388850849,"352, Hill Road, Jaipur",b9b26056fe92d3dc,89672.01
ACC_00547,2023-12-26,+918834291779,"25, Nehru Street, Hyderabad",c78aca2d4839a4e3,36490.83
ACC_00548,2024-12-19,+919738739250,"340, Nehru Street, Bangalore",b56fb04536ffcd93,
ACC_00549,2022-12-26,+919155975282,"362, Station Road, Ahmedabad",6c2bfef908b99e49,41261.04
ACC_00550,2024-08-24,+917433354197,"314, Civil Lines, Kolkata",68363bc3a39378cd,2659.64
ACC_00551,2025-06-26,+917217774278,"386, Station Road, Delhi",ae23513c212c190b,16546.34
ACC_00552,2025-10-09,+919182182843,"19, Park Avenue, Chennai",c16775dc99d21b28,11387.89
ACC_00553,2023-06-07,+918689231398,"195, Civil Lines, Lucknow",2038aa7c54cbef9f,27061.19
ACC_00554,2026-01-13,+918688579915,"132, Nehru Street, Delhi",bb2d9fbe14b40e41,13176.88
ACC_00555,2025-05-25,+919168676587,"385, Market Street, Jaipur",6111c0c2f69e0027,54415.48
ACC_00556,2022-05-08,+918645094526,"330, Station Road, Mumbai",e8d6a1832f78ec4d,76835.87
ACC_00557,2024-11-11,+918435924752,"18, Park Avenue, Bangalore",eac97a94d6da97d5,
ACC_00558,2023-11-12,+917764314297,"84, Nehru Street, Ahmedabad",7d0bcecac2c70b71,
ACC_00559,2024-05-10,+919506704522,"223, Gandhi Nagar, Delhi",800f858de216f61c,346839.86
ACC_00560,2023-04-20,+917484565794,"499, Civil Lines, Lucknow",cbfee7ff11aa7b04,10815.33
ACC_00561,2022-07-26,+919640167995,"427, Market Street, Ahmedabad",ff1e78ca30f74645,50645.45
ACC_00562,2026-01-29,+918615453827,"252, Market Street, Kolkata",2b7e03316c51b9a7,564058.17
ACC_00563,2025-05-10,+917540582520,"138, Lake View, Chennai",5a9f8c39a6d975e3,106600.02
ACC_00564,2024-10-26,+918508682408,"85, Market Street, Chennai",b967c43873e31be5,9578.18
ACC_00565,2025-09-25,+919167607941,"251, Lake View, Kolkata",4291994198f8a694,10669.6
ACC_00566,2022-02-24,+917388531669,"301, Market Street, Pune",8484aa7a2d42522c,11166.76
ACC_00567,2025-11-04,+919806780715,"84, Gandhi Nagar, Delhi",b3c9a107a519cc80,3481.03
ACC_00568,2021-12-24,+918842501928,"254, Nehru Street, Jaipur",d669e912bd07f035,23997.18
ACC_00569,2022-05-30,+919027040317,"4, Nehru Street, Jaipur",c792a4675e89e6df,11373.55
ACC_00570,2025-11-14,+917372323819,"61, MG Road, Hyderabad",72f1ee715b05e96f,14991.1
ACC_00571,2025-01-09,+919943551314,"268, Civil Lines, Kolkata",91c49e9ddad9d65a,39063.53
ACC_00572,2026-02-02,+919993073916,"162, Park Avenue, Mumbai",054d7add8816a17d,14623.05
ACC_00573,2026-01-05,+919994459000,"18, Lake View, Hyderabad",0c5a00870d952ad5,14174.5
ACC_00574,2025-02-11,+919623249915,"404, Nehru Street, Bangalore",d1c61b4c00e7bc43,167171.66
ACC_00575,2025-05-19,+919867753931,"25, Nehru Street, Jaipur",02b8db30bb30ba3f,18690.65
ACC_00576,2025-04-14,+919169023792,"457, MG Road, Chennai",a6dc11e2e485e547,9297.22
ACC_00577,2025-05-11,+917620419715,"381, Gandhi Nagar, Ahmedabad",293606d91a6b0195,29470.83
ACC_00578,2023-03-02,+918897525487,"318, Lake View, Pune",896a4e61772b9fa6,12229.66
ACC_00579,2025-11-18,+919990758715,"282, Park Avenue, Pune",1ecb97be39a6a384,30632.48
ACC_00580,2026-03-26,+917674373304,"150, Lake View, Chennai",ed41211bf809ed59,6907.48
ACC_00581,2026-02-05,+917542857847,"287, Nehru Street, Chennai",4bd3bae1ad14b155,42056.73
ACC_00582,2026-02-04,+918701978670,"431, Gandhi Nagar, Mumbai",1be2554ee5d82ee0,43459.8
ACC_00583,2021-03-08,+919469989956,"265, Nehru Street, Pune",225bf248bffbc765,44649.61
ACC_00584,2024-05-04,+918708039162,"406, Park Avenue, Jaipur",30e966394359c142,12954.8
ACC_00585,2024-03-26,+919245552005,"128, Hill Road, Bangalore",4ba9e61b08836abf,
ACC_00586,2023-09-24,+919637349935,"214, Park Avenue, Bangalore",ea913fce5c2bd05a,427018.71
ACC_00587,2023-04-03,+918621798713,"492, Gandhi Nagar, Chennai",ce9990effe03c239,21793.14
ACC_00588,2025-06-22,+917585360165,"440, Nehru Street, Kolkata",43904c303b3169c0,161161.44
ACC_00589,2024-06-22,+917752048967,"272, Nehru Street, Mumbai",266a9cb6937d3aef,13980.46
ACC_00590,2024-07-31,+919370825799,"201, Ring Road, Pune",8ad9ae899ca242a7,2986.04
ACC_00591,2024-12-08,+917981617546,"200, Gandhi Nagar, Ahmedabad",8c984e2363270f1b,9660.2
ACC_00592,2022-11-14,+917783769054,"397, Market Street, Chennai",1a9a3e7f49faac49,548050.55
ACC_00593,2025-07-23,+919528077311,"294, Hill Road, Kolkata",e70c98dec00f0f63,14319.17
ACC_00594,2024-07-27,+917088228807,"52, Nehru Street, Ahmedabad",405220a531b61e6d,75134.99
ACC_00595,2024-10-17,+917449067672,"392, Hill Road, Hyderabad",1146d5d8d6bf7617,3851.82
ACC_00596,2022-09-29,+917477370174,"181, Civil Lines, Lucknow",4d679879b8e7e266,28451.16
ACC_00597,2025-01-26,+919563242973,"407, Civil Lines, Pune",c6df3c272f0fc6fc,211113.86
ACC_00598,2026-03-29,+917154119199,"153, Station Road, Bangalore",58e8caa64822b3c0,56018.82
ACC_00599,2025-03-29,+919644182913,"144, Park Avenue, Lucknow",7c4e9ed67f00e3ce,9774.37
ACC_00600,2024-07-28,+917778315606,"141, Hill Road, Jaipur",f07a52f86e5db736,15329.64
ACC_00601,2025-02-18,+917042326277,"341, Ring Road, Jaipur",21f9b09706fa2390,554226.55
ACC_00602,2025-12-12,+919834862406,"423, Hill Road, Hyderabad",257f3136e5bae8ae,56087.43
ACC_00603,2025-12-24,+919856217136,"20, Ring Road, Lucknow",1b6ecc557be2b5c6,38781.5
ACC_00604,2021-11-27,+919030626127,"112, MG Road, Pune",91de54f4cc26c5e0,27741.83
ACC_00605,2024-07-07,+918461324739,"448, Market Street, Chennai",160bc48064e740f8,3711.55
ACC_00606,2023-01-30,+917250502745,"284, Station Road, Mumbai",2a82e2dc3bdf4e02,2330.83
ACC_00607,2025-03-10,+919109166699,"384, Civil Lines, Mumbai",9b1773f5299be688,4739.38
ACC_00608,2024-12-11,+918335356295,"207, Ring Road, Delhi",48e613598e2229a8,64109.44
ACC_00609,2026-02-01,+917631479268,"346, Hill Road, Chennai",a1af49e1fe79a770,55956.29
ACC_00610,2019-02-23,+917793639583,"220, MG Road, Mumbai",ef9b84680c1b3a2e,111669.18
ACC_00611,2025-02-09,+917578503739,"300, Nehru Street, Kolkata",82cc93eeb62d0940,8034.59
ACC_00612,2024-11-22,+919131498488,"442, Station Road, Lucknow",c2adba6584b2a758,1888.56
ACC_00613,2024-02-06,+917775225224,"152, Lake View, Mumbai",dfdf241774ad1d42,17783.26
ACC_00614,2025-05-09,+917619272828,"448, MG Road, Pune",d95dc1eee443731f,36392.48
ACC_00615,2023-11-30,+918174543244,"99, Gandhi Nagar, Chennai",c6da7de75f159437,24676.15
ACC_00616,2025-11-15,+918618938153,"483, Ring Road, Kolkata",44e2f002daf6e1fd,6125.48
ACC_00617,2024-06-17,+918121683683,"248, Hill Road, Hyderabad",156df1745d91adde,10315.33
ACC_00618,2024-08-25,+917608110081,"76, Civil Lines, Jaipur",07f75f53af617972,6694.33
ACC_00619,2022-08-31,+919003391710,"116, Gandhi Nagar, Mumbai",344485edb5bd3fa0,208659.18
ACC_00620,2024-02-07,+917469879067,"82, MG Road, Lucknow",874a15489636d3e6,29911.53
ACC_00621,2026-03-29,+919669799193,"30, MG Road, Lucknow",2e8edcd0cff6dcea,500.0
ACC_00622,2025-07-25,+918823365811,"416, MG Road, Kolkata",8afa8f0065af3243,174533.02
ACC_00623,2025-11-18,+918829395362,"467, Civil Lines, Delhi",870f099a547d42dc,254375.89
ACC_00624,2025-08-23,+918564545842,"236, MG Road, Pune",dcc0e6e7aea8337c,16396.91
ACC_00625,2023-10-12,+918356128438,"344, Market Street, Hyderabad",dca275c1d6240722,15985.46
ACC_00626,2023-09-26,+918256998831,"334, Hill Road, Chennai",cbd467a46c52aee1,6394.34
ACC_00627,2023-08-24,+919911978149,"19, MG Road, Pune",1e849f42aca8636a,9908.13
ACC_00628,2025-12-31,+919108129995,"292, Station Road, Bangalore",0cc44184c4ee8fb8,58338.86
ACC_00629,2025-01-23,+917915736177,"313, Market Street, Delhi",2c0379a7cc8314b8,42865.82
ACC_00630,2024-11-13,+917515387079,"351, Civil Lines, Hyderabad",eb7388e69905a6b9,3888.46
ACC_00631,2025-04-14,+917617884912,"128, Hill Road, Pune",4bd390890ff47ec1,3440.27
ACC_00632,2025-12-15,+918157558286,"156, Lake View, Pune",17c2e1d598ab8520,59347.09
ACC_00633,2025-11-07,+919947934255,"216, Lake View, Kolkata",2ce40870c0b8e85d,1713.71
ACC_00634,2025-02-04,+917883142156,"150, MG Road, Bangalore",70f0004fd1eff9e0,40640.78
ACC_00635,2025-05-18,+918681917440,"117, Lake View, Lucknow",895118182b23a3d9,
ACC_00636,2024-04-22,+919148504248,"382, Hill Road, Chennai",77639c7968cc29d5,4922.68
ACC_00637,2024-08-29,+917804890715,"487, Lake View, Delhi",044a2c1687c7ebb1,9991.06
ACC_00638,2024-12-20,+917065900490,"195, MG Road, Pune",8e5ea3ba4f078823,32492.18
ACC_00639,2025-04-07,+919421770409,"405, Station Road, Mumbai",d2f0f5ef1bf9233e,64083.38
ACC_00640,2025-07-31,+919692981970,"202, MG Road, Jaipur",5456fcbd4b6097d1,230656.03
ACC_00641,2025-07-15,+917838096778,"144, Lake View, Kolkata",2a327e377dd2d80d,47990.3
ACC_00642,2024-03-25,+917080613263,"53, Park Avenue, Kolkata",da3bd65a18a99744,452756.42
ACC_00643,2024-08-01,+919737299332,"99, Civil Lines, Lucknow",5ec007a7fa26a216,3704.97
ACC_00644,2022-09-21,+918581929890,"252, Ring Road, Ahmedabad",be9e3cb65e7358b2,9142.59
ACC_00645,2025-12-26,+918415089074,"150, Civil Lines, Jaipur",66c53f36d7706298,287094.31
ACC_00646,2024-12-05,+919831083493,"474, Ring Road, Pune",5b8bf0cab7930869,5088.14
ACC_00647,2019-09-26,+917005624543,"292, Nehru Street, Hyderabad",93b580b566a4749e,195836.08
ACC_00648,2025-03-07,+918280742004,"31, Park Avenue, Jaipur",460033727e1b8c83,8041.06
ACC_00649,2023-09-02,+917463544700,"352, Hill Road, Jaipur",c62d3a10e2f57c95,100026.49
ACC_00650,2023-01-03,+919038631564,"410, MG Road, Jaipur",92be00a41814943f,12568.93
ACC_00651,2024-08-14,+917033210730,"269, Station Road, Mumbai",648f539d55baf98a,35034.78
ACC_00652,2023-09-29,+918809018437,"474, Ring Road, Lucknow",16490db5af35115d,65650.65
ACC_00653,2025-07-05,+919560781060,"38, Park Avenue, Kolkata",5c42240da7e9a029,9896.32
ACC_00654,2024-04-25,+917685687671,"336, Ring Road, Ahmedabad",a1969cf8a8701dc8,209720.97
ACC_00655,2022-09-09,+918517973400,"285, Nehru Street, Delhi",ed1e63878cb99221,13027.2
ACC_00656,2019-04-22,+917630019822,"171, Park Avenue, Delhi",1faa39e18735e22a,23218.99
ACC_00657,2025-12-07,+917080243618,"292, MG Road, Mumbai",977a0953974e4edc,8734.57
ACC_00658,2025-05-25,+917377592420,"56, Gandhi Nagar, Mumbai",35650270c9ae3c26,20337.51
ACC_00659,2024-06-12,+919173421369,"428, Lake View, Ahmedabad",d0331c0a87e6bc27,79518.48
ACC_00660,2024-08-18,+917714094077,"246, Station Road, Delhi",e04a8ccf14dea3bd,90565.87
ACC_00661,2024-08-15,+917308708921,"135, Civil Lines, Pune",a216243b7846f559,23088.97
ACC_00662,2024-11-14,+918435472263,"363, Station Road, Bangalore",d8f7306d9f4b259d,1467.24
ACC_00663,2025-08-29,+918800783442,"165, Station Road, Bangalore",c07467ebf3a5f2cb,17814.95
ACC_00664,2022-08-17,+919641287825,"192, Civil Lines, Chennai",1ba3618893767a43,2955.04
ACC_00665,2026-03-29,+918920156926,"496, Ring Road, Pune",f2f4e057f87a4d39,104595.23
ACC_00666,2024-09-01,+917842177979,"365, Civil Lines, Delhi",0212383f2dfce75a,106061.74
ACC_00667,2026-03-25,+918172879423,"96, Station Road, Bangalore",d3607b2112157952,50729.69
ACC_00668,2026-02-15,+919559681524,"13, MG Road, Pune",b194686b31a427c6,12680.18
ACC_00669,2024-11-12,+917912869484,"25, Hill Road, Kolkata",da4e3ac6bde5ed3f,3144.15
ACC_00670,2024-09-15,+917880166336,"392, MG Road, Ahmedabad",0d677f4ef8fae471,21175.41
ACC_00671,2025-05-27,+919090725821,"172, Nehru Street, Lucknow",1a94a76c24256439,126734.64
ACC_00672,2025-03-03,+919114207758,"268, Civil Lines, Bangalore",16cfc2e3755e93f5,9895.89
ACC_00673,2024-11-03,+919114229739,"175, Ring Road, Kolkata",cac2ee6a6e3dfb1a,39376.09
ACC_00674,2023-03-07,+917912108069,"35, Gandhi Nagar, Ahmedabad",3382cf9b642d1c63,15116.12
ACC_00675,2025-09-05,+919168009842,"186, Gandhi Nagar, Kolkata",f811b0b263dcc8de,
ACC_00676,2022-06-22,+919738783423,"384, Lake View, Hyderabad",8e002f870ba38534,23584.31
ACC_00677,2023-03-03,+917973755181,"319, Civil Lines, Jaipur",a223391564eabfbb,1773.77
ACC_00678,2025-04-13,+919468282846,"466, Station Road, Jaipur",c0ab15e856a5b8b9,276422.68
ACC_00679,2022-08-21,+919590013643,"348, Hill Road, Mumbai",232c7b3f0faab540,69611.65
ACC_00680,2025-06-21,+917783744824,"496, Hill Road, Lucknow",7a88974406445bdf,48877.63
ACC_00681,2025-01-14,+917944101496,"231, MG Road, Bangalore",0869f833567f7f42,29919.08
ACC_00682,2024-09-25,+919976809784,"331, Nehru Street, Hyderabad",0db2c394d833a8c1,4654.73
ACC_00683,2024-03-20,+918476088185,"239, Station Road, Ahmedabad",efd1650be9800594,400601.16
ACC_00684,2019-02-06,+918699576687,"64, Nehru Street, Jaipur",fcf5ab6aef54d191,84157.92
ACC_00685,2026-01-10,+917081451501,"263, Market Street, Hyderabad",af721a826fa9d446,10407.82
ACC_00686,2025-07-09,+918560586299,"86, Park Avenue, Bangalore",a1c86b5f2aa16285,64019.44
ACC_00687,2024-01-12,+918423576783,"202, Ring Road, Delhi",4151526d145aa723,98612.72
ACC_00688,2024-01-08,+918182968756,"141, Gandhi Nagar, Kolkata",034da8d6686da823,4263.91
ACC_00689,2025-08-11,+917095244623,"472, Market Street, Bangalore",b219392e361029d7,4963.03
ACC_00690,2022-09-27,+918410052566,"25, Civil Lines, Ahmedabad",7324b2d3252bdae4,779.07
ACC_00691,2026-03-29,+917909349059,"140, Station Road, Chennai",ac5e0812c68db4df,16118.81
ACC_00692,2024-06-14,+917299483644,"369, Civil Lines, Bangalore",10d1f33459d6d03e,3816.7
ACC_00693,2024-08-18,+918460029038,"198, Lake View, Bangalore",113de9cc52fe8236,8243.28
ACC_00694,2026-02-27,+918249215463,"119, Market Street, Mumbai",ef54896ff47540b0,25637.8
ACC_00695,2026-03-05,+919933128366,"38, Nehru Street, Mumbai",3d70fe188b35e29a,12628.96
ACC_00696,2018-08-21,+919728016065,"123, Nehru Street, Chennai",926204dc3ee147ce,4416.36
ACC_00697,2023-08-17,+918412536479,"199, Hill Road, Delhi",2edf0ac17e15f534,172030.09
ACC_00698,2016-09-27,+918289649269,"218, Station Road, Ahmedabad",8ca92442fa798f2d,3150.25
ACC_00699,2023-05-03,+919764582723,"352, Hill Road, Mumbai",89f4cd0a4d4e0c44,106549.94
ACC_00700,2022-11-29,+917209885591,"280, Civil Lines, Hyderabad",148d95745f80ffb5,4397.51
ACC_00701,2025-07-08,+917878487773,"394, Ring Road, Chennai",f8df7f787c411d2c,2085.89
ACC_00702,2024-12-21,+919734956426,"286, Market Street, Delhi",4fc32b09d7d684ed,7043.51
ACC_00703,2024-03-10,+918561589351,"479, MG Road, Pune",7d8db31273526234,3038.8
ACC_00704,2024-04-23,+917542282466,"27, Ring Road, Mumbai",98068f2e086e6f28,53784.31
ACC_00705,2025-11-01,+919045550555,"363, Gandhi Nagar, Kolkata",0ad692b8508e9728,93544.93
ACC_00706,2025-02-16,+918187690666,"351, Park Avenue, Jaipur",1c1ed9be608801c2,44635.36
ACC_00707,2020-11-28,+917516186564,"426, Park Avenue, Chennai",d75dfb598c6e2b48,120468.48
ACC_00708,2025-04-28,+919534549470,"63, Gandhi Nagar, Delhi",a3a0c05937858f9a,11153.61
ACC_00709,2026-03-29,+919269570724,"245, Market Street, Delhi",c5f20d5cf224e9cb,1345.96
ACC_00710,2025-04-08,+918299604444,"487, MG Road, Mumbai",014a2457cd78b880,14341.95
ACC_00711,2018-11-07,+919284316855,"293, Hill Road, Hyderabad",ce59c6626fb9cc60,27577.12
ACC_00712,2025-12-02,+918192690647,"142, Station Road, Pune",090f7fb48aec4cc2,26398.58
ACC_00713,2023-12-08,+919318463194,"293, Nehru Street, Lucknow",10de5f03a5213650,
ACC_00714,2025-10-12,+919960555710,"49, Station Road, Mumbai",403a6f7ca652c2f4,73980.84
ACC_00715,2024-12-26,+919926275698,"126, Civil Lines, Kolkata",4ad75e92e5652103,16421.37
ACC_00716,2026-01-10,+919303449641,"488, Park Avenue, Bangalore",32c51b0687efba6c,183192.0
ACC_00717,2025-11-26,+917715301886,"218, Station Road, Bangalore",f99288ccd95bd902,106241.37
ACC_00718,2025-02-05,+919875281044,"43, Civil Lines, Pune",1a693700f0e38c30,24640.53
ACC_00719,2023-07-21,+917707478680,"121, Market Street, Bangalore",af77efd84518eb3d,571023.83
ACC_00720,2023-05-22,+917443222076,"120, Station Road, Delhi",aecb19ccdaba2466,5892.02
ACC_00721,2024-11-26,+917172012209,"410, Hill Road, Lucknow",c0e3a7b4cf7bff4a,239130.18
ACC_00722,2025-04-25,+918665248964,"79, Hill Road, Hyderabad",d0bd096c087f4f14,8152.48
ACC_00723,2024-09-01,+919320042056,"376, Market Street, Hyderabad",d8a3044b6ec06a87,7980.75
ACC_00724,2023-09-22,+917585737682,"490, Nehru Street, Jaipur",7304051e70ca0e69,39274.79
ACC_00725,2025-08-21,+917155267016,"71, MG Road, Kolkata",8da813d82fa64714,6180.62
ACC_00726,2025-11-08,+918983631735,"490, Market Street, Ahmedabad",9d2c89b78c8cfffa,469745.45
ACC_00727,2025-03-07,+917438094873,"496, Station Road, Jaipur",5d69e2831b316cc6,454596.66
ACC_00728,2025-10-25,+917233906972,"213, Park Avenue, Mumbai",327105a8d58777aa,5763.36
ACC_00729,2024-07-30,+919419178929,"435, Lake View, Bangalore",1c54052aecccc601,6387.29
ACC_00730,2025-04-22,+919804436007,"478, Civil Lines, Bangalore",ce50dbc18a601334,
ACC_00731,2025-11-08,+918046618509,"192, Ring Road, Hyderabad",ffa26a6092adaabe,8038.31
ACC_00732,2025-05-17,+919099105817,"395, Park Avenue, Kolkata",f58565564de8d4bf,5231.32
ACC_00733,2020-01-30,+919543367914,"494, MG Road, Hyderabad",863b874522b42b22,1063.04
ACC_00734,2024-06-20,+917014858651,"39, Hill Road, Pune",60eab1694d3ae7c1,14196.87
ACC_00735,2023-11-20,+919951574946,"447, Park Avenue, Jaipur",0c8cb213cbbae870,19565.81
ACC_00736,2021-02-11,+918476995013,"19, MG Road, Ahmedabad",498759288d9d81ed,40379.75
ACC_00737,2025-06-02,+918371360349,"389, Station Road, Delhi",d04df105482806de,1268000.62
ACC_00738,2022-04-20,+918795765455,"188, Nehru Street, Bangalore",5a19f188cf092e93,14955.76
ACC_00739,2023-10-26,+918822625328,"89, Hill Road, Mumbai",94dec9489ba6c90d,4599.44
ACC_00740,2025-08-03,+917166442639,"171, Station Road, Delhi",53617bd0bc627026,21079.75
ACC_00741,2024-10-08,+919728563767,"136, Market Street, Delhi",9f7d4d24a07f5041,116941.06
ACC_00742,2023-12-04,+917636401925,"497, Hill Road, Pune",109a49c519fdbc03,34966.47
ACC_00743,2019-12-29,+917317303200,"470, Hill Road, Bangalore",2aa174cfd63a1b2f,28378.98
ACC_00744,2025-07-05,+919358451315,"462, Ring Road, Chennai",aa0177d1dc30126e,4040.93
ACC_00745,2023-09-29,+917723617410,"374, Lake View, Ahmedabad",f57a07ec1fca8b9b,78648.02
ACC_00746,2023-03-09,+919762891705,"47, Gandhi Nagar, Chennai",d3c546e5ec9d173a,1721.21
ACC_00747,2025-01-09,+918902011929,"115, Gandhi Nagar, Lucknow",ae61833693a4022d,7095.58
ACC_00748,2025-07-12,+917287136982,"365, Hill Road, Kolkata",f1ba712a0f81db75,92522.02
ACC_00749,2025-02-27,+918138168079,"353, Hill Road, Lucknow",c3c0403239071370,1763.9
ACC_00750,2022-01-25,+919442988066,"414, Park Avenue, Chennai",94f9c6a5597c134c,9841.57
ACC_00751,2025-01-28,+917046476427,"39, Nehru Street, Kolkata",d1211ec7b3788450,10477.59
ACC_00752,2025-09-11,+917377589462,"209, Gandhi Nagar, Kolkata",251e9d4d805a00a2,215049.93
ACC_00753,2026-03-29,+918040087284,"246, Station Road, Chennai",f9ae2963d18d539d,88147.37
ACC_00754,2025-03-03,+917911398564,"183, Nehru Street, Bangalore",492c7fba1643b315,56035.4
ACC_00755,2024-08-23,+919376976945,"265, Market Street, Kolkata",7e6d461b4a3aa1ec,42745.83
ACC_00756,2024-12-04,+919642942827,"363, Civil Lines, Delhi",7c281e2dc929d866,1316.29
ACC_00757,2026-03-06,+919141030852,"318, Nehru Street, Hyderabad",4b03e4700c1a942d,42655.39
ACC_00758,2016-09-27,+919915183198,"398, Ring Road, Mumbai",bb39d32b75a47035,12311.9
ACC_00759,2024-01-16,+919721740614,"188, Ring Road, Pune",2b0c634118baf6ce,1667.0
ACC_00760,2025-07-04,+918639817152,"348, Ring Road, Jaipur",64bcb4d2018d86e2,13102.59
ACC_00761,2024-10-03,+918352411007,"487, Market Street, Ahmedabad",c999019b5312f560,3622.87
ACC_00762,2021-07-02,+918324551138,"430, Park Avenue, Mumbai",7c421fee84e112cc,8453.67
ACC_00763,2025-07-23,+917873966719,"6, Station Road, Lucknow",3d8c7a3927369006,417557.58
ACC_00764,2016-09-27,+919865126191,"24, Ring Road, Mumbai",dba076d07291bad0,140046.86
ACC_00765,2024-07-18,+917132253666,"77, Nehru Street, Hyderabad",d4e6726667300a98,436277.89
ACC_00766,2023-11-16,+919718642348,"232, Ring Road, Jaipur",42863b983ee9f3a5,28894.45
ACC_00767,2025-01-12,+917804381864,"296, Ring Road, Chennai",d3bdf12d653f8ffe,127242.1
ACC_00768,2025-09-06,+917540173621,"236, Market Street, Mumbai",0fe9e97fad9ec05d,14573.23
ACC_00769,2022-11-05,+917116443572,"256, Park Avenue, Bangalore",a2797a28ce637072,17635.88
ACC_00770,2023-03-08,+917134531827,"349, Park Avenue, Jaipur",4fe66214d4cd1b97,34693.23
ACC_00771,2024-10-19,+918004123455,"356, Gandhi Nagar, Jaipur",eaebc41cb02db792,84853.81
ACC_00772,2025-02-22,+917142103286,"404, MG Road, Kolkata",e569a558c8be2bff,6497.71
ACC_00773,2022-05-16,+917332479314,"483, Station Road, Mumbai",ed6a1474a5d6fbf7,2023.84
ACC_00774,2025-08-15,+917403038582,"78, Market Street, Delhi",e4d1141e8b95cd02,46932.36
ACC_00775,2025-12-08,+919675151190,"264, Station Road, Delhi",58ebd6282f80e834,22696.18
ACC_00776,2026-01-16,+918206553674,"305, Civil Lines, Pune",8eb15589668e6385,7085.71
ACC_00777,2020-08-15,+917238836534,"424, Nehru Street, Chennai",7ba31947392feeac,26975.19
ACC_00778,2025-10-12,+918112763530,"94, Ring Road, Ahmedabad",680be9f763f7ff6f,10354.48
ACC_00779,2026-03-10,+919316075478,"383, MG Road, Lucknow",33d851a23db83331,28071.4
ACC_00780,2023-06-29,+919227563278,"272, Hill Road, Ahmedabad",65de16d02abae715,41108.45
ACC_00781,2023-10-19,+919376472584,"13, Park Avenue, Mumbai",cebb1da8c03d6446,
ACC_00782,2023-03-23,+917044872667,"248, Hill Road, Jaipur",69e1428d4bdd6a8a,11350.05
ACC_00783,2023-08-14,+918940045082,"296, Park Avenue, Delhi",3f8a29aa02935ff4,33679.63
ACC_00784,2025-10-22,+919999727831,"323, Park Avenue, Bangalore",f4f10b79d882a59c,
ACC_00785,2024-04-17,+918983039013,"94, MG Road, Hyderabad",afe86f1ad0c6141a,18891.37
ACC_00786,2016-09-27,+919273436290,"149, Lake View, Lucknow",a1b90ea841ca0acd,1070.73
ACC_00787,2026-03-29,+917251416366,"114, MG Road, Lucknow",37fdce4f93b49ddd,258166.44
ACC_00788,2026-03-26,+918877807412,"353, Hill Road, Delhi",22fe3ca89e336550,425275.02
ACC_00789,2021-12-09,+919302038811,"138, Nehru Street, Jaipur",4367c71f3629e220,100630.81
ACC_00790,2024-12-23,+918905468353,"134, MG Road, Bangalore",ce3c69b552864d4f,23058.91
ACC_00791,2025-02-10,+917544386291,"183, Market Street, Mumbai",cb755322204fc7db,7155.78
ACC_00792,2023-11-25,+917284054106,"204, Park Avenue, Lucknow",d170e19c168fadae,9912.91
ACC_00793,2025-09-28,+919886437157,"449, Hill Road, Delhi",3ee6d00fcf28289a,27997.4
ACC_00794,2023-12-29,+918555535380,"261, Civil Lines, Bangalore",e25b13d9762d5954,6572.13
ACC_00795,2026-01-21,+917643089148,"47, MG Road, Delhi",47a3e7f535bb47fa,8257.96
ACC_00796,2025-04-22,+919517900963,"88, Market Street, Jaipur",16fc198bb03cfa01,112003.18
ACC_00797,2024-09-22,+917260595654,"112, Market Street, Jaipur",def92d34ae4999f2,19462.08
ACC_00798,2020-06-11,+919961457372,"214, Nehru Street, Jaipur",c0ed4f30d1462a36,1418.08
ACC_00799,2021-01-23,+918489283627,"187, Civil Lines, Lucknow",5a9923c4fb97ca91,6115.91
ACC_00800,2026-01-14,+917024922003,"389, Civil Lines, Hyderabad",dc7aa511864b5573,56927.36
ACC_00801,2025-08-07,+917722771325,"317, MG Road, Kolkata",6c5ec8c3461a0afa,71993.74
ACC_00802,2023-07-23,+919714083587,"249, Lake View, Jaipur",1af24712cce9438d,14689.83
ACC_00803,2023-09-13,+917482108911,"239, Hill Road, Delhi",7bf65589d1b519fe,1860.75
ACC_00804,2025-11-03,+919635779587,"147, MG Road, Ahmedabad",630667b9b9582ffd,55893.1
ACC_00805,2025-10-21,+918685278716,"265, Gandhi Nagar, Jaipur",1215ec2d3560dd1b,288625.61
ACC_00806,2023-03-06,+918190064861,"439, Station Road, Jaipur",e684836f4b96cb1c,33038.19
ACC_00807,2022-12-18,+919585033687,"218, Park Avenue, Hyderabad",54d97af27b7da4fb,35071.86
ACC_00808,2025-04-14,+919959888178,"331, Civil Lines, Mumbai",722c62fbafe07683,94010.4
ACC_00809,2025-05-15,+918083823202,"15, Market Street, Kolkata",59e128cffddf921c,3882.29
ACC_00810,2025-07-28,+917478387029,"121, Gandhi Nagar, Lucknow",64dd1676fb0b4108,65302.49
ACC_00811,2026-03-29,+917643874246,"23, Hill Road, Delhi",134e5678e21869a4,3741.82
ACC_00812,2024-10-12,+917305239556,"238, Nehru Street, Ahmedabad",e394f0d8682a8721,11958.95
ACC_00813,2025-08-09,+919813192892,"140, Ring Road, Lucknow",e9b1fe4032d9eab2,47762.27
ACC_00814,2024-01-25,+918218349470,"275, Lake View, Pune",09be3aaef20c2fbc,13504.45
ACC_00815,2026-03-29,+917361341733,"133, Market Street, Chennai",241c5dc24299679e,3813.89
ACC_00816,2025-02-06,+918381365896,"22, Station Road, Chennai",13b2458552340af0,70165.72
ACC_00817,2024-02-28,+917032791729,"108, Hill Road, Lucknow",f93f3ef9f8a668e1,7989.8
ACC_00818,2025-01-13,+917320558778,"343, Ring Road, Kolkata",f2672f58b10033c7,179452.44
ACC_00819,2025-10-12,+917441183375,"315, Ring Road, Pune",ad20fc9866f0aad8,112347.87
ACC_00820,2024-03-11,+919584091410,"443, Gandhi Nagar, Mumbai",acff2e1b5702da26,2395875.83
ACC_00821,2024-09-10,+917897563556,"223, MG Road, Lucknow",18f1bf5e7ea0a208,35534.69
ACC_00822,2024-02-02,+919787464473,"201, Lake View, Chennai",0f0566de29ae5662,34659.26
ACC_00823,2022-10-16,+919151616348,"386, Gandhi Nagar, Kolkata",6f73cd38e10bbb95,3243.78
ACC_00824,2025-05-04,+917371393710,"313, Hill Road, Lucknow",cfa7db21973818d2,64818.27
ACC_00825,2021-06-20,+918387218433,"19, Nehru Street, Lucknow",98f018a8fc6442bf,48855.83
ACC_00826,2026-03-29,+919067584464,"398, Lake View, Kolkata",e1110c4e9ec59a4a,28868.94
ACC_00827,2023-07-26,+917837607837,"470, Gandhi Nagar, Hyderabad",799546a57e238d12,5177.74
ACC_00828,2025-01-27,+918641161607,"304, Market Street, Ahmedabad",cdb1c5b83b8a86f8,5077.9
ACC_00829,2024-11-12,+917664442441,"484, Market Street, Ahmedabad",47693257047a4b56,2325.15
ACC_00830,2025-10-20,+919043637998,"258, Civil Lines, Hyderabad",ad7d03228b336f45,26194.88
ACC_00831,2023-10-15,+917370097810,"468, Gandhi Nagar, Chennai",d21dce525190b8a0,28167.82
ACC_00832,2023-01-04,+919215891145,"37, Gandhi Nagar, Lucknow",202321b077255fff,13460.49
ACC_00833,2025-11-07,+917951879496,"80, Gandhi Nagar, Mumbai",119c6c8595c4eb92,9572.5
ACC_00834,2025-07-02,+918294762038,"304, Nehru Street, Ahmedabad",6f5f49500a36c0b4,530009.33
ACC_00835,2024-02-11,+919107346755,"97, Hill Road, Ahmedabad",a9d0b82d9d07dde6,6157.64
ACC_00836,2023-11-08,+919771940434,"408, Gandhi Nagar, Mumbai",ce5ba97522f7774b,7620.09
ACC_00837,2022-04-07,+919363926090,"214, MG Road, Chennai",9a216fbdf7b13c27,19716.1
ACC_00838,2024-09-22,+917251751349,"275, Nehru Street, Kolkata",0d4c21e19dee2344,477090.45
ACC_00839,2026-03-28,+918056519886,"390, Gandhi Nagar, Lucknow",9326b118360a5a28,235996.68
ACC_00840,2026-03-09,+919166545322,"25, Gandhi Nagar, Delhi",3bd0cb7cd9843467,12435.16
ACC_00841,2025-02-26,+917565672713,"92, Market Street, Chennai",fbe277c92fb66616,63773.97
ACC_00842,2022-09-23,+919413768419,"447, Lake View, Chennai",d3ffb322dcdc57ff,137464.32
ACC_00843,2025-05-15,+918081518700,"251, Lake View, Bangalore",bb2e4c7709b5a017,175138.4
ACC_00844,2019-06-10,+919660732354,"368, Gandhi Nagar, Delhi",1074f141c26b57f6,15527.8
ACC_00845,2022-08-04,+918094512336,"40, Nehru Street, Delhi",d5af09225d3ee657,241028.58
ACC_00846,2023-06-06,+917312337710,"147, Ring Road, Ahmedabad",291e53e4e7eb570b,8214.27
ACC_00847,2026-03-29,+918945279598,"69, Station Road, Ahmedabad",a246d82bb4e8586f,17981.43
ACC_00848,2020-06-29,+919346133572,"100, Hill Road, Hyderabad",0caa1121b94a7d69,49440.9
ACC_00849,2024-08-12,+919572088892,"281, Hill Road, Kolkata",fd8b0b96d23f4f42,11115.98
ACC_00850,2025-02-14,+917919173416,"377, MG Road, Bangalore",8711a3b31e67f91d,22921.98
ACC_00851,2023-12-31,+918083857524,"332, Lake View, Lucknow",00238665cddd00d6,7234.01
ACC_00852,2025-06-27,+919325957640,"243, Gandhi Nagar, Lucknow",39f2d52069d9807f,30515.27
ACC_00853,2023-08-18,+917042161063,"407, Gandhi Nagar, Kolkata",5316619313bccc2f,4390.08
ACC_00854,2024-05-31,+918822911606,"318, Park Avenue, Lucknow",d64e9474c4593128,222731.61
ACC_00855,2025-12-18,+919482562323,"258, MG Road, Ahmedabad",677711505fd6e9a0,8335.64
ACC_00856,2024-08-09,+917987494355,"101, Market Street, Delhi",fcae603debad662a,212931.37
ACC_00857,2022-05-02,+919200626731,"217, Ring Road, Delhi",9d4c62e1cf9589af,6305.81
ACC_00858,2025-04-07,+919350075005,"126, Nehru Street, Delhi",b1fb0ff5acd3f64e,6168.47
ACC_00859,2026-01-15,+918337883974,"75, Nehru Street, Lucknow",5506458542106a51,40627.28
ACC_00860,2025-06-02,+917595996048,"38, MG Road, Jaipur",867417695e56226a,10274.35
ACC_00861,2016-09-27,+919418227695,"39, Nehru Street, Kolkata",1fe00b8428643810,2210.53
ACC_00862,2026-02-02,+918290040455,"119, Gandhi Nagar, Ahmedabad",fc6652322688a5d1,56683.03
ACC_00863,2025-07-04,+918024541840,"418, Hill Road, Lucknow",9a4a8d6dadfbb16b,500.0
ACC_00864,2024-10-14,+917869232264,"341, Ring Road, Mumbai",f6e975c5ae620c1a,11570.03
ACC_00865,2023-11-22,+917073246458,"486, Ring Road, Kolkata",75cddc082d19cc1c,4589.21
ACC_00866,2018-06-07,+917699580521,"445, Station Road, Kolkata",618968640ce677fb,16193.11
ACC_00867,2025-10-29,+918559912728,"398, Hill Road, Jaipur",14ec0985ed728983,14042.08
ACC_00868,2025-09-13,+917796574908,"248, Civil Lines, Pune",49a4a14c1454a7d5,48894.85
ACC_00869,2024-08-07,+919170833232,"263, Hill Road, Pune",03d7ffbf5ae83ecf,42906.49
ACC_00870,2025-07-04,+919526429632,"167, Park Avenue, Ahmedabad",023fbc516b7224c8,279495.7
ACC_00871,2023-01-01,+917334510514,"320, Park Avenue, Ahmedabad",34e69995374afdf0,1912.33
ACC_00872,2022-09-17,+918326255029,"375, Lake View, Bangalore",0be10286ed486a02,500.0
ACC_00873,2024-09-03,+919954643798,"167, Ring Road, Chennai",6d4ac30cdfdf5791,500.0
ACC_00874,2025-04-18,+919704476701,"137, Civil Lines, Chennai",7f982e4a1a331b40,8205.55
ACC_00875,2024-07-09,+919391607993,"46, Nehru Street, Mumbai",2aedaba45f28e06a,2812.34
ACC_00876,2025-10-19,+918509074525,"173, Hill Road, Hyderabad",260f7d2d5e477c7c,58816.14
ACC_00877,2025-03-10,+917094436529,"244, Market Street, Pune",b98fa0978a904759,10387.73
ACC_00878,2025-08-31,+918198418619,"175, Nehru Street, Chennai",b638d1b56d41103e,46869.02
ACC_00879,2026-01-16,+919665592191,"386, MG Road, Hyderabad",ba57aa4582fab20b,30896.54
ACC_00880,2025-04-14,+918226947689,"388, Park Avenue, Mumbai",885af4c866f5c997,1831.56
ACC_00881,2026-03-29,+919890552179,"100, Nehru Street, Bangalore",99444d2f18086ae7,235047.9
ACC_00882,2023-10-09,+917907172082,"406, Civil Lines, Chennai",b8d082656d8a985f,11870.84
ACC_00883,2025-10-26,+919959907885,"48, Hill Road, Chennai",39c494d8222cf8b9,82759.3
ACC_00884,2025-03-13,+919257434274,"27, Hill Road, Hyderabad",a4a2eed391fa42d6,52535.33
ACC_00885,2025-12-20,+919140029319,"35, Lake View, Chennai",16f01d51f352495b,279111.07
ACC_00886,2025-11-18,+917343334962,"489, Lake View, Hyderabad",7d6d5e56a9555d9a,43018.1
ACC_00887,2023-07-08,+919806124808,"221, Lake View, Mumbai",914f58a23bd58cda,18483.08
ACC_00888,2023-07-28,+917078453756,"474, Market Street, Mumbai",05ade0be1740beeb,34954.37
ACC_00889,2024-12-04,+919881174507,"326, Ring Road, Delhi",5e8a922e31a2ecf2,6692.17
ACC_00890,2024-01-01,+919126631400,"305, Station Road, Pune",dc5eff49d66917de,4267.76
ACC_00891,2023-09-08,+919886586777,"227, MG Road, Ahmedabad",3c12bb88d76b66a1,196403.26
ACC_00892,2025-07-19,+919638714086,"290, MG Road, Hyderabad",3ef7912af057249a,15350.31
ACC_00893,2025-10-27,+918446524536,"413, Market Street, Chennai",b1ca8bb6994048b6,51518.61
ACC_00894,2026-03-12,+918596382594,"228, Civil Lines, Lucknow",f80b86f2d1bd74ef,67367.34
ACC_00895,2023-02-17,+918210689745,"2, Hill Road, Pune",262cb6bb989eb161,21523.36
ACC_00896,2025-04-03,+919273201256,"488, Ring Road, Delhi",3b3f2886d7f778b8,
ACC_00897,2025-01-10,+919445235453,"475, Lake View, Delhi",b74b1099577f7dc2,109059.66
ACC_00898,2022-08-16,+918026886020,"460, Station Road, Bangalore",9b200410f0afbc62,1393.23
ACC_00899,2025-12-15,+919977659279,"175, Market Street, Chennai",d8cf2796af3d52f3,3397.71
ACC_00900,2025-11-07,+917636150570,"270, Hill Road, Hyderabad",938134296bc9a92e,487864.44
ACC_00901,2021-11-09,+918328176976,"496, Gandhi Nagar, Jaipur",df95e07e28df2721,17944.15
ACC_00902,2026-03-29,+919838781910,"360, Civil Lines, Bangalore",c88e3fa1134fae34,33877.04
ACC_00903,2024-12-01,+918922720234,"443, Hill Road, Pune",452752e3b992fa1e,9005.69
ACC_00904,2025-01-07,+918502501891,"428, Hill Road, Chennai",6a93ad6553e75be7,24508.94
ACC_00905,2025-10-27,+918241227649,"128, Lake View, Bangalore",9bc70ec3eb6d3717,13722.16
ACC_00906,2023-09-01,+918552591777,"292, Civil Lines, Bangalore",b6947861abd86c92,31994.09
ACC_00907,2025-11-25,+918247374813,"313, Park Avenue, Ahmedabad",e94dbd3a31058885,28986.18
ACC_00908,2025-06-28,+917363749268,"42, Market Street, Hyderabad",366b2c2ad3093f84,17903.23
ACC_00909,2024-02-05,+918074660206,"481, Nehru Street, Hyderabad",7e726d98106a9e07,149038.77
ACC_00910,2025-09-28,+918947039909,"358, Station Road, Pune",80106c8723c12d5d,13753.71
ACC_00911,2025-07-31,+919575382706,"443, Station Road, Ahmedabad",45901c7a50091ce7,22337.12
ACC_00912,2024-12-30,+918969200115,"58, Station Road, Jaipur",62a4a7156c0b1da9,3871.31
ACC_00913,2024-06-07,+919367702192,"227, Station Road, Hyderabad",464507bba9f506f9,816.52
ACC_00914,2023-07-22,+919117980718,"473, Park Avenue, Lucknow",35cece454ca53410,194343.22
ACC_00915,2024-08-03,+918440934499,"209, Market Street, Mumbai",0c57113f0f8213c7,26261.1
ACC_00916,2025-04-02,+917591085329,"273, MG Road, Hyderabad",0741b12b3774c0bb,44030.45
ACC_00917,2025-02-24,+919387251103,"359, Gandhi Nagar, Mumbai",7280ff187a1d7a05,557544.36
ACC_00918,2022-08-05,+918221289436,"220, MG Road, Jaipur",10bf089b756fa496,10374.87
ACC_00919,2025-04-18,+917830919332,"58, Park Avenue, Kolkata",ea5a46ef7f847572,14996.31
ACC_00920,2024-11-24,+918028904110,"314, Park Avenue, Lucknow",624c1972a573e701,32910.56
ACC_00921,2025-08-10,+917210602345,"383, Park Avenue, Hyderabad",02b104800db57554,1593.0
ACC_00922,2024-12-05,+918529422216,"322, Hill Road, Delhi",afab2b2031f4bd09,8329.71
ACC_00923,2016-09-27,+919021683749,"48, Lake View, Jaipur",738fffcc3a62eabd,2786.52
ACC_00924,2024-06-06,+918252757663,"452, Market Street, Ahmedabad",c652058e8338cf76,23971.53
ACC_00925,2025-05-11,+917974643065,"24, MG Road, Delhi",3b756719867c7073,3167.49
ACC_00926,2023-06-18,+919851980778,"334, Civil Lines, Pune",8508fd29b599f1b1,24109.33
ACC_00927,2024-06-30,+919292228317,"246, Civil Lines, Lucknow",7355db1cd4e86065,4003.08
ACC_00928,2024-03-22,+919502705553,"317, Nehru Street, Chennai",e11fa5feae8269db,1520692.1
ACC_00929,2022-05-18,+918243230424,"378, Nehru Street, Jaipur",6f67c115e90f159a,9459.23
ACC_00930,2026-03-26,+917262163044,"73, MG Road, Jaipur",cfaa60b3ccc241dd,1106391.46
ACC_00931,2024-01-20,+917467600356,"498, Gandhi Nagar, Ahmedabad",d76dd251ef1c7dda,20252.03
ACC_00932,2024-03-25,+917515457898,"395, Hill Road, Kolkata",7a5aaa7de239fe3f,29198.83
ACC_00933,2025-05-07,+917545843579,"92, MG Road, Pune",86ed7a85d58194b3,30162.5
ACC_00934,2024-12-07,+919259321372,"296, Nehru Street, Chennai",12d58ea880737827,23093.74
ACC_00935,2025-06-08,+919375521522,"147, Nehru Street, Ahmedabad",cb3319c6f69e607c,1685.45
ACC_00936,2020-07-25,+918890556505,"275, Civil Lines, Jaipur",125a85e59ace152c,25702.07
ACC_00937,2026-03-29,+918798559939,"224, MG Road, Bangalore",b8491b3df2244fb6,4964.92
ACC_00938,2025-01-25,+918295689038,"400, Gandhi Nagar, Delhi",2ed0b5114783251a,15267.22
ACC_00939,2024-11-25,+919864390890,"201, Nehru Street, Ahmedabad",ef363bb42eaef6c5,19217.92
ACC_00940,2023-04-08,+917497875540,"366, Lake View, Bangalore",3642d0df049ec00b,53647.26
ACC_00941,2025-09-17,+919430265381,"357, Lake View, Jaipur",7ae8929ad464206c,50292.93
ACC_00942,2025-03-13,+919757190405,"190, Nehru Street, Lucknow",d6bdc45f237d2bda,5437.59
ACC_00943,2025-11-13,+919563565181,"471, MG Road, Lucknow",2e9774ae038649de,26707.49
ACC_00944,2022-10-28,+918654362923,"346, Gandhi Nagar, Bangalore",3c12ba690b6dc1e8,10520.86
ACC_00945,2022-06-03,+917926666646,"118, Gandhi Nagar, Delhi",3101d8ac094b6415,8621.22
ACC_00946,2019-11-28,+917598849564,"335, Nehru Street, Chennai",3076fad7d87cfeea,22848.96
ACC_00947,2022-01-30,+917806965354,"444, Market Street, Delhi",664731df37ac2507,5882.39
ACC_00948,2026-03-29,+917748135424,"218, Park Avenue, Ahmedabad",15e63f6d2322ca1a,642.94
ACC_00949,2023-04-19,+917178854517,"202, Lake View, Ahmedabad",d373646e9b52b1d7,26896.09
ACC_00950,2022-06-13,+918177991504,"477, Civil Lines, Delhi",0d0e1e3c86e1d2df,8060.0
ACC_00951,2023-11-13,+919476256984,"80, Civil Lines, Ahmedabad",b2c1922a6aff3da3,38208.16
ACC_00952,2024-07-27,+919339717957,"137, Ring Road, Bangalore",b601137d2a4a8b85,153882.8
ACC_00953,2026-01-16,+918708326480,"287, Lake View, Pune",0109d63193f27afa,34911.77
ACC_00954,2023-11-15,+917310402177,"57, Gandhi Nagar, Mumbai",2ef9381963718b2f,3196.25
ACC_00955,2023-03-14,+918334291811,"297, Hill Road, Bangalore",a2084b2bfb3b704e,15562.68
ACC_00956,2025-08-16,+917699503798,"334, Civil Lines, Jaipur",25c798890358b37e,6920.54
ACC_00957,2026-02-24,+918725511046,"100, Gandhi Nagar, Kolkata",c50aace4b7a141ce,19020.27
ACC_00958,2026-03-10,+919485627935,"213, Station Road, Lucknow",44c44fc5d25cdb78,20787.22
ACC_00959,2022-07-11,+918194754931,"410, Gandhi Nagar, Bangalore",c3cc45a31dbb1eaf,16875.7
ACC_00960,2021-06-12,+917298131933,"321, Ring Road, Mumbai",1b678f1a6ad2e1c7,295666.27
ACC_00961,2025-02-16,+919531474308,"348, Ring Road, Lucknow",02807934c2793054,5087.61
ACC_00962,2025-01-10,+917893334803,"307, Park Avenue, Hyderabad",0f32419a3e3f8855,66206.54
ACC_00963,2025-02-02,+917711807574,"348, Gandhi Nagar, Mumbai",d62ae4cf085996d5,42600.11
ACC_00964,2018-08-17,+918007691394,"245, Market Street, Jaipur",c13e710c28158f48,9097.18
ACC_00965,2024-01-01,+917147084895,"131, Hill Road, Bangalore",8edd31ff37031e0b,10621.17
ACC_00966,2025-03-05,+919150849722,"230, MG Road, Jaipur",98093dc9852d07fc,64569.71
ACC_00967,2024-03-23,+918927819501,"496, Ring Road, Hyderabad",2f6fbd860fac17bc,36233.24
ACC_00968,2023-05-26,+919802288815,"374, Lake View, Bangalore",7ff6c7a0fee5555b,273048.64
ACC_00969,2023-07-02,+917519576510,"485, Civil Lines, Delhi",4593b8f332b7a0e5,25770.82
ACC_00970,2024-10-24,+917271010895,"133, Market Street, Kolkata",4b68e4c9743f5e4b,31652.32
ACC_00971,2025-02-23,+919181521564,"157, Park Avenue, Delhi",58b5f48d90368eeb,174656.61
ACC_00972,2025-11-19,+917578811244,"139, MG Road, Delhi",9bebb1e6621c5d3f,16856.65
ACC_00973,2024-07-11,+918885724510,"351, Gandhi Nagar, Chennai",f12f9e16116fb900,28522.4
ACC_00974,2024-08-25,+918669765185,"61, Civil Lines, Pune",c8d13536423feb38,396763.88
ACC_00975,2025-10-03,+918420956288,"77, Civil Lines, Mumbai",c19665c433553206,11500.64
ACC_00976,2025-04-14,+918425519601,"386, Lake View, Bangalore",f260dc6843024946,7696.63
ACC_00977,2025-10-18,+919903263433,"63, Station Road, Lucknow",9fac4b6f866ebd32,28138.03
ACC_00978,2025-09-13,+919532882443,"401, MG Road, Jaipur",16014db9a91e6288,11016.85
ACC_00979,2025-05-02,+919078178610,"390, MG Road, Delhi",1f7455117142ec90,153950.69
ACC_00980,2025-07-09,+919519140032,"118, Nehru Street, Mumbai",24fe53c4b9dd740f,13425.21
ACC_00981,2018-12-28,+918815954671,"164, Gandhi Nagar, Jaipur",ba54082fdaf670d6,7940.46
ACC_00982,2025-06-09,+917323916649,"257, Nehru Street, Delhi",c31769f86de422fe,291229.17
ACC_00983,2026-02-03,+918864636681,"322, Civil Lines, Chennai",8b1cb385706c49a2,2117.3
ACC_00984,2025-10-08,+917448668058,"98, Station Road, Mumbai",ea18d097f1220895,13002.87
ACC_00985,2023-09-20,+917013938222,"390, Market Street, Jaipur",b6342417ac21ca3d,12995.18
ACC_00986,2019-04-16,+919981115781,"463, Park Avenue, Hyderabad",162cf10cab8f0120,9036.86
ACC_00987,2021-08-16,+919071055151,"173, Market Street, Pune",759f9091c156a9a0,9761.63
ACC_00988,2016-09-27,+918090455124,"210, Ring Road, Hyderabad",1b982a928335f62c,8007.15
ACC_00989,2025-07-06,+918886133995,"367, Station Road, Hyderabad",3e4db449b3e8707b,32248.22
ACC_00990,2026-03-26,+919397255853,"475, Lake View, Delhi",79f418d3a78bba82,50408.32
ACC_00991,2025-03-06,+918340753238,"481, Station Road, Delhi",ee09702c46186842,28650.55
ACC_00992,2024-10-01,+919109233855,"18, MG Road, Mumbai",6214f1e7caf5c218,141647.31
ACC_00993,2025-08-01,+919549811313,"71, Park Avenue, Pune",9f412fb821c2a8b4,2319.47
ACC_00994,2024-08-24,+918928201626,"93, Market Street, Mumbai",fa67369d9f4c887e,5075.29
ACC_00995,2024-10-05,+917924085233,"205, Civil Lines, Jaipur",9a96bd8d03b8f230,22084.24
ACC_00996,2026-03-17,+919238360386,"247, Hill Road, Chennai",060bb255a4f74512,54996.58
ACC_00997,2025-05-06,+917161233380,"177, Civil Lines, Kolkata",7939cffd780df85d,6350.47
ACC_00998,2023-12-06,+917832227490,"118, Nehru Street, Delhi",7e13aaf8acbd95f9,21083.4
ACC_00999,2025-01-08,+918684725120,"7, Lake View, Hyderabad",6c69aefc6dd74a3b,500.0
ACC_01000,2025-11-21,+919002244121,"99, MG Road, Pune",971e9d2af6293e9d,17654.93
ACC_01001,2024-04-19,+919930693169,"14, Nehru Street, Chennai",a278673431793822,
ACC_01002,2025-02-08,+918771966020,"262, Nehru Street, Kolkata",02633ad04f75c02e,
ACC_01003,2024-09-19,+917579532438,"310, Hill Road, Bangalore",c4346bfd636b5197,112030.91
ACC_01004,2023-01-10,+917997337995,"214, Market Street, Kolkata",91ada969f7b4847b,
ACC_01005,2024-10-29,+918529909713,"440, Park Avenue, Hyderabad",eaaaa89babf0c8e3,7000.7
ACC_01006,2023-06-04,+917185230640,"379, Station Road, Lucknow",8854de11188b49d3,89621.37
ACC_01007,2025-08-08,+917253627432,"220, Park Avenue, Hyderabad",c69a2b0d318bab8e,
ACC_01008,2024-08-10,+918903400282,"438, Lake View, Kolkata",909c51ca60985012,5985.4
ACC_01009,2025-06-04,+917664513286,"166, Hill Road, Bangalore",4cb31021c0c55ff8,150415.99
ACC_01010,2025-03-24,+919745236316,"243, Nehru Street, Delhi",3e95ca1587a0155c,2273.59
ACC_01011,2022-12-13,+917348639874,"463, Ring Road, Chennai",e5f4bf500c5d67f9,49432.13
ACC_01012,2021-01-17,+919370592557,"80, Lake View, Hyderabad",c5bff0c8be95a50d,1440.7
ACC_01013,2025-09-25,+918994158695,"166, Ring Road, Chennai",cc274aa2f67623ef,40945.2
ACC_01014,2024-11-05,+918244850455,"31, Station Road, Hyderabad",ab54ec4c3c3f3f4a,25054.08
ACC_01015,2025-03-31,+919032771021,"99, MG Road, Jaipur",726faffa0bd486c2,654775.19
ACC_01016,2025-06-10,+918361343702,"260, Market Street, Delhi",684836e18796dd5d,7647.37
ACC_01017,2023-01-16,+919975831448,"87, Market Street, Pune",9ec7d3ea6aa0de5b,6399.44
ACC_01018,2022-02-14,+917382381350,"88, Hill Road, Delhi",1a841a9aa09b25e4,59990.04
ACC_01019,2025-09-01,+918248003134,"484, Lake View, Pune",be6154141ec5a98c,5633.03
ACC_01020,2025-05-29,+918103708697,"102, Civil Lines, Lucknow",7467d38f39f3b6af,235344.65
ACC_01021,2022-03-13,+918924403331,"402, Station Road, Lucknow",700ad44b6399a12d,99813.09
ACC_01022,2026-02-06,+919557857745,"130, Market Street, Delhi",e12502fce2875300,3046.32
ACC_01023,2025-11-30,+917993257336,"188, Civil Lines, Delhi",db935bcc58c35a30,37423.34
ACC_01024,2025-02-26,+918917995792,"473, Civil Lines, Hyderabad",b9b09de7fbebd8bf,50188.19
ACC_01025,2025-03-31,+918317881419,"172, Lake View, Kolkata",2ab401616a5e785b,109430.1
ACC_01026,2024-05-17,+917669491916,"243, Gandhi Nagar, Kolkata",8b33052e6fcd2bf0,3458.12
ACC_01027,2016-09-27,+917140657463,"149, Hill Road, Jaipur",4a6b9d1981a36dec,4710.75
ACC_01028,2024-09-03,+917020166652,"151, Ring Road, Pune",fd050a8be5ef678a,19049.54
ACC_01029,2025-08-02,+918374312847,"247, Gandhi Nagar, Mumbai",410409860999238f,24566.81
ACC_01030,2025-06-10,+919795787981,"493, Market Street, Pune",9d9ee901eacce91e,2373.26
ACC_01031,2026-03-09,+919986549127,"307, Nehru Street, Bangalore",a9099e238a31fa2a,15393.9
ACC_01032,2023-08-13,+918179053311,"447, MG Road, Pune",41d58ae79542ae0a,840.06
ACC_01033,2016-09-27,+917916743320,"300, Lake View, Ahmedabad",15dab4c4c64d1fd1,39023.06
ACC_01034,2025-04-28,+918945935277,"60, Hill Road, Lucknow",6790edb65180f5da,4452.86
ACC_01035,2025-03-05,+919011783250,"42, Civil Lines, Ahmedabad",27e9be9d999dc59f,8235.64
ACC_01036,2025-11-12,+918630960225,"253, Hill Road, Lucknow",a26adfc8da87417f,10590.56
ACC_01037,2023-11-25,+917279060770,"83, Ring Road, Jaipur",c189b5c54464d54e,9204.55
ACC_01038,2024-11-19,+918986307544,"436, Nehru Street, Kolkata",f3ecc030b5379562,86908.07
ACC_01039,2025-02-20,+918782883642,"129, Civil Lines, Pune",8f6b8b4126fa1c96,25259.32
ACC_01040,2025-02-14,+917863430880,"125, Lake View, Kolkata",8d6b5d22edb58cc3,11367.91
ACC_01041,2023-12-28,+918386729611,"154, MG Road, Kolkata",f225830bc9293bb3,153466.95
ACC_01042,2025-04-18,+917708107788,"498, MG Road, Lucknow",66db2c0426ddced8,12575.64
ACC_01043,2025-04-13,+919520213858,"176, Market Street, Chennai",4ba23f7cbe55e26b,10882.88
ACC_01044,2025-02-10,+917356673803,"476, Gandhi Nagar, Chennai",838f333f8bd51a1a,242525.4
ACC_01045,2016-09-27,+918524187828,"51, Park Avenue, Delhi",c57b591fe556d3a1,69072.08
ACC_01046,2024-07-04,+918275771618,"326, Ring Road, Chennai",e2f058ef41c3d111,11922.39
ACC_01047,2023-04-28,+918703576764,"495, Lake View, Jaipur",18a3c5185f269d8f,9320.76
ACC_01048,2024-09-05,+918416459067,"279, Hill Road, Chennai",99d915d158666aa1,2563.41
ACC_01049,2024-07-29,+917518892235,"436, Nehru Street, Delhi",dd151b1333a1d196,9107.48
ACC_01050,2025-05-11,+917973748571,"96, Market Street, Chennai",1577cbe26a5e2564,7020.58
ACC_01051,2025-01-16,+919678912695,"225, Nehru Street, Pune",1e165cf746a84462,12193.06
ACC_01052,2023-04-23,+919701960581,"415, Civil Lines, Chennai",8ae5b07904f7ede0,1729.45
ACC_01053,2023-11-02,+919089813621,"36, Gandhi Nagar, Bangalore",ac25d3cb2fa5ee76,7925.7
ACC_01054,2021-12-13,+917462199932,"134, Station Road, Jaipur",a9aba07e83108f35,88110.52
ACC_01055,2020-01-25,+918143999122,"366, Gandhi Nagar, Kolkata",02b3345272572122,12398.49
ACC_01056,2025-06-18,+919616938527,"461, Civil Lines, Chennai",c63460346cd10512,17183.92
ACC_01057,2025-08-28,+919461729984,"42, Gandhi Nagar, Bangalore",429b087d2ced4f3d,20172.63
ACC_01058,2026-01-23,+917716134893,"370, Lake View, Kolkata",71261290657f35cd,5044.08
ACC_01059,2019-09-16,+919197951822,"468, Market Street, Hyderabad",f40a42cfdb56aeda,41330.73
ACC_01060,2020-01-09,+918154066218,"77, Civil Lines, Bangalore",16a60217637d02c4,23036.74
ACC_01061,2020-07-30,+917102898350,"283, Market Street, Hyderabad",f5aa660488793813,29291.05
ACC_01062,2024-07-03,+919247081664,"4, MG Road, Mumbai",a84727b5b4f74251,143471.74
ACC_01063,2023-10-23,+918543834676,"264, Civil Lines, Mumbai",b640735e354b7342,70856.8
ACC_01064,2025-07-23,+918511602319,"248, Park Avenue, Bangalore",954f8179ba0dbc3e,57298.64
ACC_01065,2024-07-14,+918478043453,"470, Ring Road, Chennai",3345c7f6897399d0,1830.96
ACC_01066,2026-03-29,+917124191485,"126, Ring Road, Ahmedabad",20d9183d2f1fa76c,19656.68
ACC_01067,2025-02-24,+918328144917,"223, Gandhi Nagar, Lucknow",09c37c9d6af570fa,4005.62
ACC_01068,2022-11-13,+917306170155,"321, Nehru Street, Lucknow",b822f324f598aa06,19876.01
ACC_01069,2025-06-25,+918645704852,"446, Park Avenue, Hyderabad",7011fc8da552f3aa,960.9
ACC_01070,2025-11-28,+919507240374,"76, Market Street, Chennai",a24200b2bf6f2b6e,14590.35
ACC_01071,2025-11-21,+919622595720,"93, Ring Road, Delhi",d1096c7c17736a3f,24291.23
ACC_01072,2024-11-02,+918986109371,"430, Market Street, Lucknow",729edd3f392f8df4,56738.11
ACC_01073,2023-05-22,+918080298890,"302, Gandhi Nagar, Chennai",59a2ea8fbaccce67,97007.4
ACC_01074,2022-05-16,+919458926522,"350, Nehru Street, Chennai",01929894d760ee5f,2969.27
ACC_01075,2024-11-03,+919850117621,"402, Park Avenue, Kolkata",34fb73a7bd0fcc96,8874.1
ACC_01076,2024-02-17,+919038411649,"457, Civil Lines, Jaipur",6cb1badeafb8f4be,17743.66
ACC_01077,2021-09-14,+917617947876,"349, Civil Lines, Pune",1af72d245610bf19,39411.75
ACC_01078,2024-09-17,+918413458565,"69, Station Road, Chennai",10f7cda6a00dc894,451110.96
ACC_01079,2024-02-17,+919025625146,"18, Hill Road, Delhi",1623caf287da5627,13914.05
ACC_01080,2026-03-29,+918907728758,"62, Nehru Street, Chennai",1461e7cca35390a3,150075.38
ACC_01081,2022-03-29,+919769849507,"214, Station Road, Kolkata",82de882c8dcc0246,45159.64
ACC_01082,2024-12-02,+918775671008,"286, Ring Road, Mumbai",992fad6079564707,69387.88
ACC_01083,2025-01-17,+919329198111,"6, Ring Road, Delhi",c981dce2880444cd,45507.46
ACC_01084,2025-04-23,+918847198441,"41, Park Avenue, Lucknow",fedd89147aa2cd73,49669.16
ACC_01085,2025-06-25,+919072368035,"223, Lake View, Jaipur",c41c0e78b17c6f3d,7654.28
ACC_01086,2023-10-02,+917737260887,"441, Market Street, Chennai",1b1b0c78795dea7f,23694.39
ACC_01087,2018-12-11,+918942745840,"207, Park Avenue, Bangalore",5c1f087b5e978494,37204.51
ACC_01088,2025-10-27,+919153395810,"345, Park Avenue, Jaipur",4ab6e9755dca9db5,22581.12
ACC_01089,2024-03-20,+918843385774,"431, Nehru Street, Kolkata",4c9fb0ad2123397c,9521.63
ACC_01090,2025-04-17,+917953213546,"183, Ring Road, Kolkata",27d625254b60276d,123034.43
ACC_01091,2024-06-21,+918549907951,"71, Park Avenue, Mumbai",79ddd24375a6a97f,12741.11
ACC_01092,2024-11-23,+918028531282,"338, Park Avenue, Delhi",c93b74170b1ecaf0,8800.75
ACC_01093,2026-03-29,+918502088784,"236, MG Road, Lucknow",9fc3a845bbdcac01,500.0
ACC_01094,2023-04-02,+917029686342,"484, Station Road, Kolkata",c72608086476701e,17887.01
ACC_01095,2024-02-19,+918595443454,"314, Hill Road, Lucknow",5c5e791128503c08,18045.14
ACC_01096,2025-07-23,+918748369564,"476, Ring Road, Ahmedabad",4e2a20209dbea181,13389.4
ACC_01097,2025-09-05,+919223472509,"27, MG Road, Hyderabad",0b2895bf6926213f,7631.22
ACC_01098,2024-02-11,+917255698780,"264, MG Road, Kolkata",488fd4a6b9a028ba,18307.64
ACC_01099,2022-03-29,+918892090385,"52, Civil Lines, Bangalore",6fde2234367079c4,12840.71
ACC_01100,2025-06-11,+918312916035,"491, Hill Road, Ahmedabad",ff3d47edbd732018,12843.07
ACC_01101,2025-11-26,+919663665785,"371, Ring Road, Ahmedabad",2340a09dc0811a17,10908.74
ACC_01102,2026-01-29,+918078304249,"274, Park Avenue, Pune",87ffa1e3998cd186,108282.06
ACC_01103,2020-07-25,+918402654386,"405, MG Road, Jaipur",fc2686b178a354c0,3497.41
ACC_01104,2022-06-28,+918956343587,"109, Station Road, Bangalore",d9357b8a93707390,9963.61
ACC_01105,2021-04-04,+919996012876,"166, Gandhi Nagar, Chennai",e814523b02948252,22366.37
ACC_01106,2016-09-27,+917301470108,"230, Hill Road, Delhi",8fba7b2eca2c8667,80773.92
ACC_01107,2021-11-27,+918403196959,"360, Park Avenue, Chennai",e7da2cd264873493,54672.54
ACC_01108,2024-04-23,+917722391342,"91, Hill Road, Jaipur",03549b0b523f0ab9,4175.17
ACC_01109,2024-04-29,+918936714180,"345, Civil Lines, Delhi",529e665834c2bea7,579449.6
ACC_01110,2025-11-21,+919634239111,"306, MG Road, Delhi",0ed5ba335ee5f571,6399.0
ACC_01111,2024-07-06,+919238850305,"403, Lake View, Ahmedabad",d6ec15c5c0249c86,6217.6
ACC_01112,2024-09-24,+919871999204,"304, Station Road, Delhi",982ec483d0c4a187,199201.03
ACC_01113,2024-06-15,+918605718816,"182, Gandhi Nagar, Kolkata",6b043456af0184c3,76904.46
ACC_01114,2023-10-19,+919494055992,"126, Market Street, Chennai",2ab081addaeb83e2,
ACC_01115,2021-11-07,+919666205864,"211, Lake View, Mumbai",740d44101e3ca73e,20404.67
ACC_01116,2025-08-27,+919030604836,"95, MG Road, Kolkata",e6a8765e7767ca10,182975.71
ACC_01117,2026-01-13,+918606467365,"379, Station Road, Lucknow",2a8c47ce3875b05a,31885.44
ACC_01118,2021-10-17,+917189049497,"446, Ring Road, Hyderabad",ec9c3e64e4c0e911,137031.4
ACC_01119,2023-06-25,+918004855769,"138, Hill Road, Kolkata",f80f365eddeec286,9724.1
ACC_01120,2026-02-16,+919563334507,"383, Hill Road, Delhi",1b9f166112fb4be2,3309.71
ACC_01121,2025-08-31,+917009120108,"121, Gandhi Nagar, Ahmedabad",1074279fa2055aa9,7414.62
ACC_01122,2025-01-17,+917031437461,"290, MG Road, Delhi",0b6b2d25b87c0632,43551.0
ACC_01123,2023-09-28,+918170914179,"437, Gandhi Nagar, Mumbai",9c9c7df078219c5a,5162.94
ACC_01124,2019-08-09,+917032424550,"210, Ring Road, Kolkata",a63676fbfcb796e4,25601.5
ACC_01125,2026-03-21,+919311548644,"86, Nehru Street, Mumbai",ecd8034225e2638f,56619.14
ACC_01126,2024-06-14,+917285634112,"264, MG Road, Mumbai",abb637963096d7d4,11723.71
ACC_01127,2020-05-03,+917039530214,"174, Ring Road, Mumbai",b96be91ed0f52a5f,26321.61
ACC_01128,2023-01-04,+917850167335,"209, Station Road, Jaipur",eac8f1efdd53cdb0,8154.25
ACC_01129,2025-05-24,+918296701358,"408, MG Road, Hyderabad",d927d7fc4e8ad4db,4534.92
ACC_01130,2018-08-18,+919475887264,"52, Nehru Street, Jaipur",eb15f41864cb48a9,305476.24
ACC_01131,2023-11-04,+917911244688,"116, Nehru Street, Jaipur",93cd81aee85cd613,36160.19
ACC_01132,2025-09-15,+917913662913,"106, Market Street, Lucknow",c8a9988ce094dc37,16340.35
ACC_01133,2019-08-31,+919446514726,"193, Gandhi Nagar, Kolkata",9716358fe1c8a519,36012.09
ACC_01134,2024-09-21,+919746902690,"400, Market Street, Hyderabad",92e330235173a273,4465.59
ACC_01135,2025-12-17,+919826069739,"259, Lake View, Pune",3b47e963eac1d2c7,370689.33
ACC_01136,2024-12-09,+919521428089,"414, Ring Road, Jaipur",b7b3d981c5ab81e1,30125.36
ACC_01137,2024-11-22,+919104132083,"46, Market Street, Chennai",d1a4935eeef5cae8,103125.55
ACC_01138,2025-01-15,+917638221228,"333, Market Street, Pune",6785400865e8100d,812331.84
ACC_01139,2024-04-23,+918283136288,"135, Park Avenue, Lucknow",c34ff5594796e7fb,50380.57
ACC_01140,2025-12-24,+919771714769,"154, Park Avenue, Chennai",a5e7b82a8650accc,126189.69
ACC_01141,2025-09-04,+919358384722,"249, Market Street, Ahmedabad",15f0c862c5fbb8d7,10053.05
ACC_01142,2025-07-19,+918349041096,"93, Station Road, Delhi",de22fe21299206af,8047.74
ACC_01143,2022-05-24,+917957896891,"123, Hill Road, Delhi",b852261cc86606d2,8595.5
ACC_01144,2024-12-28,+919013812739,"242, Ring Road, Jaipur",5faf15d4c08c0369,29174.38
ACC_01145,2022-09-11,+919933615724,"208, MG Road, Lucknow",11a88271e6a98061,3053.91
ACC_01146,2025-02-01,+917282150235,"247, Lake View, Bangalore",44cfb0913f48c7f5,239138.76
ACC_01147,2026-02-21,+919255999592,"413, Hill Road, Mumbai",3c8028b217f95dcd,24304.54
ACC_01148,2024-08-04,+918503379524,"165, Nehru Street, Kolkata",77df0d7e5fa997b8,35736.71
ACC_01149,2025-07-17,+918868625746,"46, Gandhi Nagar, Kolkata",9e8926163adc2357,76386.76
ACC_01150,2025-05-03,+919668827652,"433, Ring Road, Bangalore",2ad82dc49d5dcff9,75345.25
ACC_01151,2025-05-31,+918448480039,"10, Park Avenue, Chennai",e7d0444aa876e0b8,
ACC_01152,2025-06-03,+919008276228,"432, Lake View, Lucknow",0ec0daeac4e6bf1c,7347.83
ACC_01153,2026-01-03,+917275554139,"265, Market Street, Mumbai",f60befcd8134ee1c,37577.35
ACC_01154,2021-01-14,+917740263186,"316, Hill Road, Pune",5b8a21223010a222,7155.73
ACC_01155,2024-03-05,+919201100082,"394, Park Avenue, Chennai",26ecaccdac76afe3,5463.41
ACC_01156,2022-12-08,+918416842918,"341, Park Avenue, Mumbai",3261ed44d804f1b5,9285.07
ACC_01157,2025-05-13,+919964720288,"259, Lake View, Lucknow",0bcf4cd45d82caf6,8613.45
ACC_01158,2024-11-03,+918507839717,"154, Civil Lines, Kolkata",1cc1cb4ce1245635,8718.62
ACC_01159,2024-04-16,+919625993268,"249, MG Road, Jaipur",4eb5463ce6b06156,8278.15
ACC_01160,2024-03-12,+918970463317,"53, Hill Road, Pune",767913c1f9c016fc,4706.11
ACC_01161,2026-01-12,+917913491929,"133, Ring Road, Lucknow",ded38e7cd5db5e2f,15931.58
ACC_01162,2025-07-21,+919838453083,"338, Market Street, Mumbai",68eb74e014b12ec6,1580477.68
ACC_01163,2024-08-25,+918180825456,"49, Ring Road, Hyderabad",5ce2c5b0a3b88ab7,33508.72
ACC_01164,2025-10-08,+918514723448,"477, Hill Road, Jaipur",6bf55ca28e1d41e6,124179.57
ACC_01165,2024-07-29,+917403015673,"443, Gandhi Nagar, Delhi",0018ba2eb995a7e9,217331.96
ACC_01166,2025-05-30,+918791769387,"440, Gandhi Nagar, Mumbai",6bffa6818ad37289,20423.2
ACC_01167,2019-07-12,+917988395588,"49, Gandhi Nagar, Bangalore",103ea1e5f6fba0f3,1995.37
ACC_01168,2024-09-07,+919648481544,"207, Station Road, Bangalore",42ad0e673bc8f6bf,41999.5
ACC_01169,2024-04-21,+918262720564,"464, Lake View, Kolkata",9d93319e04b51405,108887.41
ACC_01170,2025-11-22,+918686371463,"375, Hill Road, Mumbai",e2fffdbebf2dd680,156347.7
ACC_01171,2023-12-14,+917339596852,"48, Civil Lines, Lucknow",c21dd693da623715,32307.32
ACC_01172,2025-10-31,+919261435486,"108, Park Avenue, Pune",91d17188c164c540,429909.33
ACC_01173,2025-12-01,+917605618617,"28, Hill Road, Lucknow",c2cadad3dd116036,181543.23
ACC_01174,2024-11-22,+919441647572,"475, Ring Road, Bangalore",e1931296bbef073d,22584.56
ACC_01175,2025-07-11,+917257397807,"400, MG Road, Kolkata",39ee0d0ef4cedd69,3057.29
ACC_01176,2025-06-27,+918950145630,"175, MG Road, Kolkata",d0f77f41458ccce2,37765.4
ACC_01177,2025-09-23,+918655415678,"75, Hill Road, Hyderabad",13070e388c2b64dd,27667.7
ACC_01178,2025-03-01,+919223542344,"133, MG Road, Kolkata",832352d10ad99c98,191306.25
ACC_01179,2023-09-04,+918291578674,"71, Nehru Street, Delhi",64d00832dd92345d,9428.49
ACC_01180,2025-01-09,+918854633375,"310, Ring Road, Jaipur",76b1a7791eefedb7,58407.73
ACC_01181,2025-06-11,+918925680146,"208, Market Street, Bangalore",59372c01960fd22d,3563.0
ACC_01182,2025-04-05,+919430592862,"214, Market Street, Jaipur",e9a317dbbd3dc99c,16913.52
ACC_01183,2021-10-17,+919920111664,"443, Station Road, Kolkata",195bdab7ff8fd77e,14657.23
ACC_01184,2022-05-29,+917301466352,"193, Hill Road, Mumbai",7e0bbec096b0a603,
ACC_01185,2026-03-29,+919482087558,"307, Hill Road, Mumbai",831c96aca07c7767,12455.76
ACC_01186,2025-02-02,+917511653022,"260, Hill Road, Lucknow",f3253ca50edda38a,6750.72
ACC_01187,2023-11-25,+917231388299,"185, Lake View, Mumbai",afd130ee31098a0a,12250.19
ACC_01188,2023-12-26,+917190502361,"389, Gandhi Nagar, Bangalore",c27e9ef16b974eba,102472.14
ACC_01189,2024-11-25,+919875970073,"450, Hill Road, Jaipur",6508c7abf040486f,101575.48
ACC_01190,2025-11-05,+917645951005,"359, MG Road, Chennai",ae2050be52f7a113,109191.42
ACC_01191,2025-10-28,+917135072825,"49, MG Road, Bangalore",2b4940cc076625b9,197626.23
ACC_01192,2024-07-28,+917595094956,"21, Hill Road, Ahmedabad",ccd08c24cb6e853c,208459.73
ACC_01193,2023-05-29,+918550888610,"314, Nehru Street, Hyderabad",7d80ce66cd76115a,2661.4
ACC_01194,2025-01-20,+917437247596,"438, Market Street, Lucknow",b6780adedcf7d814,82235.64
ACC_01195,2025-12-14,+918048297108,"471, Gandhi Nagar, Delhi",a835513944d8f83f,15222.49
ACC_01196,2025-10-22,+918224425517,"458, Hill Road, Delhi",04704899677b53b8,415212.62
ACC_01197,2024-06-15,+919829175704,"495, Civil Lines, Kolkata",5ffbd9f4f5c0e760,48431.99
ACC_01198,2016-09-27,+919995678516,"174, Ring Road, Kolkata",58a20edae06d2e71,5610.98
ACC_01199,2025-12-24,+917091165645,"474, Hill Road, Jaipur",be76d038dd5382f1,22363.86
ACC_01200,2024-05-04,+917970146578,"408, Nehru Street, Bangalore",9f744dc40409ca86,15494.7
ACC_01201,2025-01-20,+918307288636,"84, Gandhi Nagar, Kolkata",55cf50a2c3e72875,136404.69
ACC_01202,2024-07-13,+919104496834,"371, Gandhi Nagar, Bangalore",58736d33476be068,17627.98
ACC_01203,2023-07-07,+917470420799,"325, Gandhi Nagar, Bangalore",a87256453e90a9de,365884.86
ACC_01204,2025-07-06,+919102181484,"452, Park Avenue, Hyderabad",d5d37a4b689b0663,21068.4
ACC_01205,2025-04-18,+917786518258,"453, Market Street, Bangalore",056381f3fb1fe1fa,77006.97
ACC_01206,2025-05-22,+918023845632,"456, Nehru Street, Ahmedabad",e14d4da5eb47d37a,17747.98
ACC_01207,2024-07-31,+917682362943,"334, Gandhi Nagar, Ahmedabad",f5498be0debf2b3e,64623.77
ACC_01208,2019-04-11,+919404873204,"382, Hill Road, Mumbai",7733676aa0cc1f89,10322.35
ACC_01209,2025-09-30,+918514015339,"246, Market Street, Delhi",5d4592249a5e8c45,12365.03
ACC_01210,2020-12-28,+918784082426,"212, Civil Lines, Lucknow",fa928c510dc315a7,51939.53
ACC_01211,2024-04-19,+917677067596,"415, Nehru Street, Bangalore",be5a1e3790fb0837,6727.14
ACC_01212,2022-08-09,+919712450992,"104, MG Road, Ahmedabad",27cf1a99434277cf,7990.35
ACC_01213,2025-04-19,+917097304218,"243, Civil Lines, Pune",75d424f667b7724a,23099.75
ACC_01214,2023-07-05,+917455842575,"293, Ring Road, Ahmedabad",931f03f916cd861a,88364.31
ACC_01215,2024-10-10,+919006629613,"476, Park Avenue, Mumbai",e4c18588d232a575,14982.43
ACC_01216,2023-11-08,+918900640213,"205, Civil Lines, Ahmedabad",756af156925d440a,135617.49
ACC_01217,2024-04-04,+917041517281,"100, Hill Road, Bangalore",afcba6886193c47c,146447.9
ACC_01218,2026-03-01,+918979697728,"91, MG Road, Bangalore",f00a95525bce7ae8,500.0
ACC_01219,2024-02-14,+917776888731,"34, Gandhi Nagar, Lucknow",da4e09276bcc50c0,4777.67
ACC_01220,2024-08-11,+918926188684,"399, Market Street, Lucknow",41fabea9ce76d540,48332.91
ACC_01221,2025-10-05,+917741460648,"284, Lake View, Kolkata",1ff819d0c0ff9a1b,352703.93
ACC_01222,2024-11-24,+918502170212,"353, Market Street, Kolkata",1e91de342c2a8de1,28746.62
ACC_01223,2023-06-14,+918147859940,"447, Lake View, Bangalore",f16159ee7f814c07,47194.33
ACC_01224,2023-04-09,+917285935027,"275, Hill Road, Jaipur",d72113077c421b6f,
ACC_01225,2021-12-02,+917212115356,"18, Station Road, Pune",9db3752e1b0a5242,265114.57
ACC_01226,2025-07-22,+919740821990,"88, Civil Lines, Jaipur",fae5537f47a4f8f2,304355.76
ACC_01227,2022-07-24,+918130976968,"492, Park Avenue, Jaipur",b8f1cba073c9aca1,12634.98
ACC_01228,2024-08-03,+918946840690,"278, Park Avenue, Ahmedabad",1b06f7fe716cc03c,18628.74
ACC_01229,2025-03-14,+918728330723,"234, Civil Lines, Lucknow",167e4e69d5ecd8da,31783.37
ACC_01230,2025-10-07,+917670835431,"327, Gandhi Nagar, Bangalore",535f65918f34dc0b,1001640.95
ACC_01231,2024-04-12,+919695681969,"373, Civil Lines, Chennai",0d3b0e0c614930d9,157598.88
ACC_01232,2025-08-19,+919474325683,"299, Civil Lines, Delhi",b2330b89ce9958d9,33952.67
ACC_01233,2020-06-21,+919768355837,"470, Nehru Street, Chennai",a551c3e66466d128,4289.17
ACC_01234,2024-05-22,+919673839158,"206, Hill Road, Delhi",3a4333b44be6ced5,35434.69
ACC_01235,2022-07-22,+918054388595,"307, Nehru Street, Delhi",a061a013c6b5a81e,195054.95
ACC_01236,2026-01-01,+918637789222,"310, Ring Road, Lucknow",b371a546036e2bb8,34219.61
ACC_01237,2025-06-07,+918134992934,"474, Park Avenue, Pune",8b228f79703b15f4,9552.54
ACC_01238,2024-11-17,+919418011435,"163, Nehru Street, Delhi",b739be9900864590,
ACC_01239,2023-09-12,+918136621658,"388, Gandhi Nagar, Ahmedabad",9eb728f1b528ce40,6151.29
ACC_01240,2025-12-12,+919186820005,"474, Park Avenue, Jaipur",8e6d185b1b65f790,1995.7
ACC_01241,2024-10-13,+917942728933,"99, Hill Road, Ahmedabad",f70d9feaa8b8cc63,161358.39
ACC_01242,2025-08-10,+918436445350,"170, Nehru Street, Ahmedabad",92c73ab64fdda335,61323.87
ACC_01243,2025-05-07,+918381509046,"250, Lake View, Ahmedabad",b93bbc98ddd86729,64227.97
ACC_01244,2022-08-20,+919187610742,"463, Market Street, Lucknow",ab3c504430be991a,65868.18
ACC_01245,2024-03-20,+918754298210,"43, Park Avenue, Mumbai",050f80c228cbc86e,82522.61
ACC_01246,2025-07-28,+919071106007,"78, Civil Lines, Jaipur",45a709e086d31401,47594.26
ACC_01247,2024-05-09,+918138058255,"463, Station Road, Hyderabad",46121c56a36b489c,4528.22
ACC_01248,2022-03-31,+917415561895,"266, Market Street, Bangalore",c049aa5839b9bf02,31083.83
ACC_01249,2023-05-03,+918878495238,"319, Lake View, Ahmedabad",a5f054117b76b91b,35703.53
ACC_01250,2025-02-06,+917326697410,"405, Park Avenue, Lucknow",cde48232ef5f3027,12995.56
ACC_01251,2026-03-29,+918797588434,"165, Civil Lines, Delhi",16f338dee03c3b2f,53227.71
ACC_01252,2025-05-02,+917609572339,"427, Lake View, Chennai",a269727fc7d13acc,10080.4
ACC_01253,2026-01-01,+918990851051,"174, MG Road, Pune",c69fbb4a27a07b80,14045.68
ACC_01254,2022-11-12,+919426083079,"187, Station Road, Bangalore",b8d2bc24b3d7cc5b,116204.29
ACC_01255,2024-05-30,+919083718438,"392, Gandhi Nagar, Jaipur",7ea7b274791af57c,614197.43
ACC_01256,2025-02-27,+917418306607,"333, Gandhi Nagar, Delhi",07a8a14d3a5562e2,1708.89
ACC_01257,2026-02-27,+919492070820,"193, MG Road, Jaipur",020b7ddef53c87f0,21244.74
ACC_01258,2025-11-08,+917475557284,"339, Market Street, Ahmedabad",96060b849f28c836,10766.57
ACC_01259,2025-04-06,+917302469237,"459, Nehru Street, Jaipur",82f4bbcae864b5e5,4589.44
ACC_01260,2025-05-02,+917460581368,"461, Gandhi Nagar, Delhi",a9528fbd39187cff,460451.97
ACC_01261,2023-03-13,+919629050702,"497, Station Road, Kolkata",e15342078ae294ea,37715.36
ACC_01262,2025-01-18,+918938237725,"317, Hill Road, Ahmedabad",b0db1cf644d29678,2433.53
ACC_01263,2025-12-10,+918813229391,"85, Lake View, Lucknow",b8fb3a5f4207fe88,525840.77
ACC_01264,2024-05-31,+918275439605,"346, Civil Lines, Pune",5de9ccc21495e83b,71330.08
ACC_01265,2025-01-02,+917036471887,"80, Hill Road, Pune",06c745af4dd43031,59321.54
ACC_01266,2025-11-08,+918707866727,"279, Gandhi Nagar, Hyderabad",148891ce58af5990,63234.05
ACC_01267,2025-03-12,+918756203491,"464, MG Road, Lucknow",442d1806e9abe486,616331.47
ACC_01268,2025-09-16,+918080806060,"454, Civil Lines, Mumbai",7691784b24cb095e,6421.68
ACC_01269,2018-05-25,+919848142500,"254, Station Road, Hyderabad",a2ed012865bd5b01,7121.51
ACC_01270,2025-09-02,+918141952212,"204, MG Road, Ahmedabad",d33b55394b15a864,59479.67
ACC_01271,2024-09-24,+918879469190,"45, Hill Road, Delhi",4fb36b7ef9e8f1c0,224549.85
ACC_01272,2023-01-02,+917170881306,"467, Hill Road, Bangalore",95e2e4851a6f1e52,81371.99
ACC_01273,2026-03-11,+919687104172,"131, Market Street, Jaipur",50d96952500f3f85,91532.83
ACC_01274,2024-10-08,+917400164043,"48, Lake View, Pune",066b94e957692452,19055.04
ACC_01275,2024-12-25,+918295274534,"28, Gandhi Nagar, Jaipur",8399771f5d76af0c,22693.35
ACC_01276,2024-12-31,+917806541584,"234, Station Road, Ahmedabad",804f44953cc6f05e,159247.53
ACC_01277,2025-10-17,+919576896359,"270, Gandhi Nagar, Chennai",1a66e65564d5d708,5120.5
ACC_01278,2024-11-21,+919432781986,"71, MG Road, Delhi",123d3a559dbbbb5d,357059.11
ACC_01279,2024-07-13,+918718671530,"7, Station Road, Pune",6d8461df46bec158,25263.47
ACC_01280,2023-03-27,+917682502438,"103, Gandhi Nagar, Delhi",1d396e4de59729ad,4717.32
ACC_01281,2025-07-01,+919743133428,"10, Station Road, Lucknow",c188012fcdbed6f1,21122.19
ACC_01282,2025-11-28,+918462621364,"149, Nehru Street, Mumbai",0f50dea292b239e4,15136.56
ACC_01283,2025-02-09,+918235755220,"23, Nehru Street, Ahmedabad",e97306d85cef2540,220421.46
ACC_01284,2024-12-19,+919892016972,"32, Station Road, Kolkata",b07a01ac22cca4d3,1123.76
ACC_01285,2025-04-08,+918155869221,"30, Lake View, Lucknow",78195cbd3adc244f,61242.05
ACC_01286,2022-11-29,+917426346429,"423, Lake View, Bangalore",0f9af63fd5ecbefe,13326.12
ACC_01287,2024-07-15,+917205698058,"472, Market Street, Ahmedabad",9afac8d92286783b,12849.59
ACC_01288,2024-02-28,+918546302773,"98, MG Road, Hyderabad",95d0a4989a975b16,33609.68
ACC_01289,2025-12-29,+919243064677,"252, Market Street, Jaipur",61bcdf5c5e77165b,20705.74
ACC_01290,2023-09-19,+919891744295,"300, Market Street, Kolkata",2169a1b8157aad39,39466.13
ACC_01291,2025-05-07,+919808568095,"430, Civil Lines, Jaipur",bb019a7dc0f73ae6,43270.91
ACC_01292,2023-12-02,+917190419077,"422, Civil Lines, Delhi",dff6ade5584f28b3,301676.56
ACC_01293,2025-06-30,+918646372848,"229, Civil Lines, Delhi",45e285fde39fd2ad,11900.49
ACC_01294,2025-12-26,+919153931572,"252, Nehru Street, Bangalore",7e95bf0d1537c33c,1939.67
ACC_01295,2024-08-17,+917227150878,"87, Lake View, Jaipur",90ec8fc49706bf4c,37430.79
ACC_01296,2026-03-29,+918708556618,"464, Nehru Street, Mumbai",b1aa4e92e1dfd918,18674.67
ACC_01297,2024-04-18,+919130843744,"396, Lake View, Pune",5e8d73fabf9c7d70,83340.48
ACC_01298,2025-02-19,+917180718300,"357, Market Street, Bangalore",bdd9bb1448a6d76f,44605.21
ACC_01299,2026-01-18,+917311094961,"259, Lake View, Chennai",906daab670a4a7b0,19327.47
ACC_01300,2021-10-08,+919145102785,"317, Station Road, Jaipur",f6c749819933ca98,2323.59
ACC_01301,2021-07-19,+918218352068,"369, Ring Road, Pune",d2e8a95c43a58491,19645.84
ACC_01302,2025-07-15,+918427156278,"186, Civil Lines, Chennai",c6e8a783f0c1e14a,42866.2
ACC_01303,2024-07-05,+919961944960,"314, Hill Road, Delhi",de91e1a50fc390a6,
ACC_01304,2022-10-08,+917265924029,"439, Ring Road, Lucknow",c8043ecd2b9811a9,2686.45
ACC_01305,2023-08-05,+917637536912,"492, Nehru Street, Ahmedabad",f22fe3ab41ef8399,16383.37
ACC_01306,2024-11-23,+917381552969,"216, Nehru Street, Pune",584c6a5d45035c55,
ACC_01307,2024-07-13,+917687149283,"50, MG Road, Jaipur",ac146c7d99c2fe1b,51347.44
ACC_01308,2021-04-10,+919377048139,"264, Gandhi Nagar, Kolkata",f40cdd21887c7c82,23736.69
ACC_01309,2025-03-25,+917642117287,"221, Civil Lines, Ahmedabad",dd2319dc28dc12dd,113899.76
ACC_01310,2025-08-27,+919504284398,"75, MG Road, Mumbai",d0c8ab8ffc76de91,2655.23
ACC_01311,2024-12-13,+918467412681,"422, Ring Road, Jaipur",f7db283d58fa5420,456504.12
ACC_01312,2025-07-26,+919208222147,"34, Civil Lines, Pune",a2f7852fd6a42d16,101558.4
ACC_01313,2025-02-25,+918221427965,"444, MG Road, Lucknow",c7d532b195e53fdc,33895.64
ACC_01314,2022-04-15,+918397969291,"73, Nehru Street, Jaipur",6fd837f172dcfc08,62409.3
ACC_01315,2023-10-24,+917181782732,"282, Gandhi Nagar, Chennai",e5e19cbe7a0e109d,306793.79
ACC_01316,2025-01-29,+918635973474,"301, Nehru Street, Bangalore",8ab53c40828ea0a1,48986.54
ACC_01317,2017-02-04,+918679983856,"280, Park Avenue, Lucknow",b4860cd2fdea3fb7,13074.47
ACC_01318,2025-06-14,+917708333856,"37, Park Avenue, Pune",4a63b5b9934d1976,12673.22
ACC_01319,2024-09-23,+917773146697,"324, MG Road, Bangalore",2b1a9e4297a6d16e,80910.64
ACC_01320,2025-05-06,+917980765509,"250, Market Street, Kolkata",1c69cf4e025cef23,83176.09
ACC_01321,2021-05-19,+917454931883,"380, Gandhi Nagar, Ahmedabad",37d969dd2b0da5ed,10250.45
ACC_01322,2025-07-11,+918626160996,"72, Station Road, Chennai",1ae0baf1860bb166,23671.15
ACC_01323,2025-06-12,+919638687175,"267, Hill Road, Mumbai",21cf9f6cf7bbdbfd,563141.96
ACC_01324,2025-02-19,+918766398383,"409, Ring Road, Jaipur",f443d046b6c7c2e7,594240.34
ACC_01325,2022-08-09,+917209917255,"51, Station Road, Pune",ed2fd69b07d53a6a,73338.34
ACC_01326,2026-03-21,+918634031382,"162, Station Road, Delhi",de3553da0eb092bc,2548.83
ACC_01327,2023-10-05,+917848378347,"333, MG Road, Lucknow",c25736fb80360dd3,83352.43
ACC_01328,2025-03-17,+919874385553,"121, Market Street, Jaipur",0e1a06c56c906639,9046.44
ACC_01329,2024-05-31,+919246036553,"127, Lake View, Mumbai",0894349ddc370db2,16319.07
ACC_01330,2022-12-19,+919542503149,"226, Market Street, Jaipur",1ed993200832b165,16099.38
ACC_01331,2025-09-14,+918021444354,"132, Lake View, Chennai",c54c0875131f7481,9174.19
ACC_01332,2023-06-12,+917581821151,"446, Hill Road, Kolkata",f2c63565cce01ad8,56866.67
ACC_01333,2023-11-18,+918055062196,"60, Market Street, Jaipur",4de99d7a14070a27,11800.25
ACC_01334,2025-09-01,+919525366284,"98, Civil Lines, Jaipur",75fc3186bb98dd66,9525.83
ACC_01335,2024-05-10,+917116966879,"316, Nehru Street, Delhi",af44b6deca1ccfba,3150.39
ACC_01336,2026-03-29,+917484511193,"62, Lake View, Kolkata",7ed196d35d61dc70,120416.52
ACC_01337,2024-06-02,+917952307647,"201, Gandhi Nagar, Hyderabad",7093d12aa3e0d445,2006.89
ACC_01338,2024-11-11,+918198914581,"466, Hill Road, Hyderabad",04fc7fb3aba2c0cb,17885.77
ACC_01339,2023-10-26,+917809011890,"118, Lake View, Bangalore",552353d24d12c783,931.57
ACC_01340,2025-08-06,+917550293351,"98, Station Road, Jaipur",c99035700d0a78b4,5162.32
ACC_01341,2024-07-04,+918860858389,"213, Lake View, Ahmedabad",9a0f4d631bfb318c,6002.07
ACC_01342,2026-03-27,+919874597855,"290, MG Road, Kolkata",e14b5cd1b168317f,1462304.27
ACC_01343,2025-10-19,+917032440721,"250, Gandhi Nagar, Hyderabad",4067aa5a9262fbde,3130.89
ACC_01344,2022-10-07,+918218062343,"254, Market Street, Hyderabad",63d28bd4a876a642,54068.47
ACC_01345,2021-12-04,+917875295601,"118, Hill Road, Hyderabad",27b7b70c73e9809a,1763.94
ACC_01346,2025-02-04,+919054842587,"74, Civil Lines, Ahmedabad",095a09e39fe3aac5,61184.76
ACC_01347,2025-08-04,+917932343839,"2, Hill Road, Chennai",baf57ca2f31cd4bc,4109.76
ACC_01348,2025-08-15,+919925896372,"475, Station Road, Delhi",4c7cdb4f34d832ff,13107.92
ACC_01349,2024-11-02,+918737586625,"463, Nehru Street, Ahmedabad",5a7427d2c14c67b2,301511.85
ACC_01350,2025-07-11,+919316086203,"463, Hill Road, Hyderabad",1b2e16d5deff1a11,4581.18
ACC_01351,2021-04-12,+918482801189,"182, Station Road, Chennai",c2addcaccdc034bf,36704.42
ACC_01352,2026-03-29,+919641329721,"273, Civil Lines, Ahmedabad",d75e12e7dfe86a89,4471.82
ACC_01353,2025-03-10,+919786443085,"201, Civil Lines, Lucknow",b41045d06598af0b,18786.61
ACC_01354,2024-07-30,+919760908289,"199, Hill Road, Kolkata",c84cfff8b43227d7,183210.82
ACC_01355,2017-05-05,+919057460967,"434, MG Road, Jaipur",1c4fc6818dfc1d41,9227.95
ACC_01356,2019-08-05,+919327139038,"180, Market Street, Jaipur",61f674e341f24bab,28715.05
ACC_01357,2022-05-21,+918447643250,"459, Nehru Street, Chennai",dcff73b5605fc216,15377.22
ACC_01358,2022-03-01,+917382977357,"333, Market Street, Bangalore",cafee6a318f19488,113533.26
ACC_01359,2025-09-01,+918696064371,"182, Gandhi Nagar, Pune",39195e578f190f91,85709.85
ACC_01360,2023-11-07,+917355601983,"128, MG Road, Jaipur",3bc74705cbbe594e,45873.46
ACC_01361,2025-10-29,+918546184541,"230, Gandhi Nagar, Jaipur",93e52cc66fc65bef,40733.55
ACC_01362,2018-04-16,+919677062460,"382, Civil Lines, Kolkata",2d15120d2277b315,47992.78
ACC_01363,2024-04-06,+918193581761,"258, Station Road, Ahmedabad",19ea90d58450cd49,14620.42
ACC_01364,2022-09-16,+917337092044,"337, Lake View, Kolkata",6edef2fc6b663ebd,229675.86
ACC_01365,2025-09-02,+919107734416,"401, Nehru Street, Mumbai",4763b6e6693707f6,657211.0
ACC_01366,2023-03-31,+917545522344,"342, Civil Lines, Kolkata",ca09409c0dbbbb2f,37559.39
ACC_01367,2025-07-24,+917837259134,"478, Ring Road, Bangalore",1107a233a9644fec,4898.33
ACC_01368,2023-07-19,+919221545295,"393, Station Road, Ahmedabad",ae1d3bf10d2ef45f,73480.42
ACC_01369,2023-03-04,+919362290941,"457, Station Road, Chennai",d10f5d2e040bf03f,33372.59
ACC_01370,2025-03-31,+918543837414,"181, MG Road, Pune",e7fd096e2cd3fd5b,34654.26
ACC_01371,2022-07-20,+919777661941,"52, Park Avenue, Jaipur",0fe9c3e0fecdb66a,58267.9
ACC_01372,2025-02-20,+918754532521,"103, Hill Road, Bangalore",6efaf366fce33c57,24146.14
ACC_01373,2026-03-29,+917553013308,"397, Civil Lines, Mumbai",2df759979a108b5c,
ACC_01374,2025-02-22,+919617392433,"175, Ring Road, Mumbai",96e3096dac8f5691,82425.25
ACC_01375,2024-08-22,+919137796511,"92, Station Road, Pune",5b9e60359db87895,4264.85
ACC_01376,2025-11-13,+917796146789,"225, Hill Road, Ahmedabad",95938bfe32796192,22957.67
ACC_01377,2025-04-07,+917771342999,"359, Market Street, Delhi",b93258eeafdd23fd,27373.96
ACC_01378,2024-02-10,+918096793883,"243, Station Road, Chennai",391f20e59d19dff6,14832.77
ACC_01379,2025-09-21,+918923994078,"250, Nehru Street, Ahmedabad",299e56e72c2b6f9f,12079.01
ACC_01380,2023-02-25,+918336418324,"11, Station Road, Lucknow",396b641b51e4daba,
ACC_01381,2024-06-07,+917219891578,"166, MG Road, Mumbai",48ad37ec2a429d95,11666.04
ACC_01382,2025-12-12,+919727682791,"96, Hill Road, Pune",f4e344299a757db0,10514.16
ACC_01383,2023-04-14,+917012184101,"205, MG Road, Lucknow",481ff947c9770bcd,752.86
ACC_01384,2024-05-08,+918566016088,"199, Nehru Street, Delhi",6ea2da27211b54cd,109372.47
ACC_01385,2024-04-09,+917416880218,"106, Nehru Street, Mumbai",cfdd25dbdb9b22ec,4295.6
ACC_01386,2023-05-23,+919874110367,"418, Gandhi Nagar, Hyderabad",ebb306420b1e4b79,4343.24
ACC_01387,2025-06-10,+919601398501,"51, Gandhi Nagar, Kolkata",4e8e4ea19c46228d,35873.4
ACC_01388,2024-05-21,+917832339517,"15, Nehru Street, Kolkata",8ff9c7e48697668b,17780.72
ACC_01389,2023-06-08,+919598703670,"429, Civil Lines, Kolkata",d169dae9a43a40f3,2256.41
ACC_01390,2025-11-11,+919886678886,"35, Park Avenue, Hyderabad",a14170ccafc3c971,3753.63
ACC_01391,2025-02-28,+918731610583,"193, Park Avenue, Chennai",1a486d7b76fc6d0c,4073.35
ACC_01392,2024-09-06,+918897103500,"217, Gandhi Nagar, Ahmedabad",da3fec245cc42de8,75308.56
ACC_01393,2025-11-18,+919619710555,"419, Lake View, Mumbai",f191a1577283cf57,34926.15
ACC_01394,2021-08-22,+918665605775,"76, Market Street, Ahmedabad",58da36c186202c70,1194.3
ACC_01395,2026-02-28,+919960549075,"287, Nehru Street, Jaipur",61c2bdab252022f2,54342.11
ACC_01396,2024-09-18,+918204185373,"150, Gandhi Nagar, Mumbai",a336737ce723eb81,37910.54
ACC_01397,2021-07-19,+918997494355,"460, Market Street, Bangalore",d16c1c5765cde657,353495.24
ACC_01398,2023-07-30,+918007737562,"397, Hill Road, Mumbai",b203ba4eea01ea15,357853.84
ACC_01399,2020-12-13,+919975220239,"314, Ring Road, Bangalore",13d2a2fb363f3844,66199.16
ACC_01400,2024-01-20,+918201508084,"168, Gandhi Nagar, Bangalore",32e8a57f66878dfe,14269.57
ACC_01401,2025-10-01,+919814893437,"215, Ring Road, Bangalore",faf189435fef5630,3866.66
ACC_01402,2016-09-27,+918516280604,"24, Civil Lines, Ahmedabad",a8e85b1c55680a15,71114.96
ACC_01403,2026-02-07,+919914550277,"263, Gandhi Nagar, Jaipur",6b40c91bffc512b2,72642.43
ACC_01404,2025-12-31,+918289351480,"368, MG Road, Ahmedabad",9f00565ef864e538,35189.14
ACC_01405,2024-01-26,+917360664481,"304, Nehru Street, Chennai",bf3026d982a2c9f5,1608.59
ACC_01406,2025-06-06,+917693888346,"35, Station Road, Chennai",de190924ea1d260c,13224.47
ACC_01407,2024-07-13,+917598858811,"332, MG Road, Bangalore",a16298e84520cf95,16000.18
ACC_01408,2024-08-30,+919711004189,"339, Gandhi Nagar, Lucknow",0419cd864d2fd6c5,2839.07
ACC_01409,2025-04-05,+917835251294,"322, Nehru Street, Jaipur",4b556cc1122bcf90,7029.11
ACC_01410,2020-02-07,+919396541046,"248, Park Avenue, Delhi",4e4c0c6022be9bff,7872.12
ACC_01411,2025-08-23,+919474298377,"144, MG Road, Chennai",3c24e7d24d086ab5,35033.72
ACC_01412,2021-11-26,+917014504675,"123, Hill Road, Delhi",de4d9f6b4bd87982,80108.08
ACC_01413,2025-12-11,+917322148407,"418, Nehru Street, Delhi",e450ae37c3cc9363,
ACC_01414,2025-10-28,+917901164023,"480, Park Avenue, Mumbai",ea0dd043f0b707bd,65430.79
ACC_01415,2025-01-27,+918259770130,"475, Gandhi Nagar, Bangalore",824be58e5f0ffe36,77418.61
ACC_01416,2023-05-17,+919942601275,"37, Park Avenue, Pune",4116faf6e26dbb8d,23362.28
ACC_01417,2024-06-08,+917178461315,"476, Nehru Street, Chennai",558bd3c6cf7fc7d6,34367.14
ACC_01418,2025-09-13,+919157618940,"83, MG Road, Delhi",1ee3f127e39415f4,7364.61
ACC_01419,2025-05-28,+919038849872,"410, Ring Road, Kolkata",a589de6315501a53,4906.35
ACC_01420,2025-08-03,+917232318170,"62, MG Road, Chennai",b50488af52365af6,58892.39
ACC_01421,2026-03-29,+918891974053,"278, Civil Lines, Lucknow",13ffbf3bb47eda6f,1520.71
ACC_01422,2023-05-18,+918437227016,"57, Ring Road, Hyderabad",8a48092c6d9ac685,20398.07
ACC_01423,2018-09-11,+917699381908,"194, Civil Lines, Pune",41c41718c366883d,73226.95
ACC_01424,2024-05-09,+917916456553,"369, Hill Road, Jaipur",a5a4f6f0a947039e,68475.87
ACC_01425,2025-02-11,+917472576119,"264, MG Road, Mumbai",445be2bdeab3a2a1,5585.09
ACC_01426,2025-12-31,+918310577090,"453, Hill Road, Delhi",96affab85e37b16e,121840.17
ACC_01427,2024-07-26,+919045590713,"481, Station Road, Chennai",80f7dee4cb21ec56,23323.64
ACC_01428,2024-07-12,+918214647604,"393, MG Road, Jaipur",0dacff6b89dcd71a,17872.14
ACC_01429,2025-09-01,+917162726834,"384, Hill Road, Delhi",da81921b1f2b6ac3,1985.31
ACC_01430,2025-05-29,+917016273805,"97, Hill Road, Delhi",16ab6322e2bd6901,11479.62
ACC_01431,2025-11-02,+919644923745,"253, Ring Road, Delhi",026c9de7da53835a,10106.29
ACC_01432,2024-09-06,+918808683576,"491, Hill Road, Lucknow",50bddb61953f2be4,16042.05
ACC_01433,2025-03-01,+917567773096,"380, Park Avenue, Pune",f84c00a56113de4e,59466.12
ACC_01434,2026-01-14,+917995080043,"7, Lake View, Jaipur",e2e12ac4373dbd88,40148.1
ACC_01435,2025-07-10,+918022621741,"152, Lake View, Ahmedabad",f775303f89a4d603,42443.39
ACC_01436,2025-04-26,+917000326388,"423, Lake View, Kolkata",bccf74f7d79cc9b1,156186.99
ACC_01437,2024-09-17,+918646897013,"411, Ring Road, Jaipur",b637e4c0c4a05020,6753.76
ACC_01438,2025-08-30,+918120804895,"222, Gandhi Nagar, Delhi",15f4229583558b55,175115.35
ACC_01439,2025-11-06,+917166760881,"54, Station Road, Mumbai",c0a8e8c0a92c5582,201331.01
ACC_01440,2025-09-06,+917356667314,"435, Lake View, Hyderabad",cc2a51228cb70678,45268.75
ACC_01441,2025-09-15,+919514333454,"158, Hill Road, Bangalore",04bba0a54d6370e9,
ACC_01442,2022-07-15,+918198905073,"266, Civil Lines, Bangalore",73bc4981fee0b052,41383.22
ACC_01443,2024-11-11,+919557363608,"485, Nehru Street, Mumbai",f5fa1076a369ea2e,132767.47
ACC_01444,2024-04-25,+918496501286,"156, Market Street, Jaipur",43183876f6d4ce71,122875.17
ACC_01445,2021-11-01,+919448360516,"377, Park Avenue, Bangalore",904239d558e12790,290409.61
ACC_01446,2025-09-03,+919944972143,"263, Ring Road, Hyderabad",f50be83c30cd370e,164017.52
ACC_01447,2024-12-17,+918166842695,"74, Market Street, Delhi",7fcf3cf6cc42197d,50711.11
ACC_01448,2024-04-18,+917910043351,"165, Hill Road, Bangalore",1e68ddd85d479a44,55969.92
ACC_01449,2025-01-21,+919641735849,"284, Ring Road, Jaipur",ab91c0775a895a77,3155.74
ACC_01450,2022-08-10,+917351177250,"288, MG Road, Mumbai",7a4347e381261b14,1229.01
ACC_01451,2023-10-09,+918683576882,"114, Lake View, Pune",f036707b30c4e413,5466.14
ACC_01452,2026-01-14,+917949904829,"369, Market Street, Bangalore",115761f7a8de49c8,
ACC_01453,2026-02-03,+919562972562,"229, Hill Road, Chennai",7bebe0be8aea1d31,40065.93
ACC_01454,2024-08-28,+917879963222,"441, Lake View, Ahmedabad",e0c5f0a8947f0d57,39028.56
ACC_01455,2023-07-12,+917420788490,"391, Lake View, Kolkata",e9d9e815b097d968,52078.37
ACC_01456,2022-04-09,+918265159997,"3, MG Road, Lucknow",d7b1afb0ee79f7bb,21682.12
ACC_01457,2025-04-20,+919573060550,"283, Market Street, Chennai",f216c8df8e4ae08b,43690.59
ACC_01458,2024-05-05,+917685588239,"447, Market Street, Pune",41f44e277e2b448f,
ACC_01459,2025-12-12,+919598783133,"61, Gandhi Nagar, Hyderabad",565695a9c94a6313,23110.82
ACC_01460,2024-07-29,+919838963059,"132, Market Street, Pune",2c7f0dde8da401e7,142981.69
ACC_01461,2024-10-19,+917910194372,"204, Park Avenue, Delhi",27fcf3531aa1375d,45822.53
ACC_01462,2025-07-22,+918616396612,"123, Ring Road, Ahmedabad",1e782ab900f5c2a6,74989.68
ACC_01463,2023-11-22,+919343207822,"169, Gandhi Nagar, Jaipur",f5404f69fd90aca3,2113.09
ACC_01464,2018-11-30,+917327810209,"453, Lake View, Pune",263f6074d24f6a72,35549.29
ACC_01465,2024-07-31,+918300595553,"279, Civil Lines, Bangalore",b72cc405c77b4f84,20961.23
ACC_01466,2025-02-28,+919125116650,"41, Nehru Street, Mumbai",7abf90177904df60,1254.33
ACC_01467,2024-06-18,+918306244935,"209, MG Road, Kolkata",f7766fcd43b8ec74,292747.0
ACC_01468,2021-12-16,+917953897347,"72, Hill Road, Lucknow",2228a48f9d864dc7,17965.28
ACC_01469,2023-06-05,+919749319632,"59, MG Road, Kolkata",d08e62eb7de881d8,573000.89
ACC_01470,2026-01-12,+918259964481,"392, Gandhi Nagar, Ahmedabad",1e193a8352245e80,26906.55
ACC_01471,2025-08-03,+919318475612,"302, Market Street, Jaipur",b97ef9b527ba55d0,16916.4
ACC_01472,2025-09-13,+917162249337,"431, MG Road, Hyderabad",1b02dd1240943f20,129586.25
ACC_01473,2025-07-30,+917182326751,"292, Station Road, Delhi",f00ea6d40048806d,
ACC_01474,2023-04-10,+917321891762,"45, Civil Lines, Hyderabad",55aad4c3be1c7d43,7255.5
ACC_01475,2024-04-09,+919312857581,"146, MG Road, Bangalore",79c91ef5f70fe45b,11608.12
ACC_01476,2018-06-14,+919822694020,"150, Lake View, Bangalore",d69458ae38a7b3db,53020.45
ACC_01477,2024-05-06,+919104422538,"283, Hill Road, Lucknow",bd459dc9f4bd9a99,14862.67
ACC_01478,2023-12-22,+917732053206,"485, Market Street, Lucknow",47f4a63f4a7f2306,1358.55
ACC_01479,2017-04-06,+917543998169,"235, Gandhi Nagar, Delhi",bf7a81198bb58099,31430.13
ACC_01480,2025-06-05,+919014272773,"110, Ring Road, Pune",04a18f6af8f06992,
ACC_01481,2022-10-06,+917457295735,"186, Station Road, Mumbai",b5cfc21e7637274d,25383.01
ACC_01482,2026-02-07,+917384941879,"237, Civil Lines, Lucknow",259bb551093d6d13,2267.87
ACC_01483,2025-07-18,+917636129508,"476, MG Road, Delhi",771dace87dc4d75f,4359.81
ACC_01484,2024-10-08,+919006344794,"284, MG Road, Kolkata",c901643b1d248ca2,3937.41
ACC_01485,2026-03-29,+919510148125,"228, MG Road, Delhi",0870589353d55cc6,162590.91
ACC_01486,2025-01-01,+917953708064,"208, Gandhi Nagar, Lucknow",c436c8f0f99bb6dd,27159.31
ACC_01487,2025-02-04,+918786433268,"392, Civil Lines, Lucknow",b47b412369239cae,51912.79
ACC_01488,2024-11-15,+917828576817,"232, MG Road, Lucknow",5e5ace54fc54fd83,516760.65
ACC_01489,2022-10-17,+919574776944,"384, Park Avenue, Chennai",7bc8c68f72052adf,685.2
ACC_01490,2025-12-02,+919801555091,"87, Nehru Street, Jaipur",8516a01f906c2faf,4951.56
ACC_01491,2023-12-06,+917014927047,"468, Civil Lines, Mumbai",2c84a02f73933ebc,2048.46
ACC_01492,2020-05-26,+919706851122,"351, Hill Road, Delhi",0f83fa99446cbd4a,43872.36
ACC_01493,2024-11-11,+918343325468,"388, Ring Road, Lucknow",1a593a5938148e22,59338.37
ACC_01494,2024-09-16,+919999141782,"316, Market Street, Chennai",a184f0c3f01611cf,4902.24
ACC_01495,2025-12-26,+919285735761,"178, Hill Road, Jaipur",78872594fc144dae,19083.47
ACC_01496,2024-11-29,+919719763704,"138, Nehru Street, Mumbai",8a45e23522d27625,19951.42
ACC_01497,2026-01-30,+917525321570,"392, Nehru Street, Bangalore",f4bda532a3bc50b4,2723.2
ACC_01498,2023-03-14,+918590284856,"49, Ring Road, Chennai",e76e4668c5c87a9d,44943.3
ACC_01499,2024-05-19,+918839344927,"30, Hill Road, Bangalore",d0231cfbf1ef4cba,127235.57
ACC_01500,2025-04-24,+917721967087,"162, Ring Road, Kolkata",b99159830da5b281,6362.8
ACC_01501,2020-09-19,+918853539261,"220, Lake View, Lucknow",ae4051cd7bb1a0d4,54710.76
ACC_01502,2024-11-04,+918150238884,"498, Nehru Street, Kolkata",c3fa40b8d248145e,71710.27
ACC_01503,2025-05-13,+917296405101,"496, Park Avenue, Ahmedabad",92e3ed6288f05df0,85401.71
ACC_01504,2024-06-19,+917012050264,"469, Hill Road, Jaipur",e596d059553f79a5,6946.04
ACC_01505,2025-09-09,+918008476174,"476, Lake View, Kolkata",51778a8fae446ca7,16382.86
ACC_01506,2023-04-12,+919000159028,"286, Ring Road, Hyderabad",80e26451481b8d92,14570.02
ACC_01507,2024-09-29,+917191321255,"293, Gandhi Nagar, Ahmedabad",5bfc1b9bf3d9c1ff,95533.5
ACC_01508,2023-09-14,+919810751849,"440, Nehru Street, Jaipur",f8a3cca8a7155bb9,
ACC_01509,2024-12-03,+918251616718,"135, Hill Road, Ahmedabad",f401fd5fb4bf0c6f,2269.03
ACC_01510,2023-12-21,+919195204583,"419, Ring Road, Delhi",de855ce5955da689,39165.27
ACC_01511,2024-05-05,+919952765913,"261, Ring Road, Delhi",60e9969feaab2764,
ACC_01512,2019-01-21,+919977872708,"237, Nehru Street, Kolkata",e5218e7dd14f37a1,1228.2
ACC_01513,2023-09-30,+919954666946,"395, Civil Lines, Lucknow",cab0d1cb3851d944,50044.73
ACC_01514,2026-03-29,+917094200268,"177, Gandhi Nagar, Mumbai",b050c11cb2ddbced,86341.18
ACC_01515,2026-02-15,+918059819363,"420, Park Avenue, Chennai",63a1a62c5799401d,22337.29
ACC_01516,2020-11-25,+918701872908,"204, MG Road, Pune",bda646f0b339b1e7,215924.36
ACC_01517,2025-02-25,+918673918310,"4, Ring Road, Pune",d8ee685fdf90ddb1,4161.14
ACC_01518,2019-03-10,+919378686322,"363, Station Road, Jaipur",c8607013a159d768,156410.53
ACC_01519,2024-06-18,+918785069853,"282, Park Avenue, Chennai",b38f36388bd0c937,6248.63
ACC_01520,2024-09-27,+919395950909,"375, Lake View, Jaipur",71045ebe094d4a1e,16256.11
ACC_01521,2026-03-29,+918455032400,"264, Gandhi Nagar, Ahmedabad",5bb28e026884f629,14221.35
ACC_01522,2023-05-25,+918707776941,"320, Gandhi Nagar, Kolkata",ed6ce086be96ac60,81780.25
ACC_01523,2024-05-26,+919829499676,"255, Market Street, Ahmedabad",254a9306a403b7ea,188261.0
ACC_01524,2023-02-11,+918938019426,"113, Gandhi Nagar, Jaipur",d220dc205d8bbd0f,153696.27
ACC_01525,2025-10-21,+917159169317,"35, Lake View, Jaipur",c282bf0e17e3e47a,7672.36
ACC_01526,2023-06-20,+917596175127,"21, Market Street, Delhi",dedff5595fc9738c,14094.72
ACC_01527,2024-11-19,+919133029921,"126, Gandhi Nagar, Chennai",aa511360950c712b,22232.0
ACC_01528,2022-07-13,+919500635669,"383, Market Street, Lucknow",4a26099f5c81e669,66870.01
ACC_01529,2024-07-18,+919999814160,"174, Civil Lines, Pune",453aed840d20d155,500.0
ACC_01530,2026-03-29,+917798681292,"284, Nehru Street, Pune",a13c7ee37b4b8c45,58315.76
ACC_01531,2025-04-02,+918817791480,"292, Market Street, Chennai",47308c227e1d78b6,14600.8
ACC_01532,2025-01-12,+917186044859,"449, Market Street, Jaipur",066f126a59527d91,404069.45
ACC_01533,2021-08-25,+918039361636,"29, MG Road, Jaipur",8cdd03cc793b2d5d,48385.58
ACC_01534,2025-09-21,+919479544643,"33, MG Road, Chennai",4105ad3aa8d0a5d7,40485.46
ACC_01535,2022-12-06,+918654673671,"280, Hill Road, Pune",6c6befea29b8fb67,27901.56
ACC_01536,2024-06-17,+919467180099,"283, Hill Road, Delhi",f68cb46ab06d85f2,47754.29
ACC_01537,2025-10-29,+919746821545,"122, Market Street, Lucknow",e7bf3b4343e83991,
ACC_01538,2025-07-01,+917880459235,"280, Hill Road, Jaipur",ef11c26467185f37,15278.89
ACC_01539,2024-11-11,+919634059233,"26, Ring Road, Kolkata",0019b549f7b1c92c,20725.04
ACC_01540,2024-02-28,+917612936050,"435, Station Road, Delhi",7a620541f3e34cca,1128.99
ACC_01541,2025-07-24,+919289226691,"283, Ring Road, Mumbai",6cbbc504fd2e3a4b,3216.7
ACC_01542,2026-01-05,+919207877143,"393, Nehru Street, Pune",7bd7ca642058e3d3,84148.26
ACC_01543,2024-02-04,+917089557057,"472, Hill Road, Lucknow",1c9d1898739b1bbc,310905.16
ACC_01544,2022-12-21,+919188657916,"108, Lake View, Bangalore",5b3c532ef8ff41ed,3989.17
ACC_01545,2023-07-22,+919575377341,"6, Ring Road, Kolkata",12ea8bbd0ac73774,27301.58
ACC_01546,2022-01-16,+918436349773,"466, Market Street, Chennai",19dd25af84be7279,19915.1
ACC_01547,2022-06-06,+918520589914,"453, Lake View, Bangalore",447c284ce7559be1,100514.62
ACC_01548,2026-02-19,+919991789472,"42, Lake View, Jaipur",1231d2b880bde31c,4492.08
ACC_01549,2020-01-24,+918585650715,"415, Market Street, Delhi",ef4927af5ee4e043,3454.23
ACC_01550,2025-10-09,+918402290489,"341, Market Street, Mumbai",61faceea9dab9e93,22268.79
ACC_01551,2025-09-19,+918294338806,"184, Nehru Street, Mumbai",54f214f792e25a5a,1765959.92
ACC_01552,2024-05-31,+917002111304,"453, Park Avenue, Bangalore",fb8daa64d4577956,57927.38
ACC_01553,2019-09-13,+917641403467,"468, Ring Road, Jaipur",6b2c89174dd2bf92,592951.19
ACC_01554,2023-02-04,+918018576802,"335, Lake View, Chennai",9f49c58c9a070d27,6880.97
ACC_01555,2025-06-14,+918868049130,"419, Market Street, Bangalore",4e89c91e6315aad2,168800.65
ACC_01556,2025-04-18,+918465279260,"175, Nehru Street, Lucknow",61c494a058d8f44d,60229.72
ACC_01557,2024-11-05,+917943366034,"255, Hill Road, Bangalore",7f574de0fc596256,
ACC_01558,2025-02-07,+919851214217,"390, Hill Road, Mumbai",9a1ce2c63c46f33f,100481.79
ACC_01559,2022-05-04,+917489509424,"206, Market Street, Lucknow",cea3b9127b537302,85794.84
ACC_01560,2025-05-22,+918684877931,"435, Lake View, Hyderabad",a207e22c26855fa8,4392.02
ACC_01561,2025-09-24,+917080766595,"159, Lake View, Jaipur",d3386c9737873057,41664.64
ACC_01562,2023-11-07,+918967564855,"257, Park Avenue, Chennai",a6ab614769b5002f,100486.02
ACC_01563,2025-01-17,+919084359755,"482, Lake View, Kolkata",2f1cdd50273d8335,16764.83
ACC_01564,2024-12-01,+919691987737,"360, Civil Lines, Lucknow",96e7991fa135d85f,339936.52
ACC_01565,2024-06-17,+919302956173,"454, Lake View, Pune",cdfd0298467d8b46,4730.59
ACC_01566,2026-03-17,+918778241870,"196, Nehru Street, Kolkata",e253279b6f34dff1,49082.99
ACC_01567,2026-03-22,+919855764661,"464, Hill Road, Ahmedabad",e578c69e477bc387,273439.83
ACC_01568,2026-01-03,+918971032247,"499, Park Avenue, Ahmedabad",d0011d42671bedd0,7684.65
ACC_01569,2026-03-04,+918520964658,"182, Market Street, Lucknow",cae7b4771d67ffce,80387.31
ACC_01570,2024-06-10,+919109938803,"45, Hill Road, Bangalore",d1d5d3c7b1fd7d97,11086.76
ACC_01571,2024-11-01,+919861720246,"336, Station Road, Pune",fde7396320f39324,43992.35
ACC_01572,2023-03-25,+919009198346,"7, Station Road, Bangalore",cf381c5c7ccfbc93,4325.49
ACC_01573,2023-03-15,+919881665100,"399, Market Street, Mumbai",79f7e2fabddd31c9,14180.99
ACC_01574,2020-11-29,+917590966195,"309, Nehru Street, Hyderabad",87c1ac7916cef2f4,3218.55
ACC_01575,2025-11-16,+919075183211,"121, Ring Road, Kolkata",8325d44312ca9766,20032.93
ACC_01576,2025-12-10,+918914178746,"3, Civil Lines, Pune",4a9c1e18043cbcab,23397.9
ACC_01577,2024-06-04,+918598917220,"234, Nehru Street, Kolkata",534c0eb13dc03fd8,10814.97
ACC_01578,2025-03-06,+917734760328,"378, Nehru Street, Delhi",398be991e65b7a1a,106234.35
ACC_01579,2024-12-31,+918554228396,"91, Gandhi Nagar, Bangalore",b6ec2aa0e1c982a1,3673.53
ACC_01580,2024-11-25,+918487765110,"301, Civil Lines, Pune",ba77100fa8309f75,2909.96
ACC_01581,2020-09-16,+918929839043,"420, Gandhi Nagar, Bangalore",8ba08cc0eb1e456a,130044.94
ACC_01582,2024-12-19,+919477823357,"186, Nehru Street, Lucknow",b87b35f19cdd172e,12686.03
ACC_01583,2025-10-30,+919773505594,"435, Gandhi Nagar, Pune",f05a179e8bcd0eee,58183.56
ACC_01584,2024-06-21,+918580866162,"307, Market Street, Hyderabad",6d39d5fbafcbfa4d,34723.87
ACC_01585,2023-09-27,+919252410800,"348, Park Avenue, Pune",173ff57575c32461,44348.23
ACC_01586,2022-04-24,+918594994435,"168, Ring Road, Chennai",eb95124c0fe8b8ea,7000.78
ACC_01587,2026-02-11,+918709490392,"465, Market Street, Ahmedabad",c9b6980a3590d833,15765.55
ACC_01588,2025-05-27,+918050135971,"134, Market Street, Pune",ac1958619bed5373,40072.53
ACC_01589,2024-08-05,+918306812978,"407, Civil Lines, Mumbai",c369725f0ea7cf13,218867.33
ACC_01590,2023-10-16,+917587544463,"429, Market Street, Ahmedabad",b7cb0ce4a0c4f935,10096.75
ACC_01591,2026-02-06,+918306829522,"154, Civil Lines, Bangalore",2694ed2dfdd10ae0,
ACC_01592,2025-05-14,+919465004747,"171, Park Avenue, Pune",8ecb85942fda2e29,757.96
ACC_01593,2024-02-22,+919342517950,"42, Market Street, Chennai",7ea4938964dbde79,
ACC_01594,2026-03-20,+917754789967,"122, Station Road, Bangalore",2150e962ebded81f,27764.62
ACC_01595,2025-11-28,+919815277735,"83, Market Street, Jaipur",5eb45f986f122fc7,11810.44
ACC_01596,2025-04-02,+917962196327,"166, Park Avenue, Ahmedabad",dbfbf9a3bdde459e,2843.81
ACC_01597,2026-03-03,+918075548857,"305, Civil Lines, Kolkata",9e634350c6571166,
ACC_01598,2025-07-07,+917658184836,"107, Civil Lines, Bangalore",a555ceb5f641efba,26469.67
ACC_01599,2023-08-05,+917429061957,"409, Lake View, Mumbai",3b721d402ad337ba,20437.23
ACC_01600,2023-11-14,+917434573277,"249, Lake View, Hyderabad",f98fbea2f6b97932,54519.6
ACC_01601,2024-07-06,+919367205478,"111, Market Street, Pune",6e0f2d40ff022712,4072.07
ACC_01602,2021-07-20,+917791110339,"99, Civil Lines, Hyderabad",78ee2d47d8568d4d,12413.11
ACC_01603,2025-09-16,+919688511766,"148, Nehru Street, Pune",18c3537d0571c942,5882.3
ACC_01604,2025-05-17,+918406242197,"439, Station Road, Hyderabad",83303521551dad44,19657.76
ACC_01605,2025-07-11,+918858155979,"482, Hill Road, Pune",1762521439741e44,6338.58
ACC_01606,2022-06-16,+917735270525,"167, Ring Road, Hyderabad",6ca8fa7903820d5f,17559.43
ACC_01607,2024-09-27,+917256257590,"190, Ring Road, Ahmedabad",20d253b723a1b9d3,310550.02
ACC_01608,2023-07-08,+919866562517,"439, Nehru Street, Pune",61deaaa97f7e8bc7,57264.62
ACC_01609,2023-12-26,+918987805746,"14, Park Avenue, Jaipur",48f0052962ab366c,93583.31
ACC_01610,2025-11-05,+918276280488,"287, Civil Lines, Mumbai",2cb89746eb99b589,54959.87
ACC_01611,2019-03-03,+919176593203,"341, Gandhi Nagar, Jaipur",77ed4b2b5974f7c3,5454.56
ACC_01612,2023-06-22,+918149176640,"423, MG Road, Lucknow",a658b622a4c39ca6,21967.1
ACC_01613,2025-03-10,+919904927816,"467, Park Avenue, Lucknow",cc0a7f4b4dd93158,31535.12
ACC_01614,2022-11-04,+919964021697,"88, Gandhi Nagar, Mumbai",63306493cfe1f162,141057.1
ACC_01615,2024-07-13,+917812277945,"418, Station Road, Hyderabad",ee0d84d529d91dbe,20685.54
ACC_01616,2026-01-05,+919343082749,"294, Lake View, Kolkata",8912c7d290429be9,55052.18
ACC_01617,2024-06-08,+917232688931,"63, Nehru Street, Pune",997e1f7d0da6c412,584831.65
ACC_01618,2023-10-11,+917717045092,"148, Station Road, Pune",e70f954aaf90ed34,23046.83
ACC_01619,2022-12-23,+919161577927,"221, Station Road, Hyderabad",30724dae58b92b23,57200.55
ACC_01620,2025-03-13,+918567212961,"280, Park Avenue, Delhi",1280f6f380b4baac,16872.79
ACC_01621,2025-02-23,+919640622328,"304, Lake View, Pune",274db2b866cd8d63,29218.2
ACC_01622,2025-11-17,+918959562145,"250, Ring Road, Bangalore",37032e22723e1669,3309.84
ACC_01623,2025-05-21,+917542939139,"362, MG Road, Chennai",538545de24a0265c,15080.59
ACC_01624,2024-04-28,+917904476462,"66, Ring Road, Delhi",b09066a12677c2cc,20796.45
ACC_01625,2025-08-06,+917221903395,"300, Civil Lines, Kolkata",0d5150ac7a08083c,15702.97
ACC_01626,2024-11-14,+917515320533,"43, Civil Lines, Hyderabad",7c9806060da588ed,4374.51
ACC_01627,2025-04-10,+919834731745,"15, Hill Road, Pune",e03fa3e0d7a92ba5,3538.54
ACC_01628,2024-03-22,+918068046561,"296, Hill Road, Lucknow",e5a18fca285f445c,83585.99
ACC_01629,2024-07-14,+918014701088,"115, Market Street, Bangalore",44fe071888359bad,5419.51
ACC_01630,2024-07-18,+917393392214,"154, Hill Road, Bangalore",578be4bf7e110cfa,12732.47
ACC_01631,2021-07-06,+918910051508,"423, Lake View, Mumbai",55d5fb6f069f7f96,1423.87
ACC_01632,2024-12-10,+918819554396,"413, Park Avenue, Hyderabad",81e0dcb9fedbcea2,150657.41
ACC_01633,2023-07-01,+917617240655,"111, Ring Road, Delhi",9152692403b0b4da,89159.55
ACC_01634,2020-05-17,+919301304024,"39, Market Street, Kolkata",d1c1877e965037bd,111037.63
ACC_01635,2023-10-02,+918229730360,"81, MG Road, Ahmedabad",9f35e5927e001768,43331.28
ACC_01636,2023-05-19,+918906192943,"176, Ring Road, Ahmedabad",8f798038d5ac8f30,57394.19
ACC_01637,2025-02-18,+919549463053,"128, Civil Lines, Lucknow",e7355c7a0fbed7b8,14594.22
ACC_01638,2025-06-07,+917136602640,"56, Park Avenue, Mumbai",7ef5c1f246e6913e,21817.01
ACC_01639,2024-12-27,+917108232889,"60, Hill Road, Jaipur",aecdab081bb9706c,15446.8
ACC_01640,2025-04-30,+918214172765,"369, Nehru Street, Hyderabad",68e21aa0c586bcfd,9559.58
ACC_01641,2025-08-26,+919238071772,"279, Lake View, Mumbai",b089ea2b0137b994,16840.87
ACC_01642,2025-03-11,+918656242120,"495, Gandhi Nagar, Hyderabad",fbe8b49bc99f6c12,73758.05
ACC_01643,2023-07-08,+917348337117,"174, Park Avenue, Lucknow",0bf97ae00f39fcc6,4276.91
ACC_01644,2026-03-29,+917563323621,"69, MG Road, Hyderabad",09f20df5ff569edf,41307.34
ACC_01645,2023-07-28,+919816909455,"148, Gandhi Nagar, Ahmedabad",45f8e9e285480a0f,84294.28
ACC_01646,2024-11-24,+919213695714,"379, MG Road, Kolkata",bd8e5374f9bdf722,1296.82
ACC_01647,2024-08-13,+917492870409,"41, Civil Lines, Lucknow",b55b506363af6519,186746.68
ACC_01648,2025-09-09,+919336356025,"176, MG Road, Ahmedabad",a510e2b84c1aec33,62581.43
ACC_01649,2025-12-25,+919754165505,"104, Lake View, Jaipur",66585f3958de4ee4,3970.02
ACC_01650,2025-05-12,+919806036674,"493, Ring Road, Chennai",ca8fe603fc0aee44,3854.85
ACC_01651,2025-02-07,+918928781574,"245, Park Avenue, Kolkata",57a515665594a5e7,18822.45
ACC_01652,2024-04-25,+919381715678,"10, Park Avenue, Chennai",1b7c0a0d4f9a6f70,6048.05
ACC_01653,2025-02-07,+917037070235,"294, Lake View, Lucknow",78a0b91690cd2de4,36836.84
ACC_01654,2023-02-08,+917579215792,"365, Civil Lines, Jaipur",23a0c488a69e2809,6554.06
ACC_01655,2025-12-22,+917051934436,"29, Gandhi Nagar, Lucknow",1cff3086d125e8d8,8059.75
ACC_01656,2023-11-17,+919623094783,"13, Nehru Street, Bangalore",118bfaf89cae3d6c,102480.01
ACC_01657,2021-11-12,+918791601910,"59, MG Road, Kolkata",929f763b4d590bba,29371.88
ACC_01658,2025-04-24,+919015401601,"484, Hill Road, Ahmedabad",d0a5b980230f5d55,5452.22
ACC_01659,2021-11-23,+917205829452,"439, Market Street, Hyderabad",770d17407f7b80a4,15197.18
ACC_01660,2024-08-28,+918611269054,"367, Nehru Street, Delhi",e347228234a1bb5e,80243.13
ACC_01661,2025-01-15,+917885136821,"267, Ring Road, Hyderabad",b5a66608b9322219,102047.37
ACC_01662,2025-08-15,+917356233723,"459, Ring Road, Jaipur",694e4c7fc4ca1712,38854.57
ACC_01663,2023-02-12,+918048949136,"60, Ring Road, Kolkata",b05b8f28277fad63,170596.03
ACC_01664,2025-02-22,+917576168623,"210, Nehru Street, Hyderabad",fee9b8656bf962b3,92863.65
ACC_01665,2025-05-08,+918368289069,"487, MG Road, Lucknow",c03e858b44b98e81,556.0
ACC_01666,2025-04-05,+918446179839,"191, Market Street, Delhi",ddabb295fc13bba6,4587.94
ACC_01667,2026-01-05,+919589177305,"497, Park Avenue, Hyderabad",35e91bcbf6790110,107776.28
ACC_01668,2026-02-04,+917307484671,"229, Station Road, Mumbai",3fd6bca953753d05,6823.02
ACC_01669,2023-03-03,+919516816905,"393, Ring Road, Chennai",32f047afd7f101f7,2897.9
ACC_01670,2023-10-16,+917292505376,"143, Station Road, Chennai",0cdb1aaedb70c6b1,20219.49
ACC_01671,2025-11-02,+917387228104,"69, Civil Lines, Delhi",5192ad33a8066b10,931705.06
ACC_01672,2025-08-07,+918146620788,"339, Nehru Street, Bangalore",cd6a140e144579e5,27701.07
ACC_01673,2025-07-19,+918234173065,"261, Market Street, Delhi",61483551cfa60309,35717.28
ACC_01674,2024-02-11,+919692121913,"389, Station Road, Chennai",639b272e07b6ffe7,4088.76
ACC_01675,2025-04-09,+918074051775,"462, Ring Road, Ahmedabad",61882e2f7c8214e5,32913.47
ACC_01676,2020-04-09,+918936823030,"78, Hill Road, Bangalore",0067c21dbb3268f9,7879.36
ACC_01677,2025-05-24,+919592773458,"138, Hill Road, Hyderabad",6165f2a1cd08cea3,49440.11
ACC_01678,2023-11-11,+918325312850,"111, Hill Road, Bangalore",c589eb4430276689,105311.79
ACC_01679,2024-10-04,+919800703062,"216, Gandhi Nagar, Ahmedabad",d2559bcfbbddaa4f,113389.36
ACC_01680,2024-11-27,+919890783851,"111, Park Avenue, Chennai",8a1a7b03657ac42d,42584.81
ACC_01681,2024-05-03,+918453900401,"466, Nehru Street, Kolkata",6b2518b5de2dea0c,4767.3
ACC_01682,2025-05-18,+918874846471,"64, Civil Lines, Bangalore",9cf4c6700a2157d3,21596.99
ACC_01683,2025-12-28,+918058405490,"356, Gandhi Nagar, Ahmedabad",8ae5e3f2c5349f4b,1847.75
ACC_01684,2024-07-11,+919103262569,"291, Lake View, Pune",9a2d4942c5b7484e,28201.44
ACC_01685,2025-09-20,+917738150796,"253, Hill Road, Mumbai",b89164b4f31fcdc4,90891.49
ACC_01686,2023-10-11,+919533942675,"324, Park Avenue, Kolkata",73aef96abbc09e03,34885.5
ACC_01687,2024-06-27,+919487513070,"384, Ring Road, Bangalore",ddf699cc93acf417,31602.65
ACC_01688,2024-10-08,+917404824024,"200, Station Road, Ahmedabad",c916b43edb47887a,28738.75
ACC_01689,2025-12-12,+917499472222,"141, MG Road, Mumbai",c6f036f70db350d2,84028.31
ACC_01690,2025-07-27,+918137164078,"426, Gandhi Nagar, Jaipur",2577f5143b1f9f2e,50215.02
ACC_01691,2025-09-16,+919146181552,"222, Civil Lines, Bangalore",e26c52e2c16a4dff,9672.41
ACC_01692,2023-11-10,+919669620492,"125, Nehru Street, Mumbai",9d51810ee7a9a229,916.92
ACC_01693,2025-01-05,+917327801953,"141, Hill Road, Hyderabad",eaee3e748cb6db9e,17060.46
ACC_01694,2025-04-09,+918863262949,"391, Gandhi Nagar, Ahmedabad",b87e7ab5209c7c0a,45281.05
ACC_01695,2023-03-26,+918290621481,"452, Hill Road, Ahmedabad",e789b9d9005d96e6,52902.49
ACC_01696,2024-02-07,+919292392907,"103, Civil Lines, Mumbai",985dd43f4aa21e69,70510.89
ACC_01697,2023-05-23,+918929551161,"384, Market Street, Jaipur",b3152bc1041b2356,384419.47
ACC_01698,2025-04-25,+918317384583,"47, Gandhi Nagar, Hyderabad",cc29bcbe0d04f257,764.15
ACC_01699,2025-07-24,+917627603485,"379, Lake View, Kolkata",d7e4aab0e08c4305,31053.42
ACC_01700,2024-03-10,+918627729714,"65, Hill Road, Kolkata",cb1cfab013e3b993,10521.68
ACC_01701,2020-09-07,+919461712007,"145, MG Road, Delhi",59c3b87a9afae29a,7904.16
ACC_01702,2023-04-25,+918412086279,"86, Park Avenue, Delhi",94a4cdf1dd2dc040,14098.43
ACC_01703,2024-11-07,+918239312099,"287, Gandhi Nagar, Lucknow",fcf305ff369b22b5,115910.82
ACC_01704,2023-06-03,+919110318576,"314, Park Avenue, Pune",8d05e3298f686e3b,245144.48
ACC_01705,2022-09-07,+918311244981,"394, Lake View, Jaipur",9e612d36e85b6d81,13357.48
ACC_01706,2025-07-13,+918208635424,"385, Civil Lines, Ahmedabad",f62e76fd25747fdb,2385.44
ACC_01707,2024-12-05,+919477991907,"140, MG Road, Hyderabad",153155124a0a45aa,16176.0
ACC_01708,2024-08-07,+918765656754,"199, Nehru Street, Pune",14bfd402aeb0ef09,13580.5
ACC_01709,2016-09-27,+918271042746,"289, Station Road, Jaipur",86dbe8253c53e0e5,21309.49
ACC_01710,2025-01-20,+917858883474,"95, Park Avenue, Lucknow",8e87ece72b9836c6,9089.54
ACC_01711,2018-08-28,+919922310704,"117, MG Road, Hyderabad",df0b283130915afd,77264.0
ACC_01712,2026-03-29,+918488443798,"280, Lake View, Pune",49e9928ceaa39be0,5187.88
ACC_01713,2024-11-26,+917791987807,"191, MG Road, Pune",8593ba70c798d838,12784.02
ACC_01714,2025-10-17,+917871113026,"340, Market Street, Chennai",b39f7f5ec80fbbfd,8516.25
ACC_01715,2025-06-17,+918265849928,"178, Lake View, Kolkata",e254c907da9b1189,69638.8
ACC_01716,2024-04-27,+917489275846,"308, MG Road, Delhi",26b7ce51584e65d2,8261.03
ACC_01717,2025-10-10,+919224886053,"259, Civil Lines, Jaipur",d0939b6f6e5ee216,251873.76
ACC_01718,2021-11-21,+919786602961,"460, Nehru Street, Bangalore",f90ba47bb999eab1,1837.37
ACC_01719,2025-01-16,+917545339581,"474, Park Avenue, Ahmedabad",86d6ce0173a21f43,285412.75
ACC_01720,2024-04-14,+918409273751,"93, Market Street, Lucknow",6b0ca08c06e727d0,25096.09
ACC_01721,2022-12-26,+919021766012,"8, Hill Road, Ahmedabad",4b31295aeb670003,287862.25
ACC_01722,2025-05-15,+918154960254,"334, Ring Road, Delhi",d33ea334be6bd25c,6649.5
ACC_01723,2024-10-20,+919035135839,"110, Civil Lines, Jaipur",33c9bc55a1260568,9934.07
ACC_01724,2022-08-28,+917196150579,"119, Gandhi Nagar, Mumbai",97d4bcd63d778062,36673.47
ACC_01725,2025-10-19,+917932865102,"219, Station Road, Bangalore",5323f536240eb694,1680.84
ACC_01726,2024-10-25,+917180908418,"267, Gandhi Nagar, Chennai",fa505fc07a428ce1,32501.11
ACC_01727,2023-10-29,+918048248544,"321, Hill Road, Pune",243f13642ec82cd7,431704.34
ACC_01728,2022-05-05,+919308245452,"171, Park Avenue, Mumbai",b1563658919078f0,115311.3
ACC_01729,2025-08-27,+917096430004,"422, Market Street, Jaipur",be655c3fe9fe90f3,876.46
ACC_01730,2025-06-06,+918124935764,"203, Park Avenue, Delhi",47cffabffef2e07c,122848.15
ACC_01731,2024-02-20,+917383520820,"315, Lake View, Bangalore",dfc9e8f2a083ce2f,29346.38
ACC_01732,2023-07-17,+919182160415,"198, MG Road, Chennai",56743e76c5522e69,16438.27
ACC_01733,2024-12-14,+918648982545,"18, Gandhi Nagar, Bangalore",8f228474e13f6904,1654.02
ACC_01734,2026-02-20,+917480771825,"490, Park Avenue, Hyderabad",efaea484b83bccaa,3955.93
ACC_01735,2025-08-27,+917612913210,"493, Hill Road, Chennai",bc3bee0a90280d2d,1788.06
ACC_01736,2021-10-01,+918330457190,"217, Park Avenue, Ahmedabad",88036681edd7cb93,5283.0
ACC_01737,2026-03-29,+919312589559,"231, Park Avenue, Bangalore",da4f6a0323fb2d63,7535.49
ACC_01738,2026-01-09,+918855534095,"44, Gandhi Nagar, Chennai",203559aaf9e6446e,24096.94
ACC_01739,2025-12-07,+918486041413,"422, Lake View, Pune",ff0180d3176097b9,2403.62
ACC_01740,2025-11-17,+918218957378,"254, Nehru Street, Hyderabad",bd03e4fb2f9a328f,40399.48
ACC_01741,2024-07-14,+917447661757,"283, MG Road, Hyderabad",c6a2ae6e11b409b7,8785.19
ACC_01742,2022-09-26,+917372677265,"470, Station Road, Mumbai",cc4807cc77b471eb,71667.91
ACC_01743,2024-12-17,+919404771174,"334, Hill Road, Hyderabad",2c9caf547351bc73,30605.27
ACC_01744,2023-07-17,+917734835142,"61, Park Avenue, Chennai",3bdacab897effabc,18873.45
ACC_01745,2023-06-15,+918973661428,"130, MG Road, Bangalore",11bafd597ee3b82e,17812.64
ACC_01746,2022-01-20,+918728719318,"170, Market Street, Kolkata",e86c344fa6f6ad05,15589.36
ACC_01747,2025-06-18,+919573869127,"244, Gandhi Nagar, Bangalore",948acab519953527,44336.09
ACC_01748,2023-04-17,+917936387172,"333, Ring Road, Lucknow",ebcffd7ac0e35b1a,2678.73
ACC_01749,2025-06-13,+919462956196,"12, Hill Road, Jaipur",d24290c540e766e2,65158.2
ACC_01750,2025-03-26,+917513195478,"313, MG Road, Mumbai",1644bfded7898f1e,24636.4
ACC_01751,2022-06-07,+918045607330,"361, Ring Road, Jaipur",892e35c40d2ec4de,32539.31
ACC_01752,2025-10-17,+919939963694,"482, Lake View, Mumbai",2b26475af8527e2d,4544.44
ACC_01753,2023-04-18,+919543475003,"105, Ring Road, Mumbai",48beada04c5df5b5,14387.22
ACC_01754,2023-01-03,+919233783962,"90, Ring Road, Mumbai",572ba0dbff7000de,7700.27
ACC_01755,2025-12-30,+917217555736,"221, Hill Road, Lucknow",e9063093d5997b2c,7580.41
ACC_01756,2022-07-26,+917759507478,"260, Station Road, Jaipur",7215300a95b1e7c7,9777.88
ACC_01757,2025-08-27,+918431243225,"189, Lake View, Bangalore",fdff4d70a6bcd368,9872.45
ACC_01758,2024-11-25,+917390784976,"425, Civil Lines, Hyderabad",70a4b86fe4bb6019,12176.16
ACC_01759,2025-12-23,+918017831500,"7, Hill Road, Jaipur",ffb7fd1a4c82d011,23609.85
ACC_01760,2025-01-20,+919892975117,"291, Park Avenue, Pune",a03ee42c450c72a1,22126.57
ACC_01761,2023-10-21,+917092756975,"54, Gandhi Nagar, Hyderabad",933d49d586669c77,4327.23
ACC_01762,2025-07-10,+919832191050,"380, MG Road, Pune",307591b655ece205,2606.07
ACC_01763,2025-07-26,+918313291085,"305, Nehru Street, Kolkata",f979e0b4455bd145,484572.98
ACC_01764,2025-12-18,+919338785326,"258, Civil Lines, Ahmedabad",a941bf6728ae3ba9,24892.25
ACC_01765,2024-12-06,+917014473058,"124, Hill Road, Delhi",4dfb6eaf8d57571c,32846.73
ACC_01766,2025-09-17,+919635134373,"260, Market Street, Pune",9bc52b517ee866e0,64262.18
ACC_01767,2026-02-26,+917470055211,"395, MG Road, Delhi",e30bb577fbc59ebb,5429.6
ACC_01768,2024-11-17,+919176959045,"406, Ring Road, Lucknow",c4a0b0a3e8580592,247994.68
ACC_01769,2023-02-21,+918562010175,"145, Gandhi Nagar, Jaipur",c9ea8a4b038ccf4a,6939.01
ACC_01770,2025-02-05,+918841407024,"151, Hill Road, Delhi",ca28ce1e15511841,3239.73
ACC_01771,2025-01-08,+919064873355,"472, Gandhi Nagar, Ahmedabad",3c2097a690669185,8967.37
ACC_01772,2021-10-02,+917656745999,"218, Market Street, Pune",3c4c25ddd8fc93d5,309796.98
ACC_01773,2024-06-28,+917826259946,"448, Hill Road, Hyderabad",ba99d720bcb9d0a5,19253.99
ACC_01774,2025-07-23,+918382398239,"428, Gandhi Nagar, Kolkata",9475c9c948e924d4,17330.21
ACC_01775,2024-03-07,+918893980300,"153, MG Road, Mumbai",ae2476573c846224,96823.65
ACC_01776,2023-04-02,+919223343854,"422, MG Road, Ahmedabad",77ae8017961ae0c2,7952.08
ACC_01777,2022-06-28,+917399616179,"1, Park Avenue, Pune",8f2c8a5d00db1095,88065.28
ACC_01778,2025-03-21,+917786968283,"224, Station Road, Jaipur",8ac8fc79f0d41652,88303.29
ACC_01779,2025-03-10,+918273286634,"464, Civil Lines, Bangalore",457ff17336fb98b5,18992.99
ACC_01780,2025-07-06,+918145306822,"256, Lake View, Hyderabad",07323375ad937d38,
ACC_01781,2024-10-20,+918406320509,"352, Civil Lines, Pune",55a87ee056deb175,246767.74
ACC_01782,2024-10-21,+917024668920,"352, Lake View, Kolkata",c099443151eff4a1,5978.5
ACC_01783,2025-02-19,+917103351548,"5, Hill Road, Mumbai",2613fbb48953bf66,4430.01
ACC_01784,2025-07-25,+917484326316,"106, Gandhi Nagar, Kolkata",c1d72a0c18635901,22930.93
ACC_01785,2025-11-27,+919201656568,"422, Station Road, Lucknow",13996c6a995be9d4,265831.49
ACC_01786,2025-06-05,+919136742072,"105, Ring Road, Delhi",89964cb814eebb91,58660.98
ACC_01787,2025-03-29,+918473758719,"137, Lake View, Delhi",a9822a7a4dd29a3e,45146.4
ACC_01788,2023-11-01,+917619301422,"35, Park Avenue, Lucknow",8da663fb74cece27,14134.2
ACC_01789,2024-08-17,+917996709469,"58, MG Road, Hyderabad",13a8ac6f8a1f152b,103899.84
ACC_01790,2024-07-19,+917797336015,"212, Lake View, Ahmedabad",7388db8fe66c9367,68355.65
ACC_01791,2026-03-29,+917224763677,"277, MG Road, Delhi",ba1b96da577c26ba,33430.99
ACC_01792,2019-09-12,+917432891060,"48, MG Road, Chennai",986b519e46231bec,19202.74
ACC_01793,2024-07-13,+919130087339,"178, Lake View, Jaipur",2efec2bb0894736f,95429.41
ACC_01794,2025-02-07,+918093195264,"121, MG Road, Delhi",39742bfc357ff26c,14625.92
ACC_01795,2023-10-22,+918894606658,"404, Nehru Street, Lucknow",c2b1f7f6d9fea7b5,9274.1
ACC_01796,2024-10-08,+917004245444,"140, Park Avenue, Kolkata",e556b91c8d979a23,16979.62
ACC_01797,2025-10-09,+917933370256,"156, MG Road, Hyderabad",61c381dd68c9d4ee,162680.52
ACC_01798,2025-10-29,+919140247829,"352, MG Road, Hyderabad",0e3b33fbc41fa323,62377.33
ACC_01799,2024-06-17,+917768869123,"59, Nehru Street, Delhi",579c12eff3a63d1e,9353.67
ACC_01800,2024-03-31,+919508791034,"302, Nehru Street, Pune",30b198042263b526,58213.04
ACC_01801,2024-10-26,+917709645317,"418, Civil Lines, Chennai",3ab624facd7a5acb,4449.91
ACC_01802,2019-10-04,+918853260837,"404, Nehru Street, Pune",cf1b16390f2ba2c7,46051.32
ACC_01803,2024-01-07,+918199045501,"16, Park Avenue, Delhi",1e5b27683a68b08a,12163.8
ACC_01804,2022-06-20,+917616805202,"341, MG Road, Delhi",4f5442102f3e01bb,10063.23
ACC_01805,2022-10-15,+917803709863,"120, Park Avenue, Pune",a4e92cb900b82f7c,157126.88
ACC_01806,2023-03-28,+917100987593,"426, Hill Road, Delhi",e01610ed976bc457,24457.35
ACC_01807,2025-06-25,+917657934610,"113, Station Road, Kolkata",1ed482b8b6efffb7,21554.31
ACC_01808,2025-10-09,+917556999192,"386, Nehru Street, Pune",108e573142b1d4b5,7420.78
ACC_01809,2026-03-08,+919469390312,"96, Gandhi Nagar, Kolkata",6207b72bdabaef61,151053.07
ACC_01810,2024-05-02,+918799782675,"321, Park Avenue, Delhi",38320a7f7f2de966,23896.51
ACC_01811,2019-05-08,+918181566413,"179, Nehru Street, Kolkata",fa97a340915a2d42,43460.48
ACC_01812,2025-12-30,+917133299275,"491, Gandhi Nagar, Bangalore",18152ec608c2feb4,
ACC_01813,2022-08-10,+919293334152,"101, Lake View, Mumbai",419ebba3d83a46a6,385296.25
ACC_01814,2024-09-08,+918612533326,"296, Ring Road, Lucknow",32cf4d1a4c5942fe,62417.16
ACC_01815,2021-01-05,+918805529772,"260, Station Road, Chennai",870612a8f6a410a9,8628.37
ACC_01816,2025-04-28,+917760482215,"106, Gandhi Nagar, Chennai",6e3fa8333a4d55d1,9396.44
ACC_01817,2024-12-21,+917593235896,"411, MG Road, Delhi",50b91ba628bc7f71,134219.9
ACC_01818,2025-02-16,+917751610579,"440, Lake View, Mumbai",18ab6c57275fa90c,2835.42
ACC_01819,2025-05-24,+918053217005,"348, Hill Road, Chennai",e617900e551db0ca,9492.93
ACC_01820,2022-07-12,+919732241121,"303, Gandhi Nagar, Ahmedabad",42e40ad460cdeb89,13544.93
ACC_01821,2024-08-04,+917654649446,"191, Market Street, Pune",7fe7e340ec7c67c2,466214.76
ACC_01822,2018-10-06,+917307283814,"9, Civil Lines, Pune",b644fdea7a5e3c0f,6596.28
ACC_01823,2024-10-20,+919264114685,"79, Park Avenue, Lucknow",e37da0d31066220e,65150.51
ACC_01824,2024-12-04,+919110573644,"145, Station Road, Chennai",94f830f360835852,8278.6
ACC_01825,2025-06-15,+917437887040,"154, Hill Road, Hyderabad",ce5d2b7aa07da4b6,3362.14
ACC_01826,2023-07-14,+917050340641,"127, Lake View, Jaipur",b5d2462f09953881,81989.7
ACC_01827,2020-07-14,+919714673327,"251, Station Road, Hyderabad",b927e30559b9dd11,59021.62
ACC_01828,2019-10-01,+918249861228,"203, Market Street, Pune",560514e854346c2a,81251.01
ACC_01829,2026-03-29,+918950741702,"123, Nehru Street, Bangalore",e2e0f75573a95146,32366.91
ACC_01830,2025-08-26,+918497664861,"111, Civil Lines, Chennai",73ddbd17b5de3306,38366.46
ACC_01831,2025-08-14,+917839548291,"142, Nehru Street, Bangalore",d101eaf57b5e6ee6,32424.47
ACC_01832,2025-07-27,+919911776692,"356, Station Road, Bangalore",9e9b07864ac8bc50,20744.71
ACC_01833,2025-07-05,+917796348021,"477, Station Road, Lucknow",41997deb1fc3084d,96717.07
ACC_01834,2025-08-28,+919247194447,"78, Hill Road, Hyderabad",c16448c9d069f914,741685.67
ACC_01835,2025-04-24,+918692452145,"476, Civil Lines, Pune",92267354247ff1d3,33146.77
ACC_01836,2025-04-26,+918902292322,"177, Gandhi Nagar, Bangalore",c8f7613e06513b07,21840.95
ACC_01837,2025-11-30,+918667364610,"123, Hill Road, Bangalore",5f190a7a13cdafe1,4282.01
ACC_01838,2024-11-12,+918601052014,"322, MG Road, Kolkata",444005290e891763,120565.63
ACC_01839,2024-11-18,+919512817265,"44, Hill Road, Delhi",bee2b4621e9716a8,24929.77
ACC_01840,2025-04-01,+919098028186,"150, Gandhi Nagar, Lucknow",c276850dfb4b0ac8,172283.59
ACC_01841,2025-09-29,+917333403008,"358, Gandhi Nagar, Mumbai",a6ae19f72f199b5b,33159.9
ACC_01842,2024-01-06,+917061666814,"416, Nehru Street, Bangalore",82d40e3934779085,60872.28
ACC_01843,2025-07-25,+917222513875,"47, Station Road, Pune",7735af79e74e8881,6605.98
ACC_01844,2025-10-27,+919924711176,"372, Market Street, Jaipur",e5c1ceae13a4e442,61712.61
ACC_01845,2023-03-20,+919807758768,"307, Hill Road, Mumbai",ea788d3db518cf9d,1791.76
ACC_01846,2025-12-17,+917198106151,"490, Park Avenue, Chennai",01b6979998638810,18976.29
ACC_01847,2025-09-24,+918551379739,"486, Station Road, Kolkata",ce0af5427820b3c4,17277.39
ACC_01848,2025-04-18,+918217892878,"442, Park Avenue, Pune",961f53ae1663676c,14574.69
ACC_01849,2026-02-02,+917344227691,"221, Lake View, Hyderabad",e1860baffc4b1e3c,114230.14
ACC_01850,2026-03-29,+919635030741,"414, MG Road, Delhi",80ef157826c2ccce,11769.38
ACC_01851,2025-05-22,+918002876886,"101, Nehru Street, Ahmedabad",5eebf66a693d33f9,
ACC_01852,2025-02-14,+918748974999,"67, Lake View, Ahmedabad",3e6dc36c27fe2af3,2393.22
ACC_01853,2025-04-22,+919107472056,"398, Hill Road, Kolkata",533900fc7e75a540,33908.33
ACC_01854,2024-01-07,+919764008955,"128, Hill Road, Hyderabad",dfe33f76799b80b1,13277.65
ACC_01855,2022-04-10,+918202119912,"298, Gandhi Nagar, Mumbai",6908b7f9f655000c,2274.69
ACC_01856,2022-09-29,+919719494734,"200, Park Avenue, Mumbai",0e6916288ee7bfc1,21191.13
ACC_01857,2025-07-23,+918692356196,"362, MG Road, Pune",3ad6e93988b37858,5736.24
ACC_01858,2023-12-11,+917967691697,"195, Hill Road, Ahmedabad",1f37b6bbbe73198d,9819.6
ACC_01859,2025-07-27,+919502461123,"129, Market Street, Delhi",b28cdb7aa3a75813,11606.5
ACC_01860,2024-08-25,+918443235884,"119, Ring Road, Jaipur",8a67f3ecab183994,2100.39
ACC_01861,2016-09-27,+917782316160,"202, Nehru Street, Lucknow",5f2e0145ec16e377,101736.66
ACC_01862,2026-02-10,+918208595248,"157, Hill Road, Bangalore",65b9fd94a10ba6bd,42505.43
ACC_01863,2025-08-14,+917718735010,"306, Ring Road, Jaipur",94a8347555a9fb58,21426.36
ACC_01864,2024-09-03,+919660280831,"267, Lake View, Delhi",c7e79181a2539726,6958.65
ACC_01865,2025-11-15,+918255362119,"353, Nehru Street, Mumbai",9fdde2b92bac3a25,1250.72
ACC_01866,2024-04-28,+918132473236,"115, Civil Lines, Mumbai",cb2b38152ea22d01,5924.1
ACC_01867,2025-03-15,+918834833435,"181, Lake View, Lucknow",1a1c775603f7fbf6,196350.94
ACC_01868,2026-01-21,+919356652870,"193, Ring Road, Delhi",aea1637af9b25e62,23142.38
ACC_01869,2024-03-03,+917009445203,"18, Lake View, Bangalore",755869c1f6420310,20754.55
ACC_01870,2025-08-10,+918107643598,"460, Civil Lines, Delhi",88b6b24528fadd60,18290.67
ACC_01871,2025-02-09,+917917680836,"463, Ring Road, Delhi",0b9515e5008de9db,85182.72
ACC_01872,2024-10-29,+918714932362,"151, Park Avenue, Mumbai",b0741bcf52ed149d,9834.3
ACC_01873,2024-10-22,+919166947341,"97, Lake View, Jaipur",3ef9a95faddc8820,40260.9
ACC_01874,2020-03-11,+918363616418,"339, Market Street, Ahmedabad",b4666212c9be7ed5,79358.4
ACC_01875,2025-09-21,+917864635593,"439, Ring Road, Delhi",0fc539f12d4e774c,10199.66
ACC_01876,2024-05-25,+919937616790,"467, Park Avenue, Pune",5a66a97b99f9cf09,2134.92
ACC_01877,2024-02-20,+919618087942,"271, Nehru Street, Chennai",431afdf90b75f8ec,10937.99
ACC_01878,2022-10-22,+917252915810,"40, Ring Road, Chennai",29b573a1ba65e22e,27577.69
ACC_01879,2022-11-28,+918645150318,"382, Market Street, Mumbai",e9b147a43f2a9127,191626.77
ACC_01880,2025-10-01,+917798586037,"137, Hill Road, Jaipur",ffc4d8b5134c7212,9753.95
ACC_01881,2023-09-18,+918380846591,"255, Market Street, Ahmedabad",ca0b7fbcf37e0cbd,72129.69
ACC_01882,2025-09-12,+917413608847,"124, Hill Road, Delhi",297ffc02a4c40042,4889.94
ACC_01883,2025-12-28,+917131730959,"190, Market Street, Lucknow",d024fc72300ad66f,15561.79
ACC_01884,2025-07-17,+919499499293,"174, Lake View, Bangalore",3a8350b7f4e88559,10766.51
ACC_01885,2025-07-12,+918876815602,"78, Station Road, Ahmedabad",f4a42615e4698cce,35256.97
ACC_01886,2024-08-18,+917852407644,"300, Ring Road, Lucknow",ee9262a386655dcf,46353.04
ACC_01887,2025-02-22,+917808830097,"148, Nehru Street, Hyderabad",74afaf5a84ec5ce5,128821.17
ACC_01888,2026-01-13,+917018490008,"81, Gandhi Nagar, Chennai",223ef223a99ed50c,40578.64
ACC_01889,2025-11-12,+919922091455,"86, Park Avenue, Bangalore",83dc8c8169c26d05,92602.76
ACC_01890,2025-01-17,+918417948072,"299, Gandhi Nagar, Ahmedabad",28f053de95db9f5c,40735.99
ACC_01891,2021-06-02,+919273260151,"369, Hill Road, Bangalore",6271b2be427f4ac9,14264.32
ACC_01892,2024-02-08,+918359613040,"437, Market Street, Chennai",c605defb3df3cab2,28499.75
ACC_01893,2025-03-10,+919427929692,"442, Civil Lines, Pune",6ce825bd6df708d4,17208.22
ACC_01894,2025-01-23,+919592640820,"109, Market Street, Pune",0ad095c628c31ced,7485.23
ACC_01895,2026-02-25,+918370791706,"429, Gandhi Nagar, Lucknow",e23db638c4a93883,28895.64
ACC_01896,2024-09-27,+919717634312,"157, Ring Road, Kolkata",77e7e3d3885ea74b,33355.66
ACC_01897,2023-06-14,+918770447485,"376, Lake View, Pune",b0b670d6b3950442,235495.63
ACC_01898,2022-10-08,+918938900495,"7, Station Road, Lucknow",db16912503fbbcba,17057.18
ACC_01899,2026-03-25,+917267630653,"408, Market Street, Pune",3b00191947a8d758,248678.31
ACC_01900,2020-02-27,+917956983991,"67, MG Road, Delhi",7dbbcf4454c584fb,957.29
ACC_01901,2020-06-10,+918066745196,"343, Ring Road, Kolkata",fa1cd4fbb5020418,5899.35
ACC_01902,2022-11-26,+919871078603,"183, Hill Road, Chennai",5747058c075d8923,44413.35
ACC_01903,2026-01-12,+919645244747,"123, Nehru Street, Mumbai",e2a69e9a49b2da03,29508.13
ACC_01904,2026-03-29,+918592041400,"354, Civil Lines, Ahmedabad",cc8b0f33d4211a0f,53055.41
ACC_01905,2020-07-29,+917276256070,"264, Gandhi Nagar, Lucknow",4c30d1cc06d9ac54,109810.65
ACC_01906,2024-03-07,+919262286579,"308, Market Street, Ahmedabad",f356527d5dc8769e,14319.02
ACC_01907,2024-07-21,+919468797765,"390, Lake View, Ahmedabad",ceef9868b902a651,2418.67
ACC_01908,2024-07-25,+917198667621,"406, Market Street, Kolkata",9de781b57e5582df,150736.42
ACC_01909,2025-12-07,+917992734336,"219, Hill Road, Jaipur",369e4ddaa1870c64,15776.5
ACC_01910,2023-12-02,+918863804380,"80, Park Avenue, Lucknow",ae1cd323cebbdf7a,3877.13
ACC_01911,2024-11-09,+917267206341,"126, Market Street, Kolkata",26817923eed65f28,74293.62
ACC_01912,2025-08-14,+917083855417,"73, Gandhi Nagar, Delhi",a60862332eface72,154084.64
ACC_01913,2026-03-29,+918872692442,"452, Ring Road, Delhi",d27d4cbdd7359ab1,610297.24
ACC_01914,2024-05-25,+918177367622,"472, Nehru Street, Delhi",9574201632cf9fc9,91565.11
ACC_01915,2024-11-20,+919741220168,"115, Market Street, Bangalore",74f2c7e22805438a,2912.19
ACC_01916,2025-01-25,+917441683753,"339, Hill Road, Jaipur",839b092b69b9e71e,86934.88
ACC_01917,2023-04-18,+917935175012,"311, Hill Road, Ahmedabad",31142fde0550c91e,75680.2
ACC_01918,2025-08-17,+917209043922,"201, Park Avenue, Chennai",414e8fcedd527989,22579.15
ACC_01919,2024-12-03,+919796278943,"115, Gandhi Nagar, Chennai",680020b9f2837343,70990.6
ACC_01920,2025-05-08,+917935720510,"371, Station Road, Chennai",ecc42bd63f5e997e,29588.35
ACC_01921,2026-03-29,+918694364212,"126, Hill Road, Delhi",fab019f8eeb12df2,
ACC_01922,2024-11-28,+918222847628,"3, Park Avenue, Jaipur",cc872cdfb7576586,32000.8
ACC_01923,2024-11-28,+917940411210,"94, Civil Lines, Kolkata",d86f762f76f60c89,68352.54
ACC_01924,2025-08-29,+917657620042,"1, Gandhi Nagar, Pune",fb919c0a41182e23,9352.21
ACC_01925,2024-08-15,+917560842822,"222, MG Road, Kolkata",39fff2492db56eeb,14121.17
ACC_01926,2023-12-29,+917941111873,"353, Lake View, Delhi",5fd24ab065fb832a,2048.4
ACC_01927,2022-07-28,+917753893989,"94, Station Road, Bangalore",34d941ae54843727,24754.09
ACC_01928,2025-11-22,+918786321362,"458, Lake View, Mumbai",be8c990277aea814,21422.06
ACC_01929,2024-10-09,+918922166918,"347, Market Street, Jaipur",a7f29e6a94ce1654,3362.64
ACC_01930,2024-06-14,+919321046713,"233, MG Road, Jaipur",b63ffcb75cfd6a4a,11265.42
ACC_01931,2025-10-13,+918656504193,"136, MG Road, Delhi",bd72758c569c667e,
ACC_01932,2020-06-15,+918146735611,"19, Ring Road, Pune",10ae6e60171341b1,9176.46
ACC_01933,2025-01-23,+917438199566,"147, Lake View, Bangalore",544de8ea91a9617f,4890.4
ACC_01934,2024-02-09,+918071191158,"238, Gandhi Nagar, Kolkata",1f4ba55382fd8f47,8331.28
ACC_01935,2025-05-26,+918373913757,"293, Civil Lines, Chennai",61a2db500de9816b,51256.44
ACC_01936,2025-12-03,+918047425633,"228, Nehru Street, Mumbai",4a325f867dacb202,30028.7
ACC_01937,2025-01-27,+917746765699,"359, Civil Lines, Hyderabad",b2591ebfb286bcd0,15868.24
ACC_01938,2022-09-26,+917987617819,"435, MG Road, Kolkata",d1de2c75a1071cdc,42088.41
ACC_01939,2024-10-25,+919380942952,"97, Gandhi Nagar, Hyderabad",c86c435bda0b1001,130253.46
ACC_01940,2025-04-18,+919357175022,"416, Ring Road, Mumbai",32fa2e0cd12c4702,46754.0
ACC_01941,2023-12-14,+919815838903,"441, Civil Lines, Delhi",0cfe91b030fb9138,7799.15
ACC_01942,2025-09-25,+919054882408,"477, Gandhi Nagar, Bangalore",a6ee7daa937f9df8,6445.96
ACC_01943,2021-04-20,+918880374909,"345, Civil Lines, Ahmedabad",bce2a966d2f149f3,19180.71
ACC_01944,2025-09-13,+919951784740,"423, Nehru Street, Lucknow",35a39bc00d0b21d7,34773.45
ACC_01945,2025-07-10,+917028764180,"306, Hill Road, Chennai",1a0dd392cbdd50ab,69126.6
ACC_01946,2021-11-22,+919650430836,"320, Station Road, Pune",45d3b1597e978123,4692.14
ACC_01947,2025-08-03,+918571436993,"353, Park Avenue, Mumbai",cf2b3dd2e25d6964,24267.23
ACC_01948,2020-11-27,+919796677083,"163, Gandhi Nagar, Lucknow",c5d5280f59508483,5577.38
ACC_01949,2025-07-14,+918274513380,"186, Park Avenue, Lucknow",e28d6d4f4f9ff177,11673.1
ACC_01950,2025-09-12,+918879274155,"52, Hill Road, Kolkata",dbc6986724505b24,15255.41
ACC_01951,2024-01-23,+918644459719,"461, Station Road, Chennai",d67783b882ce87ce,5182.88
ACC_01952,2019-10-21,+918217746004,"238, Hill Road, Hyderabad",1ff1b6eb421905dd,33778.38
ACC_01953,2025-05-17,+917900528196,"277, MG Road, Bangalore",43fb3249ea5d5e81,73609.21
ACC_01954,2024-07-24,+917308437005,"186, Station Road, Mumbai",006e1e57305b0a09,9628.05
ACC_01955,2018-02-16,+919047551250,"346, Gandhi Nagar, Chennai",a31995cfa0f7bf84,11494.48
ACC_01956,2025-09-17,+918960152818,"376, MG Road, Chennai",556e1fa0796eee98,76664.12
ACC_01957,2025-02-10,+919868851847,"137, Gandhi Nagar, Pune",2fc5e3b4c0f7f634,13083.85
ACC_01958,2023-06-09,+918787606554,"104, Park Avenue, Lucknow",1071d69b967da00c,20368.13
ACC_01959,2025-05-16,+917526622544,"32, Hill Road, Hyderabad",59ab6037d4ea66cd,45157.09
ACC_01960,2023-09-14,+919012049211,"382, Hill Road, Chennai",77e1c4d9adcf931a,1213.45
ACC_01961,2024-10-04,+917453159620,"220, Civil Lines, Mumbai",adbea1a2e6a66b2a,73251.91
ACC_01962,2024-07-04,+919864247194,"160, Ring Road, Chennai",d86d7281e9182ba1,87894.94
ACC_01963,2026-03-29,+918371850282,"240, Hill Road, Chennai",0d161130eb18614a,6595.07
ACC_01964,2026-01-09,+919233013815,"169, Gandhi Nagar, Chennai",f97f34a3abf2b04f,1896.3
ACC_01965,2025-09-11,+918917371188,"142, MG Road, Chennai",9eb2d7975a0006ef,12897.49
ACC_01966,2025-11-24,+918567677214,"246, MG Road, Bangalore",135728f775e64ec1,20916.9
ACC_01967,2024-03-10,+919239105758,"223, Hill Road, Bangalore",4163579e99aadeec,21608.81
ACC_01968,2023-01-08,+918269259670,"398, Lake View, Bangalore",f8990a646d1a3fee,5054.84
ACC_01969,2024-09-22,+919610513371,"87, Park Avenue, Lucknow",9cdbff6daac84f94,51612.55
ACC_01970,2024-12-03,+917052295662,"231, Lake View, Mumbai",b845f8724c0ffe27,12149.29
ACC_01971,2023-12-04,+917201938868,"273, Gandhi Nagar, Lucknow",3738dcca3ebab6a5,12055.05
ACC_01972,2020-06-30,+917859822307,"368, Hill Road, Chennai",9214351ce64c5249,45810.18
ACC_01973,2025-05-28,+917590046045,"349, Ring Road, Bangalore",1e44d1611869ec23,28099.05
ACC_01974,2024-08-19,+919210748912,"177, Civil Lines, Lucknow",9621493e90530a77,17615.42
ACC_01975,2025-05-25,+919256874332,"239, Hill Road, Ahmedabad",72eddd303dc38422,6059.09
ACC_01976,2025-08-25,+917863401515,"40, Gandhi Nagar, Hyderabad",bc72770acb8225d8,6389.6
ACC_01977,2022-01-04,+917408018572,"134, Market Street, Hyderabad",aa273823ab71cf1f,118905.49
ACC_01978,2025-07-26,+919190397923,"252, Civil Lines, Delhi",a2853c9866fdcc6c,24521.78
ACC_01979,2024-09-12,+918427662053,"326, Hill Road, Hyderabad",824d377af5bb95bb,63107.73
ACC_01980,2025-03-10,+917974646389,"86, Ring Road, Delhi",3f927cba8816289f,16034.69
ACC_01981,2022-12-09,+917440993543,"438, Gandhi Nagar, Delhi",b8c3e1e106ad832f,1873.06
ACC_01982,2025-05-11,+917721238061,"179, Park Avenue, Hyderabad",12542abaddcda363,24019.15
ACC_01983,2025-11-08,+917022701987,"168, Park Avenue, Hyderabad",475030042769e1fa,87943.05
ACC_01984,2026-01-04,+919776619011,"236, Park Avenue, Ahmedabad",06d74783acf326dc,4338.46
ACC_01985,2024-05-20,+918534582024,"402, Ring Road, Lucknow",c6d1af2033d3ebcd,7278.59
ACC_01986,2022-12-08,+919427665881,"181, MG Road, Chennai",331c96c6c0318318,26244.44
ACC_01987,2022-03-25,+917497349094,"248, Park Avenue, Mumbai",3346c3794438f997,18850.39
ACC_01988,2025-11-30,+917748604498,"336, Nehru Street, Ahmedabad",8bc4ed3085c4cc4a,24095.51
ACC_01989,2026-03-29,+918576612924,"106, Lake View, Pune",ce3421cadfc6161b,15932.72
ACC_01990,2020-05-22,+919067455579,"343, Gandhi Nagar, Kolkata",b3aacbe60796a9cb,7932.08
ACC_01991,2016-09-27,+919823016735,"121, Lake View, Jaipur",978f29a4f42fe040,346150.82
ACC_01992,2023-07-13,+919624061663,"215, Nehru Street, Delhi",40495369ace6ae07,50395.15
ACC_01993,2024-07-24,+919894629327,"277, Park Avenue, Kolkata",19e38ab157fb83a7,7559.68
ACC_01994,2025-04-18,+919320721681,"137, Lake View, Jaipur",f19b3357c57dd5f1,5777.35
ACC_01995,2016-11-19,+917067806872,"276, Park Avenue, Pune",ef3d9946254dbc70,9546.96
ACC_01996,2016-11-19,+917537266955,"344, Station Road, Bangalore",bdea3a948269c276,20416.47
ACC_01997,2023-09-02,+919214173959,"405, Nehru Street, Pune",738e2411bb653f1f,62671.2
ACC_01998,2026-03-29,+918190591323,"418, Civil Lines, Hyderabad",2af6a919f0f90b54,620.26
ACC_01999,2025-12-22,+917820003089,"483, Hill Road, Delhi",4ba46d66ba712366,48024.13
ACC_02000,2022-07-22,+918759795138,"190, Market Street, Lucknow",de0a16114aa86c33,23211.3
ACC_02001,2020-09-11,+918886880539,"293, Park Avenue, Ahmedabad",fd73307e6f515d17,9746.85
ACC_02002,2025-04-23,+917265252271,"50, Civil Lines, Mumbai",9d90a8c645829e32,125393.05
ACC_02003,2025-07-09,+919755526651,"12, Park Avenue, Jaipur",86d0f098b70ee9e5,12934.62
ACC_02004,2025-05-13,+919642489326,"239, Station Road, Hyderabad",bc52f9d24b1cddcd,47781.16
ACC_02005,2026-01-31,+918510021322,"257, Nehru Street, Lucknow",83c6851264dff72e,32781.68
ACC_02006,2026-03-29,+918183915480,"428, Ring Road, Pune",e834ce82b64fcd1c,232452.64
ACC_02007,2021-12-18,+918194500335,"147, MG Road, Jaipur",b8b8e9aa143708b7,3438.49
ACC_02008,2025-01-01,+919002323341,"191, Gandhi Nagar, Bangalore",f0f3a42f2245131e,107750.61
ACC_02009,2025-02-22,+918240716640,"382, Nehru Street, Pune",70a1f122643175dd,3875.66
ACC_02010,2025-07-31,+918976064409,"379, Nehru Street, Delhi",3b872519bcbec7f0,51717.14
ACC_02011,2025-12-02,+918519653964,"150, Market Street, Ahmedabad",dd07aca91227a030,100951.97
ACC_02012,2026-01-11,+919105515731,"88, Gandhi Nagar, Ahmedabad",c72b5d99a1e99436,147626.29
ACC_02013,2023-02-27,+918795657573,"175, Gandhi Nagar, Delhi",2feac42ef2025e5a,21021.89
ACC_02014,2023-06-19,+918792683186,"55, Civil Lines, Pune",7f23fe3dab00259c,75166.5
ACC_02015,2025-11-09,+918306110869,"406, Hill Road, Mumbai",d2d91863608f003a,49692.32
ACC_02016,2025-06-05,+917316955234,"412, Ring Road, Mumbai",692d27d530edf0c5,63908.51
ACC_02017,2020-09-29,+918998426173,"199, Gandhi Nagar, Kolkata",6e02672c7b9feb48,23136.5
ACC_02018,2025-10-05,+917358996360,"352, Park Avenue, Jaipur",af4ddc08262dde04,153124.16
ACC_02019,2024-10-24,+918650657337,"157, Gandhi Nagar, Kolkata",e7e19aa9c68bb791,106469.62
ACC_02020,2023-11-12,+917066447999,"265, Park Avenue, Ahmedabad",df60e2263f19ec21,45073.11
ACC_02021,2016-09-27,+917687902924,"487, Gandhi Nagar, Chennai",fa8b41a140242a7e,3669.23
ACC_02022,2025-05-14,+919566581602,"15, Gandhi Nagar, Bangalore",48f61ed0e301bd62,38671.85
ACC_02023,2024-05-19,+919563578771,"98, Station Road, Lucknow",e5bfd5c10648265f,13579.48
ACC_02024,2025-08-31,+918913484186,"354, Market Street, Lucknow",e15179511abba72e,158558.81
ACC_02025,2023-06-26,+918561098137,"260, MG Road, Pune",5693e1abdfc9eb19,26443.47
ACC_02026,2024-12-02,+918594341029,"399, Station Road, Hyderabad",c16185b518af74c7,292183.21
ACC_02027,2025-12-30,+918231316336,"206, Gandhi Nagar, Hyderabad",aae3b2f7f12c5d51,8038.99
ACC_02028,2025-01-31,+917667925349,"315, Civil Lines, Kolkata",b714d519225e5a1e,11235.99
ACC_02029,2021-03-31,+917003419213,"180, Civil Lines, Chennai",2fed60c20eb13108,117446.01
ACC_02030,2023-12-29,+919179175316,"415, Gandhi Nagar, Hyderabad",29781881ae673fc1,38170.95
ACC_02031,2023-11-09,+919363831006,"377, Nehru Street, Delhi",f050b2b61baa8feb,13267.86
ACC_02032,2024-04-27,+918183760286,"191, Station Road, Lucknow",c862b2895b3696c2,7228.31
ACC_02033,2022-01-21,+917194879088,"13, MG Road, Bangalore",4a53b6eb073828ce,13041.64
ACC_02034,2025-03-24,+917692463216,"415, MG Road, Delhi",cb292b519d617c2c,42470.65
ACC_02035,2023-10-01,+919201463739,"132, Market Street, Hyderabad",a77923ead6aad8df,76180.94
ACC_02036,2022-04-13,+918165835332,"333, Lake View, Hyderabad",c150061effc2338e,52049.27
ACC_02037,2026-03-03,+917444748717,"256, Lake View, Lucknow",e36969528ab7a869,6439.73
ACC_02038,2020-08-02,+919270804822,"198, Civil Lines, Hyderabad",891c124f18988192,71559.36
ACC_02039,2025-02-24,+918270932806,"399, Park Avenue, Kolkata",338529f7b7c62dff,10528.26
ACC_02040,2024-03-20,+919966433836,"437, Market Street, Lucknow",ea7489f4f47702fa,68154.95
ACC_02041,2025-11-02,+917187509589,"299, Hill Road, Ahmedabad",97f0ffaa85b4deb0,
ACC_02042,2026-02-14,+918852491826,"172, Civil Lines, Pune",23afb9fc39fc99b3,8882.89
ACC_02043,2025-11-20,+918256634765,"275, Market Street, Mumbai",346db7151028e51b,54505.05
ACC_02044,2025-08-17,+919142919707,"219, Gandhi Nagar, Delhi",14e246de70890626,763299.0
ACC_02045,2025-06-01,+917453524287,"75, Park Avenue, Mumbai",ee016dd9cc59cadf,29397.9
ACC_02046,2024-12-27,+917317479097,"173, Hill Road, Jaipur",aa58017c434cabe0,8899.9
ACC_02047,2023-06-27,+917133954517,"338, Market Street, Bangalore",9e7e4e43287e9dbd,118393.65
ACC_02048,2016-09-27,+917175342011,"89, Station Road, Ahmedabad",32fa1f72beb97181,
ACC_02049,2025-08-31,+917785309949,"149, Station Road, Jaipur",8634eab88ec3113c,91349.26
ACC_02050,2026-02-08,+919322044863,"61, Nehru Street, Lucknow",e1cb64535a2e3e5e,8237.59
ACC_02051,2025-09-19,+919606250241,"139, Market Street, Mumbai",459667a6e9ac4443,17467.97
ACC_02052,2025-10-18,+917648615276,"212, Gandhi Nagar, Chennai",685dc63abf10e512,13915.82
ACC_02053,2023-06-09,+918713551697,"61, Park Avenue, Mumbai",49f4bf37551e7bb9,40388.93
ACC_02054,2026-01-23,+919982641274,"227, Market Street, Pune",30a241638a52dd0d,21564.76
ACC_02055,2024-06-19,+917358214062,"462, Civil Lines, Mumbai",92aef378225925e4,88496.42
ACC_02056,2025-09-11,+919966772495,"348, Gandhi Nagar, Hyderabad",677e4a816da6407a,69758.75
ACC_02057,2023-12-28,+917792446691,"283, Gandhi Nagar, Pune",4aca9dc2f51daee3,41784.78
ACC_02058,2024-07-03,+919792079037,"3, Civil Lines, Bangalore",78cf8200f1d811b0,48037.99
ACC_02059,2025-10-02,+919948956982,"417, Lake View, Pune",d03746dbfc8b0566,210477.71
ACC_02060,2025-04-15,+917862680172,"472, Lake View, Jaipur",458d6c0f2d9442bc,16063.07
ACC_02061,2021-03-19,+919673759386,"464, Lake View, Hyderabad",62882c8d1c21ad55,6807.52
ACC_02062,2026-02-01,+917398293420,"429, Market Street, Lucknow",9508d4c2fbb187c5,84639.2
ACC_02063,2022-01-10,+919456073027,"492, Park Avenue, Delhi",ce81af9e7b5d8e18,69509.37
ACC_02064,2023-07-24,+917108614427,"227, Gandhi Nagar, Lucknow",2b63c102993d5789,7315.25
ACC_02065,2025-05-27,+918512965956,"240, Hill Road, Mumbai",120c623603399e26,103246.73
ACC_02066,2023-05-04,+917304818781,"191, Ring Road, Lucknow",6a0431484011310b,19700.83
ACC_02067,2024-05-22,+917210468281,"62, Nehru Street, Bangalore",ad2bd9b7eda20a3f,18329.9
ACC_02068,2025-03-17,+919915911843,"53, Park Avenue, Pune",235d87653fae254c,1755.94
ACC_02069,2025-09-09,+918259612615,"250, Station Road, Mumbai",6e8f2c9edbe9f42a,203558.32
ACC_02070,2024-12-22,+919909841267,"358, MG Road, Pune",5e09098835b997b6,500.0
ACC_02071,2025-12-20,+918328259493,"480, Nehru Street, Ahmedabad",e947bfb8671d00a0,
ACC_02072,2016-09-27,+918409573800,"202, Civil Lines, Hyderabad",30520e36a93b11ea,62629.45
ACC_02073,2021-04-08,+919550720346,"460, Hill Road, Ahmedabad",80ba4c9e757e5964,48513.0
ACC_02074,2025-07-05,+917093866776,"465, Hill Road, Jaipur",edaea5ba5b33f45a,18401.66
ACC_02075,2025-12-02,+917283537131,"7, Hill Road, Ahmedabad",84d41e7ca32c6bc0,1089375.1
ACC_02076,2019-10-11,+917943977564,"29, MG Road, Lucknow",9b1af8a3feb293a2,4252.44
ACC_02077,2021-03-23,+918331707636,"147, Civil Lines, Kolkata",02c89ae8b3c458d3,156096.93
ACC_02078,2026-03-29,+918311800345,"414, Station Road, Bangalore",f8220aa1bf294335,112238.05
ACC_02079,2023-08-25,+919960769252,"42, Hill Road, Kolkata",d75a1ab0519876cd,76482.86
ACC_02080,2025-02-17,+918325436463,"153, Park Avenue, Kolkata",c23e99edf69916b2,9747.01
ACC_02081,2023-11-10,+917101883312,"98, Gandhi Nagar, Mumbai",f7f40d0ddfb4a981,67652.15
ACC_02082,2024-01-20,+918449815059,"98, Nehru Street, Jaipur",a041225bc70bde5f,48167.2
ACC_02083,2023-06-18,+919332722530,"57, Nehru Street, Pune",aa1b7dc50ac9f4de,71080.85
ACC_02084,2025-12-16,+918205847933,"169, Hill Road, Jaipur",5623d806456c5bb4,32533.53
ACC_02085,2025-05-18,+918061139081,"374, Civil Lines, Ahmedabad",d8bb9fef3a89c756,7757.2
ACC_02086,2025-05-15,+919518371550,"39, Nehru Street, Mumbai",0126ef7624a008dc,42170.46
ACC_02087,2024-09-30,+918389336998,"374, Ring Road, Bangalore",de43f6ecb54be8cc,129040.78
ACC_02088,2024-09-12,+918852854073,"130, Nehru Street, Ahmedabad",bded1ee06b7296d2,166186.67
ACC_02089,2025-11-26,+919115921382,"391, Market Street, Ahmedabad",0847045cda2be26f,12314.04
ACC_02090,2025-07-14,+919465124793,"416, Ring Road, Jaipur",262cce1347f70ef5,2500.88
ACC_02091,2024-02-18,+918858163568,"421, Civil Lines, Chennai",f7dd3d272d80aa49,97869.56
ACC_02092,2021-09-22,+917367846671,"478, Civil Lines, Pune",79717838f7fbfbda,131252.94
ACC_02093,2025-11-15,+918554795780,"22, MG Road, Kolkata",62678940046c0bbf,15065.11
ACC_02094,2025-03-21,+917256435375,"464, Gandhi Nagar, Mumbai",9a883bae2f11c088,31130.83
ACC_02095,2025-08-19,+919638696866,"338, Station Road, Lucknow",4866b92645286574,38365.77
ACC_02096,2024-06-08,+918988449250,"248, Gandhi Nagar, Lucknow",de48d7de9d3c4e2e,908.3
ACC_02097,2026-01-01,+919574003595,"387, Civil Lines, Mumbai",37817a926f5bd994,34479.21
ACC_02098,2025-07-06,+917449593187,"248, Hill Road, Ahmedabad",8b07446cea75a7b6,20890.99
ACC_02099,2021-04-15,+917866003705,"404, Ring Road, Hyderabad",fec360eafe909b2c,48343.6
ACC_02100,2025-08-23,+919112401369,"111, Park Avenue, Bangalore",248dc221e54a8fd8,18335.25
ACC_02101,2025-05-26,+918390433652,"446, Gandhi Nagar, Hyderabad",c70a9a4bab630b71,6706.57
ACC_02102,2025-05-13,+918098219663,"224, Civil Lines, Chennai",2aa17c213bd8eb68,23553.21
ACC_02103,2023-04-29,+918283910907,"431, Station Road, Chennai",0503b4254e88d2bd,87746.46
ACC_02104,2024-08-03,+919321831179,"424, Market Street, Mumbai",ed2ad07ed37499bd,2195.59
ACC_02105,2016-09-27,+917993917912,"263, Civil Lines, Kolkata",2fc3d5ceff2ed3b2,62317.46
ACC_02106,2023-10-26,+918355088855,"88, MG Road, Bangalore",cbcd63420482f669,7139.14
ACC_02107,2023-10-17,+917978337461,"381, Gandhi Nagar, Mumbai",94dc797fee948b68,2053.08
ACC_02108,2025-02-01,+918730550680,"172, Lake View, Delhi",503834626d5c4516,46013.38
ACC_02109,2023-10-10,+919674592664,"237, Hill Road, Kolkata",55c12861fc0f049a,13018.84
ACC_02110,2023-02-11,+919399323502,"411, Gandhi Nagar, Kolkata",143e825b86d4ebb8,9690.9
ACC_02111,2025-06-02,+918458807939,"204, Market Street, Delhi",a51c0728612838d5,734445.89
ACC_02112,2024-11-26,+918015401218,"12, Park Avenue, Delhi",23eb426811a6d286,2654.52
ACC_02113,2020-05-15,+918197447797,"79, Market Street, Pune",0ba0aaa8211cc3c0,81470.67
ACC_02114,2024-04-13,+917555248004,"188, MG Road, Lucknow",4949d92e3311781b,27171.54
ACC_02115,2023-04-03,+918993254379,"281, Station Road, Mumbai",32b59d9d004849c0,53513.57
ACC_02116,2024-10-21,+918591052098,"79, Nehru Street, Mumbai",6c060698f071a175,314617.83
ACC_02117,2021-01-08,+917811642174,"305, Park Avenue, Ahmedabad",859cf5c905327214,41982.6
ACC_02118,2023-10-31,+919785101383,"205, Market Street, Kolkata",3c28897c05fdf03d,124456.67
ACC_02119,2024-04-02,+917833199276,"136, MG Road, Delhi",22d8c74c3c8f2d5a,3154.33
ACC_02120,2024-07-22,+919499850890,"201, Nehru Street, Bangalore",ef2259cececed2bb,33335.34
ACC_02121,2025-12-28,+918065299747,"66, Market Street, Chennai",4461988548829ebc,15919.14
ACC_02122,2025-10-16,+919388955194,"25, Gandhi Nagar, Hyderabad",dfafc627e361531a,4189.08
ACC_02123,2018-12-24,+918659360390,"228, Market Street, Hyderabad",1a806fdefd606ebf,82241.53
ACC_02124,2024-07-25,+918759264555,"331, Lake View, Delhi",21f9777a527d5460,8938.59
ACC_02125,2024-08-18,+919833413744,"161, Park Avenue, Jaipur",9c119cddcad75aab,35562.89
ACC_02126,2025-05-25,+919920174363,"447, Ring Road, Lucknow",e69e35fcf0228ef8,656195.38
ACC_02127,2024-12-20,+917852027976,"379, Station Road, Pune",51938becc1efbc0d,22646.61
ACC_02128,2023-03-30,+917929562764,"92, Ring Road, Jaipur",e91f61e0c0eee9d6,26677.15
ACC_02129,2026-03-29,+918158676733,"304, Market Street, Jaipur",82bd77f27d03e8db,16507.78
ACC_02130,2025-01-12,+917254027408,"118, Station Road, Delhi",5510a490eefe0644,6017.42
ACC_02131,2024-02-12,+917164662425,"149, Civil Lines, Ahmedabad",13e663e8770f4d20,7699.06
ACC_02132,2023-11-03,+919550857671,"180, Market Street, Kolkata",5fd70b9f618506f2,16779.55
ACC_02133,2025-11-04,+917543189528,"466, Nehru Street, Hyderabad",3a821030e2d01d79,129359.19
ACC_02134,2024-02-08,+917490358825,"357, Ring Road, Bangalore",f5f15efb99671813,26200.96
ACC_02135,2024-08-01,+917957223339,"312, Park Avenue, Bangalore",ca737e4017dc73df,5667.8
ACC_02136,2024-11-11,+919467392723,"352, Hill Road, Mumbai",4bc460bc23fac139,12591.44
ACC_02137,2026-02-22,+919378413732,"233, MG Road, Hyderabad",5d9407462b4ceb10,48346.05
ACC_02138,2023-09-10,+918564655324,"72, Hill Road, Jaipur",8f06c15261c249a0,203484.77
ACC_02139,2025-11-17,+918950242292,"336, Park Avenue, Bangalore",fa5c2345b7e89f0d,891.92
ACC_02140,2025-11-13,+919126610351,"90, Gandhi Nagar, Lucknow",f5308479a561e5c6,10193.37
ACC_02141,2024-09-16,+919756486038,"206, Nehru Street, Jaipur",c8f9132782cbc8d7,13016.38
ACC_02142,2024-03-24,+919809426515,"345, Hill Road, Delhi",87cd24202a3a90e1,121742.59
ACC_02143,2025-12-27,+917628671087,"92, Gandhi Nagar, Delhi",0cb641c445883cb1,5465.1
ACC_02144,2024-01-19,+917958581592,"454, MG Road, Delhi",064ba1b59bef049c,
ACC_02145,2025-02-28,+917440294255,"410, Lake View, Bangalore",69bf4fe88419aa6a,49681.02
ACC_02146,2024-08-27,+917259220259,"216, Gandhi Nagar, Hyderabad",1aeb7bb8db086000,1916.9
ACC_02147,2023-04-30,+919321260975,"368, Station Road, Pune",171a21547e822562,128752.43
ACC_02148,2025-09-13,+917224306981,"124, Hill Road, Delhi",0aa418e4ca099df0,3258.63
ACC_02149,2026-01-22,+918487423813,"272, MG Road, Bangalore",0e8360b3ed39245f,39393.14
ACC_02150,2025-08-22,+919979688085,"224, MG Road, Lucknow",3c83ffecb208698e,645.96
ACC_02151,2023-08-10,+918326263517,"415, Station Road, Chennai",0a8dfcae68e74329,3587.65
ACC_02152,2023-09-26,+918938833327,"483, Park Avenue, Delhi",9ddb06f4235cafd3,19387.16
ACC_02153,2025-06-21,+917071347888,"322, Ring Road, Mumbai",b7a0a1882bd3bbe1,56175.14
ACC_02154,2023-02-23,+918178073762,"338, Nehru Street, Pune",e54e986c7a381c7b,3403.54
ACC_02155,2021-01-01,+919778143113,"291, Ring Road, Jaipur",0a0c484a46ad856c,10979.52
ACC_02156,2025-03-04,+918990603793,"371, Station Road, Pune",facfa190f15ad1ef,17755.65
ACC_02157,2025-08-20,+919830925612,"448, Ring Road, Jaipur",d2d1842aef81a025,4679.8
ACC_02158,2025-08-24,+918293227964,"393, Gandhi Nagar, Chennai",b448b356b6dc57a5,4417.09
ACC_02159,2021-02-18,+917145551564,"56, Station Road, Hyderabad",f0d8e250a4fe74ea,52980.24
ACC_02160,2024-11-02,+917461604867,"280, Market Street, Kolkata",ecc10fa55e37f05c,24424.63
ACC_02161,2025-12-16,+918776922420,"317, Lake View, Ahmedabad",e663129998aea6c1,8391.85
ACC_02162,2025-11-21,+918791430359,"483, Ring Road, Delhi",2b8e6fb3561a8a37,6038.67
ACC_02163,2026-01-26,+918182845137,"52, Park Avenue, Lucknow",ef99da02456a600e,14593.19
ACC_02164,2025-03-19,+919404995685,"254, Park Avenue, Ahmedabad",fffcb66ba5d1b831,20424.72
ACC_02165,2024-04-08,+919103180450,"142, Park Avenue, Pune",789a542c9c87efd6,281065.18
ACC_02166,2023-06-27,+918355494139,"154, Nehru Street, Bangalore",e38bdda54ba349bb,20860.99
ACC_02167,2025-02-27,+919159142818,"44, Civil Lines, Bangalore",689b85761f8b71b4,13829.48
ACC_02168,2025-12-12,+917259458726,"140, Hill Road, Delhi",f62c16b9c0e3c80c,3756.25
ACC_02169,2025-07-13,+918048468910,"62, Civil Lines, Jaipur",a0b8c286efa9d973,8694.35
ACC_02170,2025-05-18,+918343004975,"302, Gandhi Nagar, Pune",834bd978cfd46156,21318.4
ACC_02171,2025-08-24,+918552794531,"114, Park Avenue, Jaipur",49149f7a5aa73b32,208910.7
ACC_02172,2025-05-02,+918098075283,"68, Civil Lines, Mumbai",98edb0b39de63a22,44977.47
ACC_02173,2024-02-26,+917693249972,"463, Civil Lines, Kolkata",a44591a52780f31c,576528.49
ACC_02174,2021-03-30,+917960319684,"59, Park Avenue, Delhi",791e5b397fab0820,144285.65
ACC_02175,2025-11-24,+919101908508,"13, Market Street, Lucknow",ce5241403b021ef4,25859.21
ACC_02176,2024-05-29,+918106762297,"460, Hill Road, Jaipur",5e6b96512c0fd1cb,249771.57
ACC_02177,2024-09-23,+917746370033,"226, Civil Lines, Jaipur",c78a6f8d5d270e70,28426.62
ACC_02178,2024-09-14,+919142059719,"270, MG Road, Mumbai",2736cefa4f36579a,87831.6
ACC_02179,2025-11-30,+917180251976,"339, Civil Lines, Ahmedabad",6de14bbeed1056a5,1550.96
ACC_02180,2025-06-04,+919342817615,"172, Park Avenue, Jaipur",bd61a964525b4115,16330.61
ACC_02181,2023-11-29,+918795938858,"28, Hill Road, Jaipur",5592151a28029af3,5587.07
ACC_02182,2025-04-22,+918669987736,"196, Gandhi Nagar, Pune",7882e9008e350ca1,7068.09
ACC_02183,2024-08-22,+918229068971,"430, Nehru Street, Hyderabad",85303d5ed1022749,20614.18
ACC_02184,2024-10-08,+917925499742,"491, Market Street, Mumbai",4eae5d23875b77b7,29389.87
ACC_02185,2024-12-07,+919305433353,"114, Lake View, Hyderabad",5beb78301b91fb74,33851.42
ACC_02186,2024-04-28,+917365108672,"43, Station Road, Chennai",fde1aa4d4c0b3611,3623.13
ACC_02187,2025-05-02,+919967815253,"153, Lake View, Pune",d89a2db7b7ca99ca,1238.79
ACC_02188,2022-12-05,+919014261352,"156, Hill Road, Pune",0afc15028a1b3d38,225241.39
ACC_02189,2019-06-15,+918365188269,"450, Park Avenue, Lucknow",62a38a38a4ff9aee,13689.61
ACC_02190,2021-10-23,+918280758767,"323, Ring Road, Delhi",7cf11d4fd342d84e,777.56
ACC_02191,2024-10-12,+917405879867,"475, Station Road, Delhi",0acffff4d57a1e6a,121643.67
ACC_02192,2020-01-02,+919658060825,"214, Ring Road, Pune",602e3c0bfdabc7d3,36432.84
ACC_02193,2021-04-25,+919489084547,"166, MG Road, Mumbai",d5b359f15434d42b,153038.45
ACC_02194,2023-12-03,+919172708127,"169, Station Road, Hyderabad",13438e08bd2982f1,151547.98
ACC_02195,2024-07-06,+919602732913,"322, Ring Road, Jaipur",75b68ad9b14b3255,36016.23
ACC_02196,2020-06-06,+918010036384,"247, Ring Road, Mumbai",18f6339c5c671e8c,16159.02
ACC_02197,2023-03-13,+917977315690,"322, Civil Lines, Ahmedabad",9bff84e148fa4825,7517.84
ACC_02198,2021-01-04,+919182487983,"246, Nehru Street, Ahmedabad",e1e772081f01cc75,
ACC_02199,2025-05-31,+917714699320,"438, Ring Road, Jaipur",8b21b1ffd3c0becc,168470.06
ACC_02200,2025-01-05,+919421260473,"157, MG Road, Ahmedabad",e4a303eb47ab9ab0,8113.44
ACC_02201,2025-09-19,+917142892932,"401, Market Street, Delhi",80eebee5aced3cfa,22230.56
ACC_02202,2024-06-22,+919381127338,"83, Civil Lines, Pune",57f2d92070ad36a2,95456.38
ACC_02203,2023-09-27,+919477443090,"449, Gandhi Nagar, Mumbai",aba9fcf52fb04985,
ACC_02204,2024-08-22,+918203203346,"341, MG Road, Mumbai",faf2e449aa532e7b,200489.36
ACC_02205,2025-08-12,+919675485760,"66, Park Avenue, Ahmedabad",3aa2464e03582504,1020.61
ACC_02206,2023-12-02,+918882795392,"466, Nehru Street, Mumbai",f0ba2f111c20c6b0,319505.94
ACC_02207,2025-09-22,+918046362188,"466, Lake View, Mumbai",5d534f648900df11,9798.77
ACC_02208,2023-09-15,+918742351443,"159, Market Street, Mumbai",50bc496b5f14f428,63595.94
ACC_02209,2025-05-10,+919189036548,"348, Civil Lines, Lucknow",1e13c67b53492a6f,
ACC_02210,2025-06-12,+918284578228,"15, Park Avenue, Chennai",3a81620e5ecc1130,106483.26
ACC_02211,2025-11-03,+919212639733,"417, Park Avenue, Jaipur",002777efa74415f6,14372.83
ACC_02212,2025-03-09,+917977525536,"166, Ring Road, Lucknow",427c83542c970c46,21343.13
ACC_02213,2025-04-23,+919684069284,"497, Gandhi Nagar, Chennai",6389c07ee5079489,10962.24
ACC_02214,2023-05-23,+917215083811,"167, MG Road, Kolkata",a0b769efffaaba05,125486.43
ACC_02215,2023-07-15,+919770938668,"321, Lake View, Ahmedabad",a0fc11b4b6f3d368,2210.84
ACC_02216,2022-10-02,+918841398380,"188, Ring Road, Kolkata",9576ffc2bcb45538,8252.88
ACC_02217,2023-07-20,+919557027656,"205, Lake View, Lucknow",3102b109821ff713,
ACC_02218,2025-11-22,+918009621360,"91, Station Road, Chennai",42a8a75c92443a5b,9649.5
ACC_02219,2025-04-24,+917953643243,"158, MG Road, Pune",98c39ef9644eb2f5,182402.7
ACC_02220,2024-09-26,+918584785738,"270, Gandhi Nagar, Jaipur",ec1eb2fbbfc2e9cd,34035.57
ACC_02221,2022-05-10,+917725450881,"81, Lake View, Jaipur",fb63fbca17149677,2014.61
ACC_02222,2025-10-10,+918505204807,"62, Ring Road, Jaipur",1f946f3e2cd3e9a1,232025.96
ACC_02223,2022-04-15,+919296454299,"359, Gandhi Nagar, Hyderabad",6540c1571832c760,8615.06
ACC_02224,2026-03-11,+917784215756,"73, MG Road, Pune",174b7a42676198ed,48885.62
ACC_02225,2025-04-02,+918450540716,"286, Gandhi Nagar, Mumbai",7872f03275454764,9218.77
ACC_02226,2025-05-30,+917960916109,"41, Hill Road, Bangalore",269ed506581f77af,57831.67
ACC_02227,2025-12-25,+919138940400,"99, Gandhi Nagar, Chennai",a3354f51f728709c,8653.39
ACC_02228,2022-09-17,+918539666420,"468, MG Road, Delhi",a5e257fce30af41d,4940.18
ACC_02229,2025-02-09,+919806397111,"481, MG Road, Delhi",ce8b9bdda66754b4,3986.53
ACC_02230,2025-11-25,+919966364644,"51, Civil Lines, Bangalore",3bd9283d7173f79b,26989.03
ACC_02231,2024-09-04,+918661562991,"72, Ring Road, Hyderabad",9fcb75100c9cb93f,127025.8
ACC_02232,2025-05-07,+917856569289,"94, Lake View, Pune",d04ce61e5372f59e,56340.3
ACC_02233,2024-06-16,+919437356607,"424, Station Road, Lucknow",d24b1531cd3a629c,4620.59
ACC_02234,2025-10-29,+917298095636,"386, Ring Road, Mumbai",b4afdc0037ed6d1b,24854.11
ACC_02235,2025-11-30,+917948154148,"126, Nehru Street, Bangalore",7152bf4628ea0a4f,20251.34
ACC_02236,2025-04-14,+917691096828,"22, Hill Road, Mumbai",31856ad7a5d28e8b,5813.33
ACC_02237,2019-11-26,+918309530547,"337, Station Road, Lucknow",ce3a00e6686ecf48,10888.66
ACC_02238,2024-01-16,+919231932558,"124, MG Road, Hyderabad",15d95f6c2ee1a76b,3450.61
ACC_02239,2024-10-28,+917096049212,"133, Lake View, Chennai",c66eea01e21c19e8,76511.4
ACC_02240,2020-09-29,+919798355854,"46, Park Avenue, Kolkata",2c79f4fe8611a811,30902.98
ACC_02241,2025-05-13,+917227749833,"468, Gandhi Nagar, Mumbai",aca75b15cad4ee2c,13993.56
ACC_02242,2024-06-05,+918058945463,"13, Gandhi Nagar, Bangalore",f8cbe2afa5733611,18828.96
ACC_02243,2024-12-15,+918683579481,"474, Civil Lines, Lucknow",7a1e7e47bc9e055b,7824.11
ACC_02244,2022-10-13,+918765820710,"72, MG Road, Kolkata",727cb49637971c61,207972.56
ACC_02245,2021-10-12,+919511574593,"236, Gandhi Nagar, Mumbai",64b07ce2e8ef488a,18081.79
ACC_02246,2025-04-24,+917027855330,"193, Park Avenue, Bangalore",118bd8f067a0e3a1,122447.81
ACC_02247,2025-05-27,+919018143814,"450, Nehru Street, Pune",fdc655af03f747cf,810.45
ACC_02248,2024-12-05,+919488011882,"384, Lake View, Lucknow",a2edac5e0caee04c,48254.65
ACC_02249,2025-08-06,+919164097524,"407, MG Road, Bangalore",2bd546da3c487bf0,5353.21
ACC_02250,2026-01-29,+918897061244,"166, Civil Lines, Pune",82eed25f490417a6,107734.82
ACC_02251,2023-06-19,+917610128327,"325, Ring Road, Bangalore",020791a8c1893c2f,1634.99
ACC_02252,2024-11-24,+917160136523,"241, Civil Lines, Pune",f0efb2f3eabe845a,18522.15
ACC_02253,2025-01-04,+917495456317,"110, Ring Road, Delhi",dfdc4a0e36e24653,1887.34
ACC_02254,2023-09-25,+919303750949,"328, Hill Road, Ahmedabad",8fb115874b181880,20789.53
ACC_02255,2023-10-26,+918992750637,"345, Lake View, Ahmedabad",e1e0a9ea2edce8e6,14839.25
ACC_02256,2025-11-14,+918657093008,"451, Ring Road, Ahmedabad",566f9e42418f098b,10753.02
ACC_02257,2024-11-01,+919804669167,"295, Nehru Street, Jaipur",a59046c77c43fe8a,11962.49
ACC_02258,2025-04-24,+917191110060,"339, MG Road, Mumbai",bd3b84ecac39046f,32924.91
ACC_02259,2024-10-28,+917191182906,"352, Market Street, Chennai",a7f6f30e2d9f2687,10224.17
ACC_02260,2025-03-15,+917749102171,"118, MG Road, Lucknow",8b946e4d6ca9a678,487819.75
ACC_02261,2021-09-30,+919305771690,"90, Civil Lines, Hyderabad",78ec9ad9a48727fc,20646.36
ACC_02262,2025-08-05,+919954098147,"191, Station Road, Pune",4878db338f72fba9,49590.43
ACC_02263,2022-11-06,+918815398899,"230, MG Road, Kolkata",f88320cbce5b8d4c,25829.55
ACC_02264,2026-03-29,+918019350485,"66, Civil Lines, Hyderabad",ec28e14e0a1ff36d,2824.07
ACC_02265,2019-09-18,+917710548342,"384, MG Road, Delhi",7412d80c4c6b92fe,20977.4
ACC_02266,2025-07-01,+917780560929,"421, Hill Road, Chennai",429f570f708dc95b,56008.03
ACC_02267,2023-05-22,+917453603593,"349, MG Road, Pune",47fe1fea642f2802,32223.0
ACC_02268,2024-03-26,+917582550447,"253, Market Street, Mumbai",73a7d3a7f27bd7f7,53029.81
ACC_02269,2025-06-01,+917336722807,"203, MG Road, Delhi",67299487f24e5e3d,5041.54
ACC_02270,2025-11-26,+918577581727,"248, Nehru Street, Lucknow",73f4b29f1fa033a5,1084.8
ACC_02271,2026-02-05,+918654815947,"415, MG Road, Lucknow",72351841d27b6f1f,38211.72
ACC_02272,2018-05-07,+918482407353,"308, Station Road, Hyderabad",598dbcdc9c5be135,128398.32
ACC_02273,2024-07-11,+917604364223,"246, Gandhi Nagar, Mumbai",7449a8cc39163259,1374348.17
ACC_02274,2023-06-26,+917440293322,"272, Nehru Street, Hyderabad",23fface81b7b8758,40247.64
ACC_02275,2025-11-30,+918793858927,"68, Lake View, Bangalore",9c8339dbc29d8487,9302.41
ACC_02276,2023-12-31,+919786080011,"59, Civil Lines, Jaipur",8a3430c8b3be6e12,2830.78
ACC_02277,2025-01-18,+917589491775,"178, Gandhi Nagar, Ahmedabad",d932be1cde7926e4,56259.85
ACC_02278,2026-02-23,+917056114115,"461, Station Road, Bangalore",dfb3a693d5a3ad05,5222.57
ACC_02279,2024-04-30,+918360918162,"472, Lake View, Bangalore",43769c0084f35f0b,30300.67
ACC_02280,2024-03-17,+918164286203,"445, Civil Lines, Kolkata",98af6f8a13f5b774,166467.68
ACC_02281,2026-01-17,+917276427809,"340, Lake View, Hyderabad",d6769e9dc765642b,4259.38
ACC_02282,2026-03-17,+918836011359,"9, Ring Road, Delhi",05c5037b52dcb58b,16006.62
ACC_02283,2025-09-08,+919634228299,"392, MG Road, Pune",ec6a1af28447eab7,500.0
ACC_02284,2024-09-07,+917089054740,"127, Lake View, Jaipur",e9033d07bf12c18d,5550.29
ACC_02285,2026-02-06,+918396296322,"154, Ring Road, Ahmedabad",1a1a9a46f2635c16,22994.91
ACC_02286,2022-10-19,+917228878498,"5, Station Road, Lucknow",10963a1fa34b026d,5698.6
ACC_02287,2025-05-16,+919053572308,"395, Market Street, Ahmedabad",7f47368e9b76121e,11422.97
ACC_02288,2024-04-21,+918798215881,"157, Nehru Street, Hyderabad",65c70265b138f215,50794.98
ACC_02289,2025-05-13,+918135977940,"286, Gandhi Nagar, Ahmedabad",1e832ebc43ce4495,25612.57
ACC_02290,2023-05-26,+917404687262,"435, Hill Road, Bangalore",b2f0ed4490d58bff,212135.3
ACC_02291,2025-02-22,+919033499537,"64, Market Street, Lucknow",cd6a8bc3e937a330,456879.16
ACC_02292,2019-01-23,+918919533167,"68, Gandhi Nagar, Mumbai",ebf7114dfe573d68,125499.1
ACC_02293,2025-01-27,+918711830468,"47, Nehru Street, Bangalore",a52ec6258d51eeb1,66579.08
ACC_02294,2024-06-17,+917004182139,"313, Market Street, Hyderabad",28befda49c69bced,75744.76
ACC_02295,2025-03-23,+919255666040,"490, Station Road, Bangalore",acfba4f3319efa1b,10178.4
ACC_02296,2025-10-18,+917403662196,"360, Gandhi Nagar, Bangalore",2e5fc7cfbf29071b,76524.85
ACC_02297,2025-08-08,+918640046384,"287, Gandhi Nagar, Chennai",6291e5a32b46a8e3,4496.72
ACC_02298,2025-06-22,+919442795197,"188, Ring Road, Lucknow",8e3547908b1ce2d5,90863.81
ACC_02299,2025-05-31,+917966341573,"182, MG Road, Pune",a89163791f78a3aa,78254.23
ACC_02300,2025-02-21,+917786003781,"444, Park Avenue, Jaipur",322fd420b88be5f4,6450.77
ACC_02301,2024-11-13,+919407175959,"255, Market Street, Ahmedabad",486414180d043cfd,3496.16
ACC_02302,2022-11-13,+919517002133,"253, Lake View, Lucknow",1b25c7e64d1fefe8,13999.58
ACC_02303,2025-04-23,+919819116195,"279, Park Avenue, Lucknow",d1371e47ceccc960,4066.05
ACC_02304,2024-03-28,+918167534016,"173, Ring Road, Pune",5bc3464efc040789,13902.02
ACC_02305,2025-12-04,+917800653752,"435, Park Avenue, Chennai",23a37ac96a38a462,18539.97
ACC_02306,2025-07-21,+919873311506,"439, Nehru Street, Ahmedabad",2c61f84a51219143,
ACC_02307,2022-11-13,+917528618920,"339, Hill Road, Delhi",beb234f4c900c144,49335.65
ACC_02308,2017-07-09,+917847809931,"455, Market Street, Delhi",e5fa1342b34f58fe,29445.32
ACC_02309,2024-04-11,+918971623138,"492, Ring Road, Pune",1f2b97c1148804d6,6567.02
ACC_02310,2023-01-10,+919756433326,"2, Market Street, Lucknow",81f96eba5c7f04c7,152120.25
ACC_02311,2026-01-14,+918339359834,"66, Lake View, Hyderabad",ca858328fd6dc5f5,61256.77
ACC_02312,2022-06-07,+917340733974,"444, Civil Lines, Bangalore",9802ca53269d86e9,30727.59
ACC_02313,2025-05-18,+918442892595,"291, Park Avenue, Chennai",18dcc6cf166f1e51,541.87
ACC_02314,2025-12-23,+918800748346,"404, Civil Lines, Chennai",8973bb7c0e0d05a7,30935.16
ACC_02315,2024-02-20,+917806330492,"44, Gandhi Nagar, Chennai",51b85974b814ff64,71952.79
ACC_02316,2022-09-12,+919468185867,"365, Gandhi Nagar, Kolkata",22dccf073a805c82,315481.94
ACC_02317,2026-02-22,+919105347876,"211, Civil Lines, Kolkata",db7fbd4e16938a70,79263.57
ACC_02318,2020-12-04,+917695370329,"211, Park Avenue, Bangalore",0b6eaa0a0e734fb4,
ACC_02319,2024-08-22,+918748842100,"325, Nehru Street, Bangalore",d1b2d519d1095627,9119.52
ACC_02320,2025-06-10,+919676964805,"403, Gandhi Nagar, Kolkata",3aaa5c17fa21cb99,34118.7
ACC_02321,2024-11-17,+918988714689,"483, Hill Road, Hyderabad",9d2d78282f67d87c,
ACC_02322,2022-04-11,+918435916983,"454, Park Avenue, Hyderabad",4be0df6d3f2af258,10281.13
ACC_02323,2024-12-08,+919452731923,"84, Nehru Street, Bangalore",6092ef4d0813723d,69157.72
ACC_02324,2024-04-28,+919563241180,"242, Market Street, Delhi",0dfcf52f1a6d85de,75760.62
ACC_02325,2025-01-11,+917808923110,"152, Civil Lines, Chennai",9b7a6c3394d7d67b,2218.07
ACC_02326,2024-02-11,+919302422110,"86, Lake View, Kolkata",8e149d0d2cde15a6,251197.06
ACC_02327,2023-04-07,+917994833780,"253, Park Avenue, Jaipur",ffc2b29f595592e2,21304.27
ACC_02328,2025-10-23,+919920621427,"332, Gandhi Nagar, Pune",43d8f4209c0effba,
ACC_02329,2019-12-11,+917829684341,"416, Ring Road, Bangalore",e78d94c9adb59783,74255.1
ACC_02330,2025-02-24,+918086568842,"122, Park Avenue, Chennai",d472994f62151445,78405.84
ACC_02331,2024-10-29,+919963899098,"438, Hill Road, Lucknow",09f3b547c127992c,84557.02
ACC_02332,2021-09-19,+918688553926,"166, Gandhi Nagar, Lucknow",2c61fa24c06b513e,6558.18
ACC_02333,2024-08-28,+919715210078,"333, Market Street, Bangalore",e6ed77e33bb37db9,25396.63
ACC_02334,2025-01-29,+917504919317,"336, Hill Road, Pune",5b9f4d6962c7ff77,12916.09
ACC_02335,2024-11-14,+917468754067,"108, Market Street, Mumbai",6aa66d883a853f08,143519.47
ACC_02336,2022-05-10,+918986926494,"193, Civil Lines, Bangalore",d070acbbdf65a63b,8218.89
ACC_02337,2025-04-15,+919449971479,"279, Nehru Street, Ahmedabad",5c01a87c581d92a0,30014.51
ACC_02338,2025-02-17,+918122232045,"245, Hill Road, Delhi",2d54e76a1fe330fb,105772.64
ACC_02339,2021-12-16,+918586124673,"124, Ring Road, Kolkata",54f781a3e4364034,200013.8
ACC_02340,2025-04-05,+919775922012,"417, Station Road, Mumbai",e28db8577f20cd7d,2140147.96
ACC_02341,2025-03-10,+917616887198,"336, Gandhi Nagar, Bangalore",9feed6a33b00ca35,5708.22
ACC_02342,2018-05-23,+917692882934,"333, Civil Lines, Mumbai",8a049beec2417e1b,24248.65
ACC_02343,2025-12-09,+917690088570,"202, Lake View, Chennai",0de8ec83dc5beff4,39953.76
ACC_02344,2025-06-06,+919539736639,"367, Nehru Street, Jaipur",b82c91edae055852,834.57
ACC_02345,2025-10-15,+917507015609,"54, Gandhi Nagar, Lucknow",02fb5c76da5478c6,8659.85
ACC_02346,2024-08-02,+918846864741,"240, Park Avenue, Kolkata",4f5cead6139c44b6,150805.41
ACC_02347,2024-03-20,+917050189078,"444, Gandhi Nagar, Ahmedabad",f412a6a502943753,23232.76
ACC_02348,2024-05-31,+918284752781,"101, MG Road, Jaipur",efdcc848e3351dee,32628.3
ACC_02349,2025-09-21,+919968580938,"180, MG Road, Jaipur",de95007ce5040120,13815.21
ACC_02350,2021-11-28,+918156656753,"115, Civil Lines, Jaipur",8eecdfd4babaadae,21679.92
ACC_02351,2025-09-19,+918750089885,"369, Park Avenue, Lucknow",2d1a1d782e1aab6b,3726.67
ACC_02352,2024-10-09,+918902937106,"175, MG Road, Mumbai",da47bad0e146f879,121785.59
ACC_02353,2024-12-27,+919271144175,"347, Ring Road, Jaipur",b653e073ff070620,4896.23
ACC_02354,2026-01-29,+918204605657,"441, Nehru Street, Jaipur",afc5a1f06be4350a,7385.05
ACC_02355,2023-10-26,+919290216954,"176, Market Street, Bangalore",9915b878734a49ce,1671.27
ACC_02356,2024-09-20,+918863980015,"171, Market Street, Lucknow",1c13d82c97297065,41196.34
ACC_02357,2022-09-10,+917653986585,"222, Hill Road, Bangalore",bbd2806998bf6821,14188.98
ACC_02358,2025-11-21,+919153606021,"326, Nehru Street, Jaipur",8fbb0983a903adb3,4457.14
ACC_02359,2022-08-09,+917133853697,"70, MG Road, Ahmedabad",1de1a6d235ae7c17,133043.43
ACC_02360,2022-07-04,+918357322597,"449, Hill Road, Kolkata",7d245944dbb4af40,84004.07
ACC_02361,2025-07-13,+919377578403,"205, Nehru Street, Lucknow",56dc98ab6f3be311,22791.41
ACC_02362,2022-07-30,+918388572607,"291, Gandhi Nagar, Hyderabad",3e0ff20baaaa5cd7,59690.15
ACC_02363,2024-07-28,+919304214035,"484, MG Road, Pune",9c7bceaa0a3956bd,3777.2
ACC_02364,2022-08-13,+917096460825,"271, Station Road, Bangalore",10d1453cac27c9f1,2920.2
ACC_02365,2023-05-25,+917654971275,"320, Ring Road, Kolkata",9569e69d4a70e5bb,32154.11
ACC_02366,2017-12-02,+918286095572,"197, Hill Road, Delhi",7a4740ba1da306df,15877.95
ACC_02367,2025-08-12,+917265235629,"229, Station Road, Hyderabad",0b7f5f77312f2069,22095.44
ACC_02368,2024-11-17,+919486594476,"496, Park Avenue, Hyderabad",da2331a1948bdbe6,20678.79
ACC_02369,2021-01-01,+919517412973,"368, Park Avenue, Bangalore",361421fff7356bfa,79889.54
ACC_02370,2022-05-21,+918703852420,"51, Park Avenue, Bangalore",b36f2542da0f8e6b,7349.31
ACC_02371,2021-02-27,+919819907236,"475, Nehru Street, Jaipur",9ccc31309f3e1208,140835.03
ACC_02372,2024-06-16,+917696957609,"402, Park Avenue, Delhi",4f8f35b5a51ae303,7003.75
ACC_02373,2023-10-29,+919060190062,"487, Market Street, Hyderabad",9c2ce7412114a6d6,67952.43
ACC_02374,2023-09-03,+919997708414,"304, Lake View, Bangalore",3fcebf39e887701b,42390.64
ACC_02375,2025-08-03,+919538176297,"27, Park Avenue, Delhi",699771690ddae334,13748.39
ACC_02376,2025-11-16,+918763714989,"317, Civil Lines, Lucknow",9bc424f9f45b7be7,8535.49
ACC_02377,2023-08-23,+919137614747,"158, Gandhi Nagar, Bangalore",7617d611f2556aae,398577.4
ACC_02378,2024-04-21,+919622464367,"61, Civil Lines, Hyderabad",c6d3197293668e07,67032.94
ACC_02379,2020-02-21,+918201488011,"293, Market Street, Chennai",134c8fbf995f9811,14397.52
ACC_02380,2024-01-16,+917900584860,"432, Nehru Street, Ahmedabad",4c179c2dc3c861da,20940.92
ACC_02381,2025-09-12,+918666859889,"207, Gandhi Nagar, Bangalore",bc7002d0e4f4e2cc,806539.11
ACC_02382,2024-07-18,+917038516162,"30, Ring Road, Ahmedabad",279440748c7bc2a7,44493.21
ACC_02383,2024-09-19,+919243237780,"136, Ring Road, Chennai",9b5a335fb0efb22b,65069.15
ACC_02384,2025-12-02,+919540528594,"176, MG Road, Mumbai",589158f29679ab28,4454.13
ACC_02385,2024-11-21,+919685819232,"308, Station Road, Jaipur",daa024c5c56cf9e5,32540.23
ACC_02386,2025-04-06,+919588128045,"145, MG Road, Jaipur",cf48346cef17334d,
ACC_02387,2024-09-30,+917871777842,"392, Market Street, Chennai",983914abebd03643,4066.16
ACC_02388,2026-03-29,+918268436251,"108, MG Road, Delhi",576180ad63639c94,83887.14
ACC_02389,2023-07-02,+919045279827,"475, Lake View, Pune",c82bc4c454c3cc83,49504.82
ACC_02390,2025-02-05,+918378684810,"62, MG Road, Jaipur",6d58466c2b64e179,40059.21
ACC_02391,2025-10-09,+918634819455,"209, Gandhi Nagar, Lucknow",a45be09388b36d5f,27416.1
ACC_02392,2024-05-14,+918008250463,"2, Park Avenue, Kolkata",e6b73b1b6cd9485b,31207.2
ACC_02393,2024-05-16,+919087893538,"268, Hill Road, Mumbai",bd62a19607101756,7911.18
ACC_02394,2025-10-14,+917282615674,"210, Nehru Street, Mumbai",931bbd537b92df89,7166.14
ACC_02395,2022-05-31,+918529516350,"422, Ring Road, Delhi",3b07f5b0e70691a7,40582.3
ACC_02396,2025-08-25,+918694077833,"394, Station Road, Delhi",f53a59cc3bb144cd,23167.0
ACC_02397,2025-05-18,+917957549141,"11, Ring Road, Pune",64c31154a50ef174,
ACC_02398,2023-02-18,+918875169750,"96, Nehru Street, Mumbai",26a5eda6c30ed7db,6801.66
ACC_02399,2025-06-25,+917521059248,"474, Lake View, Kolkata",6a4fe083dd192273,27288.79
ACC_02400,2021-08-23,+919253181712,"44, Nehru Street, Kolkata",dbc76df47ef0a975,61163.79
ACC_02401,2025-09-12,+919418464662,"5, Ring Road, Delhi",1d5fac71267eb8a5,101505.02
ACC_02402,2024-11-08,+919154895933,"301, Hill Road, Kolkata",5f6d930d7a90b545,31506.69
ACC_02403,2025-06-08,+918830978070,"468, Hill Road, Pune",7fd7bf750b2ecedd,177655.47
ACC_02404,2024-11-15,+917929648076,"78, Gandhi Nagar, Hyderabad",0b9639d82bf2776f,51806.99
ACC_02405,2024-09-26,+917518996832,"307, Civil Lines, Bangalore",dd0f03a9cdb907f7,3707.53
ACC_02406,2026-01-04,+919412298240,"91, Station Road, Lucknow",b656429bae818695,3875.39
ACC_02407,2023-08-12,+918386310771,"235, Lake View, Kolkata",f41a5ae54e371481,13778.06
ACC_02408,2026-02-13,+918517251957,"236, Hill Road, Bangalore",3c64ebde06087a52,50830.15
ACC_02409,2024-03-15,+918474223423,"352, Lake View, Hyderabad",f552824d7d08b5dd,12881.07
ACC_02410,2026-02-15,+919489899977,"81, Market Street, Ahmedabad",51b7a462f7253f93,13404.88
ACC_02411,2024-11-22,+917871433743,"347, Hill Road, Hyderabad",301ddb9453644538,19402.3
ACC_02412,2024-04-27,+918609465641,"156, Park Avenue, Pune",5f3eb88209fc825d,10257.75
ACC_02413,2024-02-05,+917569080207,"84, Park Avenue, Jaipur",8eaffadcca39a4bb,15803.89
ACC_02414,2022-07-13,+917646673208,"165, Nehru Street, Mumbai",3d20d51e4370b7a0,8076.87
ACC_02415,2020-04-21,+917454142728,"425, Market Street, Lucknow",d90147129d551255,98520.77
ACC_02416,2024-07-24,+918428536231,"24, Nehru Street, Bangalore",9042dd2600956949,2282.52
ACC_02417,2024-12-02,+917948570563,"105, Ring Road, Kolkata",2eb8e97722f15a31,32178.58
ACC_02418,2025-01-30,+918876767351,"419, Ring Road, Delhi",06c510ff540e8648,14127.81
ACC_02419,2025-06-29,+919133502369,"217, Park Avenue, Bangalore",22c182e69ae078eb,20714.09
ACC_02420,2024-03-03,+918343245406,"313, Ring Road, Bangalore",89f03bd568e5458f,12791.32
ACC_02421,2025-04-29,+917198955227,"172, Ring Road, Jaipur",aedba77a5916fc00,2199.96
ACC_02422,2022-08-24,+917935503483,"453, Hill Road, Mumbai",4b83b74f3f4c1e81,44806.16
ACC_02423,2024-08-25,+919564441634,"463, Lake View, Bangalore",dc373e958cb07486,5461.92
ACC_02424,2025-05-16,+918348701675,"138, Nehru Street, Chennai",d93a86712293dab9,4769.57
ACC_02425,2024-05-07,+919824447047,"112, Market Street, Ahmedabad",459afc025fb6dedd,
ACC_02426,2024-04-08,+918166393996,"333, MG Road, Bangalore",94677cceb0dc151c,16253.15
ACC_02427,2023-08-10,+917620741826,"371, Nehru Street, Jaipur",7be783683dcf91f2,86310.85
ACC_02428,2025-08-05,+917243495758,"340, Hill Road, Pune",81589f6c4291cd8b,10165.53
ACC_02429,2024-08-09,+917060039774,"45, Hill Road, Hyderabad",1c977079319aab9f,9843.5
ACC_02430,2025-06-18,+917247431379,"147, Station Road, Lucknow",8922841d142e3c93,
ACC_02431,2025-08-25,+918462254904,"316, Ring Road, Ahmedabad",c899cdd04265ede5,203244.08
ACC_02432,2025-08-08,+917493823183,"283, Civil Lines, Mumbai",6a50ae314cb06f54,42393.1
ACC_02433,2021-05-03,+919320527108,"145, Park Avenue, Delhi",62ff7c96da982277,13021.23
ACC_02434,2018-06-04,+919812724281,"30, Nehru Street, Pune",c886176df84778ec,24399.65
ACC_02435,2025-12-26,+918543975598,"435, Ring Road, Ahmedabad",6968d29aa675a31f,40474.85
ACC_02436,2025-10-14,+919191936949,"297, Lake View, Delhi",6df162be7f6932c5,14491.59
ACC_02437,2024-05-17,+918480212754,"407, MG Road, Kolkata",20bb0df7e502d810,57481.11
ACC_02438,2024-05-06,+919511556215,"173, Park Avenue, Kolkata",14c11365984160d1,3354.69
ACC_02439,2026-03-29,+918662221311,"486, Nehru Street, Mumbai",1114e70f12fb3092,
ACC_02440,2024-07-02,+917009540213,"281, Park Avenue, Delhi",8b00a9fb74b12e03,51140.74
ACC_02441,2023-02-11,+917930570897,"155, Nehru Street, Chennai",1f51aad9e9ea9fd4,5545.61
ACC_02442,2025-05-21,+918570965828,"121, Nehru Street, Lucknow",dbaa5b6f6c31ce87,2951.61
ACC_02443,2024-02-03,+919905305719,"471, Gandhi Nagar, Ahmedabad",1ae0ceb68b725ee2,167583.88
ACC_02444,2025-06-23,+919901598640,"319, Hill Road, Kolkata",a857d0dd524d72eb,866.25
ACC_02445,2025-03-19,+919255157522,"401, Gandhi Nagar, Delhi",ed3a62a398f12314,26485.4
ACC_02446,2025-04-27,+917983997838,"238, MG Road, Ahmedabad",e5e4c74051d2e1fe,19039.87
ACC_02447,2026-01-20,+919174869509,"266, Park Avenue, Jaipur",d20e97473bb4404f,5525.64
ACC_02448,2024-12-07,+917391514795,"401, Lake View, Bangalore",d602129c1a626e5e,111461.9
ACC_02449,2025-06-05,+918776729457,"248, Market Street, Lucknow",811b0b5019f3f1de,3579.64
ACC_02450,2021-12-04,+919246248201,"124, Hill Road, Ahmedabad",10c5dfd03dba5e3e,769.05
ACC_02451,2025-09-16,+919313768746,"193, Ring Road, Mumbai",73f9f32c8172fbfc,56512.29
ACC_02452,2025-09-19,+919019335752,"446, Park Avenue, Ahmedabad",b3f011f708e8874e,6602.97
ACC_02453,2025-01-21,+919847624254,"460, Station Road, Pune",da2be0bcb4244ae4,7624.76
ACC_02454,2025-12-02,+918233781094,"436, Nehru Street, Bangalore",25d1fb1c82080946,50999.21
ACC_02455,2024-09-08,+918212323392,"342, Station Road, Delhi",a0f068565233eaf3,45869.74
ACC_02456,2025-12-01,+917579851579,"1, Civil Lines, Mumbai",a93e4c508606c032,44207.85
ACC_02457,2025-04-04,+917920426059,"125, Market Street, Ahmedabad",00da7dd2c0bada95,171512.41
ACC_02458,2024-10-18,+917306462912,"155, Park Avenue, Bangalore",7bf07e4adb32e5b3,24682.05
ACC_02459,2026-03-28,+919953014981,"308, Ring Road, Jaipur",44ab751325423f65,18758.09
ACC_02460,2024-06-13,+917516523625,"8, Lake View, Jaipur",1b327bfee0eb080d,28544.3
ACC_02461,2024-09-24,+919399209799,"320, MG Road, Chennai",3a2c8303248a4ffc,47936.56
ACC_02462,2025-10-16,+918741062393,"230, Hill Road, Mumbai",92fec80b1b900da4,98279.8
ACC_02463,2026-01-29,+919770107559,"296, Civil Lines, Lucknow",ce0f38f31f4735c8,47875.94
ACC_02464,2025-03-25,+918350367661,"267, Market Street, Ahmedabad",83a52f0c87341c4f,20225.0
ACC_02465,2025-11-16,+917253862923,"76, Lake View, Chennai",51606a4644af3ba1,9324.42
ACC_02466,2024-12-13,+917554791620,"480, Hill Road, Bangalore",600fe73034bba3b3,3178.8
ACC_02467,2024-12-30,+919683895640,"16, Lake View, Hyderabad",7c860e30f66592af,1353.29
ACC_02468,2025-10-01,+919132345541,"218, MG Road, Pune",e5cb6131e0ce1e55,61394.66
ACC_02469,2023-12-10,+918067601385,"99, Civil Lines, Chennai",71e1ebac341a318f,19916.57
ACC_02470,2026-01-03,+918504874804,"241, Park Avenue, Pune",98b59fd9c7d14f3b,10073.54
ACC_02471,2023-10-25,+919089336323,"251, Lake View, Ahmedabad",03f015b47ec4f63d,22484.4
ACC_02472,2025-03-10,+918146076220,"219, Park Avenue, Chennai",5510ab22ecaf8151,27871.35
ACC_02473,2026-02-22,+919140572654,"200, Station Road, Pune",f7783036038ed8a5,123854.29
ACC_02474,2025-06-21,+917774173528,"217, Ring Road, Chennai",6c91cb28fb23f011,1513.51
ACC_02475,2019-06-16,+919218325698,"158, Market Street, Lucknow",d40dcf99d8970756,40174.92
ACC_02476,2025-06-19,+917322235881,"62, Ring Road, Ahmedabad",ac8d936cce146120,
ACC_02477,2025-06-27,+918450667607,"247, Park Avenue, Delhi",29671ec065cd4aba,66481.4
ACC_02478,2023-02-11,+919638868545,"147, Nehru Street, Kolkata",680691b716073fdc,11684.42
ACC_02479,2025-09-07,+917898069280,"274, Nehru Street, Delhi",95b129c9a3cfd263,487130.92
ACC_02480,2016-09-27,+918965499340,"137, Nehru Street, Lucknow",f2381c3da6ceb47e,153195.83
ACC_02481,2022-03-30,+919754018416,"433, Nehru Street, Ahmedabad",cd0a426293f72c21,120279.93
ACC_02482,2025-04-02,+918701176330,"373, Market Street, Lucknow",1e32fe67f7c93ad5,11241.84
ACC_02483,2022-08-05,+917144541334,"373, Hill Road, Jaipur",6f14e6dfa8365a1f,36736.94
ACC_02484,2021-08-28,+917471167433,"432, Station Road, Jaipur",ccc9631217de5065,3353.59
ACC_02485,2025-02-14,+917091391571,"243, Gandhi Nagar, Jaipur",463cf65196642e9c,26920.53
ACC_02486,2022-02-24,+918956056386,"288, Nehru Street, Jaipur",48f1eed1bbd93c99,1613.62
ACC_02487,2019-02-28,+919844217745,"21, Park Avenue, Chennai",62d66f383ed3e499,11687.97
ACC_02488,2024-03-29,+919241887772,"419, Market Street, Lucknow",6d7596eb41217a1b,37499.42
ACC_02489,2025-01-06,+919787930410,"242, Civil Lines, Hyderabad",0f4e88d98d09035c,4585.72
ACC_02490,2025-07-30,+918183613258,"127, MG Road, Bangalore",6dc1cb2c5c7826a8,3655.0
ACC_02491,2020-11-16,+917011774002,"41, Station Road, Mumbai",b069d303916d1a40,
ACC_02492,2025-03-18,+919040174017,"431, Market Street, Ahmedabad",b257d4ca90062645,26989.28
ACC_02493,2024-07-29,+917685807471,"70, Station Road, Hyderabad",94738772329ae09c,18969.08
ACC_02494,2025-01-08,+918311249097,"210, MG Road, Delhi",b82ffd798293abfb,4546.01
ACC_02495,2025-04-22,+919262949154,"487, Nehru Street, Lucknow",f1a8da85b6a2b9ce,19867.62
ACC_02496,2017-10-19,+917436758276,"61, Nehru Street, Mumbai",2f5c46f14ef41534,33821.36
ACC_02497,2023-02-05,+919566989242,"347, Hill Road, Hyderabad",3e8cea70ee89deb3,14485.83
ACC_02498,2025-10-12,+917646115980,"124, Ring Road, Delhi",8c206410e16cef15,5076.79
ACC_02499,2026-03-05,+918697476388,"132, Park Avenue, Ahmedabad",726caea53b56856d,6707.7
ACC_02500,2025-01-07,+917689291742,"287, Nehru Street, Jaipur",5b71d44341bcdcf4,85423.24
ACC_02501,2025-09-29,+919299007450,"78, Market Street, Bangalore",d0a5fe288847d31e,1409.4
ACC_02502,2023-03-29,+918432736033,"86, Nehru Street, Bangalore",3e0f5b5f386743c6,4159.82
ACC_02503,2026-03-29,+918223148750,"275, Market Street, Pune",f8763631bf559102,101111.82
ACC_02504,2026-01-04,+919768433517,"184, Market Street, Bangalore",c4301445a724f831,145745.75
ACC_02505,2021-12-09,+917890858611,"205, Lake View, Ahmedabad",4f26c856962dba0d,9941.09
ACC_02506,2021-09-20,+917512661371,"219, Park Avenue, Lucknow",ea417dad4fdba1bb,23490.41
ACC_02507,2025-11-02,+918570258117,"125, Nehru Street, Jaipur",5255edef9b18f9a5,42412.2
ACC_02508,2024-08-13,+919941224262,"10, Hill Road, Chennai",a71d54d2d582f250,3732.32
ACC_02509,2025-05-27,+917766364739,"151, Hill Road, Kolkata",932c6168e808ef7f,
ACC_02510,2025-07-24,+919940902229,"311, Ring Road, Lucknow",5fab60bba0176423,354582.36
ACC_02511,2025-02-04,+919652267430,"473, Market Street, Mumbai",b7d8017a902d54f8,776.05
ACC_02512,2024-12-16,+917478704760,"339, Hill Road, Jaipur",bcabbec0579960e9,127768.61
ACC_02513,2026-02-10,+918496209945,"198, Lake View, Delhi",902fd88deffb475e,83307.14
ACC_02514,2025-05-20,+919446833602,"238, Station Road, Mumbai",f93e012149c521ea,8596.02
ACC_02515,2025-09-14,+917400809739,"161, Market Street, Ahmedabad",4288825c05665578,500.0
ACC_02516,2025-07-05,+918595796353,"481, Ring Road, Kolkata",f62f6074c6640d0d,8297.08
ACC_02517,2024-09-01,+917910670520,"51, Gandhi Nagar, Kolkata",fced097779ff7f56,40249.21
ACC_02518,2023-01-13,+917931760031,"248, Civil Lines, Delhi",88ba76ef88abbe76,11360.16
ACC_02519,2025-08-27,+918210716064,"308, Market Street, Delhi",89981e92d82c1cfc,114234.97
ACC_02520,2024-03-11,+917396655642,"482, Lake View, Pune",7191c90329131d7d,7533.67
ACC_02521,2024-06-17,+919351380760,"88, Civil Lines, Pune",28df5bfd4cbc8404,12213.6
ACC_02522,2022-12-13,+917760973678,"272, Hill Road, Jaipur",81d7e8b99c8541ab,56385.0
ACC_02523,2025-10-13,+918188170017,"395, Civil Lines, Jaipur",1515170ab5ba9d17,222061.74
ACC_02524,2024-01-18,+917468474252,"244, MG Road, Chennai",2fd3208063696335,116433.64
ACC_02525,2026-01-03,+918459453269,"185, Hill Road, Mumbai",d3190967ff4ab2d1,10944.93
ACC_02526,2021-05-02,+917818669116,"194, Gandhi Nagar, Pune",02dafca82b8bb20a,1567370.4
ACC_02527,2019-11-09,+919377218519,"154, Park Avenue, Jaipur",c8b42d063ac84c65,65557.24
ACC_02528,2026-03-29,+918516402833,"179, Civil Lines, Bangalore",039525266d3e4ad2,5536.86
ACC_02529,2024-11-03,+919162073421,"413, Market Street, Lucknow",7971d350167a4fca,158503.33
ACC_02530,2024-10-28,+918761722627,"301, Civil Lines, Delhi",1557a5099824f570,32524.34
ACC_02531,2024-06-19,+919690811246,"291, Market Street, Delhi",85b56ce346143d5f,7786.28
ACC_02532,2025-02-15,+918410686169,"305, Civil Lines, Mumbai",aaf20b6ef0c57c46,9651.09
ACC_02533,2023-01-05,+919005861121,"200, Hill Road, Jaipur",ccba696a0c9e8473,14940.34
ACC_02534,2025-01-12,+918136439965,"385, Ring Road, Hyderabad",33b86525373aa54b,9328.12
ACC_02535,2021-04-19,+919395145052,"19, Park Avenue, Mumbai",a4a3e150d60ff2ef,4751.48
ACC_02536,2021-06-28,+917189866524,"75, Market Street, Kolkata",92b71400ba48bf88,7299.82
ACC_02537,2024-01-26,+918775879302,"295, Ring Road, Jaipur",6b084858e9aa2790,198512.16
ACC_02538,2025-10-16,+918667824048,"349, MG Road, Delhi",afd644a55972ca01,191884.57
ACC_02539,2022-12-31,+917390187952,"311, Hill Road, Ahmedabad",61581f8f86996435,6406.01
ACC_02540,2025-07-08,+919519264777,"181, Lake View, Delhi",4b63a38b7d9ab507,1748.31
ACC_02541,2025-08-05,+917740717344,"302, Ring Road, Mumbai",2c05d8c91ea7eb92,92340.1
ACC_02542,2023-12-06,+919221847511,"116, Nehru Street, Mumbai",c5b0e4afd7638a86,2872.15
ACC_02543,2025-09-21,+917913437762,"385, Nehru Street, Lucknow",02ac3e86f62fd338,31613.77
ACC_02544,2025-07-02,+918087944784,"399, Civil Lines, Delhi",d5bb11f7e4f1c59c,662.01
ACC_02545,2018-10-19,+918515675043,"393, Market Street, Ahmedabad",bf85e6df4c56d6d1,103262.32
ACC_02546,2025-06-07,+917164006223,"285, Civil Lines, Lucknow",48b61f7d93f2d752,2992.74
ACC_02547,2025-04-09,+917876648668,"110, Park Avenue, Bangalore",82bc12e15a4963cc,7926.65
ACC_02548,2025-04-26,+918388817892,"266, Market Street, Ahmedabad",d960215256d448b0,11970.47
ACC_02549,2023-04-18,+917738649779,"386, Gandhi Nagar, Ahmedabad",ae2ad430203c2da0,5581.66
ACC_02550,2025-02-06,+918802373889,"143, Nehru Street, Lucknow",2ccafabb92f7f3ef,28366.72
ACC_02551,2020-09-05,+917985189570,"173, Park Avenue, Bangalore",ac33fb2eafbb881b,220162.01
ACC_02552,2025-09-05,+917445311781,"103, Gandhi Nagar, Hyderabad",dd475edb3a358dc2,217818.04
ACC_02553,2026-01-28,+918491686288,"176, Civil Lines, Lucknow",9607c72062fff02f,24600.17
ACC_02554,2025-10-23,+917096355119,"25, MG Road, Jaipur",1d6b2b53a8db0ebd,29247.96
ACC_02555,2025-02-11,+918320189813,"451, Hill Road, Bangalore",a4888fef8649e882,6918.23
ACC_02556,2024-09-13,+919403910726,"87, Park Avenue, Hyderabad",2f918a994c2d8576,10446.22
ACC_02557,2023-08-30,+919864833357,"226, Gandhi Nagar, Lucknow",4dc63cfeef31fae3,2740.26
ACC_02558,2025-08-05,+917976215965,"255, MG Road, Lucknow",40af8ff7fd50c3fe,13527.79
ACC_02559,2022-03-15,+918560149017,"243, Ring Road, Delhi",58e7e15b740949da,42837.26
ACC_02560,2024-12-22,+917932234509,"386, Nehru Street, Ahmedabad",67cb82a46a4aac28,26243.89
ACC_02561,2023-06-08,+917226280754,"176, Hill Road, Kolkata",1cf802a6da002f4f,6769.59
ACC_02562,2025-04-18,+917331625790,"214, Civil Lines, Kolkata",d589702af5654799,26334.28
ACC_02563,2026-02-08,+917390648643,"275, Hill Road, Pune",1e1a693aefc26386,9286.33
ACC_02564,2025-11-20,+918210958090,"197, MG Road, Jaipur",1613f50cd7e1feeb,118674.85
ACC_02565,2025-11-13,+918653179335,"100, Ring Road, Mumbai",1da300896906b995,61056.63
ACC_02566,2025-02-01,+919338587526,"334, Civil Lines, Mumbai",4a91dcb3a25bc051,44019.2
ACC_02567,2024-04-24,+919599480483,"255, Park Avenue, Chennai",7b30ec8edd1df42e,14141.9
ACC_02568,2025-04-10,+919630899093,"35, Lake View, Chennai",137ca8104cb40531,25998.09
ACC_02569,2024-11-29,+919780835336,"303, MG Road, Lucknow",ab38e5a1a3f5c637,2883.94
ACC_02570,2024-03-27,+917442545010,"5, Lake View, Delhi",f7c94aa5dba2663e,14865.67
ACC_02571,2024-09-22,+919043741442,"183, Nehru Street, Lucknow",9c2993d6fb09df8c,6409.85
ACC_02572,2025-06-19,+919107159539,"36, Park Avenue, Ahmedabad",7d176eab63629614,551925.17
ACC_02573,2016-09-27,+919162908018,"430, Gandhi Nagar, Chennai",4c7d4f2faa1c053e,58264.44
ACC_02574,2021-10-31,+918163265482,"351, Civil Lines, Jaipur",a4a444bffce8c733,76403.32
ACC_02575,2025-01-17,+918442492961,"49, Gandhi Nagar, Jaipur",f8b5e79c57e6e1d1,52355.56
ACC_02576,2025-05-04,+917953719816,"274, Hill Road, Jaipur",7240e251a4ed265c,6983.71
ACC_02577,2025-07-24,+919689180243,"400, Ring Road, Delhi",062936ceb4e20c8f,27359.57
ACC_02578,2025-08-27,+919674170249,"326, Gandhi Nagar, Jaipur",01c7fa40ea5c2b48,9373.57
ACC_02579,2019-10-26,+918412619785,"172, Hill Road, Ahmedabad",d299422201574cc3,22057.15
ACC_02580,2024-06-16,+918504486983,"398, Ring Road, Mumbai",9b88b70385d68a05,5985.01
ACC_02581,2024-03-08,+917870001098,"418, Nehru Street, Pune",eedc626fd7bd605e,18098.61
ACC_02582,2025-09-14,+918700178697,"388, Hill Road, Lucknow",a1a55fc57403cb88,1270.33
ACC_02583,2024-04-18,+918768784997,"142, Civil Lines, Pune",caa00722f17ccdd7,32920.17
ACC_02584,2025-09-17,+918628205509,"40, Civil Lines, Mumbai",6cb982f3257ab8b1,6657.77
ACC_02585,2024-07-10,+917732457318,"356, Lake View, Hyderabad",8f66f66ce43e318e,346347.81
ACC_02586,2025-04-22,+917231947227,"432, Nehru Street, Jaipur",0559e54840d6fcc2,873.05
ACC_02587,2023-03-07,+919986769603,"277, MG Road, Delhi",740adb64e0d6e433,21060.28
ACC_02588,2024-03-08,+919135061319,"151, Park Avenue, Chennai",12a94d7f1eb84360,4137.79
ACC_02589,2022-07-26,+918885688176,"476, Civil Lines, Hyderabad",806c4810ac591e90,19583.49
ACC_02590,2025-12-20,+918794497195,"178, MG Road, Jaipur",8fb97298de32fb39,94819.13
ACC_02591,2023-10-10,+918557539434,"449, MG Road, Pune",a3ba2c863b528afc,4935.18
ACC_02592,2024-01-11,+917506522873,"198, Market Street, Bangalore",ebd6ecc0871eabc4,15736.92
ACC_02593,2025-06-10,+919286854622,"278, Gandhi Nagar, Mumbai",910b0acb2d37e1a4,31209.05
ACC_02594,2025-12-15,+919895646891,"370, Lake View, Kolkata",c398933c7dc5cc09,71452.7
ACC_02595,2024-04-15,+917334683585,"371, Ring Road, Kolkata",fc608bad08b9bb7e,13501.0
ACC_02596,2026-03-10,+917673422985,"192, Nehru Street, Delhi",5aa5cc57c74a5932,17142.68
ACC_02597,2025-04-03,+917981780363,"274, Civil Lines, Mumbai",f242c707e7127fc4,44392.14
ACC_02598,2022-08-12,+918976142296,"499, Station Road, Bangalore",f4dd806d9048e32d,49465.94
ACC_02599,2024-10-15,+919709230752,"54, Market Street, Mumbai",bb8a0230c3c8cd78,5078.32
ACC_02600,2021-02-01,+917658768812,"398, Civil Lines, Jaipur",481bc38470f8c68e,12357.69
ACC_02601,2024-05-30,+919949638128,"385, Park Avenue, Chennai",92ad4c46e779c111,15470.42
ACC_02602,2023-10-01,+917038338513,"474, Gandhi Nagar, Kolkata",da253da6ef51e4d9,
ACC_02603,2023-10-03,+919893540670,"469, Hill Road, Kolkata",df00f0d067df41eb,
ACC_02604,2022-08-12,+918967113503,"26, Ring Road, Bangalore",fc559ffad9f2be67,44904.92
ACC_02605,2024-12-23,+917129252979,"172, Gandhi Nagar, Chennai",ab7bbb99339977bc,15052.84
ACC_02606,2025-01-17,+917264410698,"64, Hill Road, Pune",0a59108893e67d75,38430.1
ACC_02607,2026-03-02,+919917090096,"80, Lake View, Delhi",7febbcbb57d81461,16446.41
ACC_02608,2025-06-27,+918773730025,"491, MG Road, Mumbai",e9ff3131318812ad,6502.34
ACC_02609,2025-11-24,+918049405640,"140, Park Avenue, Bangalore",18afa9c6d8da6a79,90604.27
ACC_02610,2023-10-18,+919345044787,"421, Park Avenue, Mumbai",36000af77e7c92b9,238774.29
ACC_02611,2026-03-29,+918459564642,"260, Nehru Street, Delhi",493a1ead8b03628d,20590.97
ACC_02612,2024-10-15,+919372160549,"58, Hill Road, Pune",ca5f0d334ffcfcdc,68272.15
ACC_02613,2025-04-12,+918403905409,"292, MG Road, Hyderabad",504861697cb6a6a0,184047.38
ACC_02614,2021-10-11,+917493042036,"370, Hill Road, Ahmedabad",1ee39c583a27ff3e,2314.0
ACC_02615,2025-07-19,+918189392513,"439, MG Road, Jaipur",57c4e854c07dd052,7196.25
ACC_02616,2023-04-03,+917976703458,"349, Nehru Street, Bangalore",c702f9442087b48d,37812.41
ACC_02617,2026-01-11,+919633733874,"432, Hill Road, Lucknow",a1d8f4f21219410f,18421.53
ACC_02618,2024-04-13,+917989925323,"308, Civil Lines, Hyderabad",a9402aad38ec1502,16591.87
ACC_02619,2025-05-03,+918979992225,"62, Lake View, Delhi",a4f991030b4293b4,29847.87
ACC_02620,2026-02-21,+919724702410,"323, Lake View, Chennai",8617d73bff6f8301,
ACC_02621,2025-02-21,+918622804417,"17, Lake View, Kolkata",4fed90a04610a47d,95527.18
ACC_02622,2024-08-16,+919191338574,"364, MG Road, Jaipur",95add840b79a94e7,8165.5
ACC_02623,2024-04-27,+918065964970,"56, Ring Road, Bangalore",6f1325733c443464,12948.56
ACC_02624,2023-07-30,+917441419135,"46, Civil Lines, Mumbai",53a056823767974b,864.67
ACC_02625,2022-04-02,+919467879620,"105, Hill Road, Pune",85316bc1704f1a17,844.13
ACC_02626,2022-09-09,+919741485868,"488, MG Road, Mumbai",7cfd3fa0565557b1,2183.99
ACC_02627,2024-01-04,+919987733458,"197, Station Road, Bangalore",c3a707533f2a7d45,25349.03
ACC_02628,2025-11-27,+917875542669,"377, Nehru Street, Pune",385c32f4ede44323,148788.96
ACC_02629,2024-02-19,+917110292030,"493, Market Street, Chennai",847ab17d38122af5,146515.69
ACC_02630,2023-02-05,+918566718337,"296, Park Avenue, Kolkata",2301816cf7da346b,4889.48
ACC_02631,2023-06-19,+917206924330,"253, Market Street, Hyderabad",7c84d8226d22a9ec,6078.36
ACC_02632,2025-05-21,+917086981815,"75, Nehru Street, Lucknow",a6e692c3b163a69b,10493.82
ACC_02633,2021-05-03,+917070619733,"117, Nehru Street, Mumbai",f1c6f5139ba32a42,24924.68
ACC_02634,2025-11-06,+919476614602,"169, Lake View, Lucknow",b889dda3da924300,3618.44
ACC_02635,2025-12-06,+918157331071,"282, Park Avenue, Pune",fe14be3943e8b232,18047.4
ACC_02636,2026-01-14,+918760866497,"150, Station Road, Hyderabad",91e129b2d67cf4b6,767.52
ACC_02637,2023-12-29,+919342878129,"69, Nehru Street, Delhi",9c980f9e6d0f0e6b,5916.63
ACC_02638,2025-12-21,+918369196974,"331, Nehru Street, Ahmedabad",6b3d48f5aef23ecf,25817.23
ACC_02639,2023-07-06,+919442865789,"456, Hill Road, Lucknow",2acb94a6ea7029c5,230082.51
ACC_02640,2024-09-28,+919453809914,"253, Nehru Street, Hyderabad",172cb6f94bfde0dd,806227.42
ACC_02641,2024-01-21,+917218980871,"115, Nehru Street, Bangalore",940268fbfa06bcc3,30769.01
ACC_02642,2024-04-20,+919308867354,"306, Market Street, Lucknow",c4936770e2c705d2,5721.37
ACC_02643,2025-01-29,+918306542077,"298, Park Avenue, Lucknow",e95a4d6f80a68197,7599.58
ACC_02644,2023-07-19,+917464844238,"139, Nehru Street, Hyderabad",5a86b8abf0cbb28f,68197.44
ACC_02645,2024-11-21,+919662802692,"250, Gandhi Nagar, Bangalore",d2611daa53362d3c,3202.76
ACC_02646,2025-09-01,+917235500245,"448, Market Street, Delhi",e5b2b29130539d59,8044.26
ACC_02647,2016-09-27,+919408688994,"458, Market Street, Ahmedabad",0dd62653702ad513,173921.25
ACC_02648,2025-07-01,+919706506711,"25, Nehru Street, Pune",cb1259961de3e667,22370.39
ACC_02649,2025-12-23,+919110138912,"268, MG Road, Bangalore",39c9b7afacd6094b,4633.06
ACC_02650,2024-12-05,+917008353993,"387, Nehru Street, Bangalore",0832cd8ccc55c6e2,70076.1
ACC_02651,2019-03-05,+919767691203,"475, Civil Lines, Mumbai",9ad114970c1cf5cb,92592.97
ACC_02652,2024-11-23,+919536219789,"407, Market Street, Chennai",e335c721090c1e18,217064.94
ACC_02653,2023-03-27,+917802120334,"170, Hill Road, Kolkata",e62b13317a5527ba,7730.21
ACC_02654,2025-05-24,+919984775876,"323, MG Road, Bangalore",3665ad25c00f3056,43832.15
ACC_02655,2023-11-06,+917132377896,"408, Ring Road, Pune",77ec46440b1e7c85,92123.76
ACC_02656,2026-03-29,+917371111417,"65, MG Road, Jaipur",4b205db7f531e0e5,44480.49
ACC_02657,2022-11-30,+919647807423,"128, Park Avenue, Lucknow",6fb9fd38ed45f7ef,57117.91
ACC_02658,2024-11-18,+918734086125,"146, MG Road, Delhi",38d76af605085494,3256.02
ACC_02659,2025-08-04,+919833937636,"489, Nehru Street, Jaipur",77a0b572a643bb8b,8753.41
ACC_02660,2023-09-29,+919286811819,"280, Gandhi Nagar, Kolkata",2ec9c3c92adfa184,40994.03
ACC_02661,2025-02-12,+918002306341,"85, Station Road, Mumbai",0727c4a9d7073322,79098.6
ACC_02662,2024-10-25,+918761991864,"356, Station Road, Hyderabad",19018bdf6299f205,60330.86
ACC_02663,2026-02-15,+917532350550,"85, Ring Road, Ahmedabad",03971a0ac8c04fb4,1867.03
ACC_02664,2022-12-20,+918944377721,"227, Nehru Street, Bangalore",2018f093e06eca25,13486.1
ACC_02665,2025-07-13,+919336544079,"360, Lake View, Chennai",248748e566c1de87,1241.68
ACC_02666,2024-06-26,+917450327824,"206, MG Road, Delhi",ff463ae84bb40046,141531.72
ACC_02667,2024-06-13,+918018014643,"399, Nehru Street, Lucknow",5bdfe6ccd5fd159c,323922.62
ACC_02668,2022-12-04,+918788148359,"360, Civil Lines, Lucknow",ada714b2c2fb6f8a,10126.44
ACC_02669,2025-08-31,+919510319451,"470, Civil Lines, Kolkata",f29c0e9b2ca78b9f,303234.91
ACC_02670,2024-10-05,+918016782645,"165, Nehru Street, Pune",a8d59c6125e26751,23351.76
ACC_02671,2024-08-10,+917759557309,"456, Ring Road, Chennai",2c2eb8c87d4a7d3e,6490.88
ACC_02672,2024-05-08,+918030348053,"218, Hill Road, Mumbai",8424c50b03943db6,2607.14
ACC_02673,2025-05-20,+918804467590,"393, Park Avenue, Mumbai",72095ae3f42b76c2,17087.48
ACC_02674,2024-04-03,+918906030567,"345, Nehru Street, Pune",b47830ebe97da9b5,20539.69
ACC_02675,2025-04-05,+919252938752,"157, Lake View, Bangalore",26602bb4a60e8318,1348449.98
ACC_02676,2024-05-16,+918842909186,"271, MG Road, Kolkata",60fbe873e5197392,5797.29
ACC_02677,2025-03-25,+917351177926,"288, Nehru Street, Bangalore",3899ac2d15a035b0,405300.41
ACC_02678,2025-02-23,+917667416286,"300, Gandhi Nagar, Kolkata",96e6f47454f6cc05,10643.6
ACC_02679,2016-09-27,+919350657018,"420, Civil Lines, Lucknow",668b1d777edcee79,31633.98
ACC_02680,2025-09-27,+917219002364,"109, Station Road, Bangalore",815d48e43cfbdcb9,65991.41
ACC_02681,2024-11-28,+918826761007,"113, Lake View, Delhi",2443698ed01acc88,1756.67
ACC_02682,2025-06-05,+919482788835,"451, Gandhi Nagar, Chennai",58dd1e6986b3109b,30142.51
ACC_02683,2023-06-11,+917309785440,"230, Lake View, Lucknow",25c2077e713baa3a,104950.83
ACC_02684,2025-07-05,+917458441361,"188, Station Road, Chennai",17481c2ddce90280,52453.93
ACC_02685,2024-04-13,+919561345401,"379, Civil Lines, Kolkata",6d5c343a1752a59e,27341.53
ACC_02686,2024-11-16,+919757878669,"342, Hill Road, Hyderabad",4d3c124ada5757b4,126644.3
ACC_02687,2025-04-19,+919684639314,"319, MG Road, Ahmedabad",2c3eb6b924b767cd,23643.44
ACC_02688,2025-06-09,+918727031532,"198, Nehru Street, Chennai",ffeec34ae7030c7a,21958.84
ACC_02689,2025-08-06,+917621953007,"65, Gandhi Nagar, Hyderabad",c3a2aae5b69e9b25,31239.04
ACC_02690,2025-09-11,+918278771871,"411, MG Road, Pune",7d449dc728761171,8028.66
ACC_02691,2025-01-30,+917418782654,"18, Nehru Street, Jaipur",de90b23f3214c325,52165.76
ACC_02692,2023-11-03,+917128643637,"210, Nehru Street, Kolkata",2002d25fd19b7bd9,10167.52
ACC_02693,2025-07-26,+917287567228,"21, Market Street, Lucknow",6e537b10b73ec55d,70811.18
ACC_02694,2025-10-31,+918297457927,"371, Gandhi Nagar, Kolkata",a263ed0d4c90302b,86786.68
ACC_02695,2025-10-01,+919545465557,"90, Nehru Street, Jaipur",70097a7d72b513c8,32564.99
ACC_02696,2026-03-07,+919914724849,"107, Hill Road, Kolkata",7fc0815157a548c6,26306.0
ACC_02697,2025-10-28,+919212041285,"137, Park Avenue, Pune",82a362d8bd6d5e15,13363.31
ACC_02698,2024-07-31,+917468348224,"250, Nehru Street, Lucknow",5a42cc24b58bc57c,66832.31
ACC_02699,2025-04-01,+917564604120,"163, Market Street, Hyderabad",0f411a313a82a23f,8220.28
ACC_02700,2025-12-17,+919542320795,"453, Gandhi Nagar, Chennai",8f7d8e987ef8146a,22513.21
ACC_02701,2024-11-15,+919488427122,"108, Nehru Street, Mumbai",0611b72ba992732f,209197.55
ACC_02702,2025-05-05,+919016941706,"295, Hill Road, Mumbai",3d3419eb96e76ceb,38085.45
ACC_02703,2025-02-25,+918319253140,"234, Civil Lines, Ahmedabad",b0ec407d5533b576,7996.64
ACC_02704,2025-11-04,+919947855640,"498, Station Road, Kolkata",a996811936892a84,48103.19
ACC_02705,2025-06-06,+919836281662,"38, MG Road, Jaipur",2466a196c2da921b,2060.4
ACC_02706,2022-05-23,+917701998046,"353, Civil Lines, Hyderabad",3e82b3a66d78346e,500.0
ACC_02707,2025-07-30,+917926692732,"288, Gandhi Nagar, Lucknow",fd4da0ce12a198a5,1270.79
ACC_02708,2024-08-28,+919183220259,"365, Nehru Street, Kolkata",331764f18e313dd2,18154.51
ACC_02709,2024-06-29,+917077553661,"109, Station Road, Pune",3097f83f5684688d,18302.66
ACC_02710,2023-02-10,+917563057500,"118, Lake View, Mumbai",72a96ef4191b1186,
ACC_02711,2025-03-18,+919045059293,"38, Ring Road, Hyderabad",9aac6eb724273c24,56523.15
ACC_02712,2025-08-20,+917281812961,"38, Gandhi Nagar, Chennai",8b925dec05ee9a1b,10224.55
ACC_02713,2026-02-07,+919760984821,"401, Gandhi Nagar, Delhi",f58851b05499f676,6639.91
ACC_02714,2018-08-19,+917446857709,"247, Nehru Street, Chennai",1f888c4111ade0f3,16561.44
ACC_02715,2025-08-27,+917534501602,"266, Hill Road, Chennai",08f32f565d453763,2718.19
ACC_02716,2025-09-13,+919487300608,"356, Park Avenue, Chennai",889332ef2f91be1f,2988.63
ACC_02717,2022-10-02,+917187042291,"298, Gandhi Nagar, Kolkata",6a026bbc3d76ab46,25299.88
ACC_02718,2023-07-16,+919074517286,"244, Nehru Street, Mumbai",3a614e59e9619b35,222222.65
ACC_02719,2024-08-01,+918783233911,"269, Lake View, Jaipur",1adbde2ba3ad3c03,182239.07
ACC_02720,2024-08-07,+917823666245,"255, Nehru Street, Lucknow",945c0029b65142a0,38741.74
ACC_02721,2024-10-16,+917485157458,"211, Hill Road, Bangalore",279d095e6392f5d2,31756.74
ACC_02722,2025-01-17,+919149317893,"195, Market Street, Lucknow",c6a5905bf21da403,770.91
ACC_02723,2024-06-07,+917769810013,"308, Market Street, Ahmedabad",861d88b1ef783b77,10105.18
ACC_02724,2025-01-24,+919355658748,"223, Gandhi Nagar, Ahmedabad",0864f4ff7516606f,27737.44
ACC_02725,2025-07-30,+918920440853,"272, Market Street, Bangalore",0517fab655d7f021,24584.96
ACC_02726,2025-07-21,+917060606381,"389, Ring Road, Jaipur",569d0282ddf879a7,23554.09
ACC_02727,2024-03-22,+917756085413,"288, Nehru Street, Ahmedabad",fbbc0e7c7bab5b64,67078.78
ACC_02728,2020-11-05,+917967759530,"454, Lake View, Hyderabad",35cb1b1b9e29b622,32192.47
ACC_02729,2026-03-29,+917286363710,"34, MG Road, Lucknow",793d36e841288971,136441.92
ACC_02730,2024-01-26,+917413169439,"469, Lake View, Hyderabad",3e8dfff940677f2a,36514.2
ACC_02731,2024-03-26,+917185241699,"189, MG Road, Kolkata",50c830375c1fef6a,2504.65
ACC_02732,2024-11-06,+917866979795,"402, Market Street, Lucknow",f823ba4fa41963a8,30577.48
ACC_02733,2024-07-03,+918593065625,"340, Station Road, Delhi",fee6efef39b9c031,1924.7
ACC_02734,2023-03-15,+918720456293,"93, Lake View, Hyderabad",d809b332579fd9a4,73657.26
ACC_02735,2025-08-27,+919140645730,"152, MG Road, Hyderabad",8cb2eab79576b6c2,2559.01
ACC_02736,2024-10-20,+918829770707,"201, Hill Road, Chennai",e302e382f52eb45e,5098.59
ACC_02737,2024-10-05,+917442423554,"129, Ring Road, Chennai",2495c10eb987afce,195946.17
ACC_02738,2024-04-12,+918137690204,"158, Nehru Street, Ahmedabad",302855b2bc97ab97,120737.27
ACC_02739,2020-12-21,+919148783376,"324, Park Avenue, Pune",e0399b6428ebc6e7,90798.34
ACC_02740,2025-07-09,+918862692828,"212, Station Road, Bangalore",f306bfca95a0719d,3658.48
ACC_02741,2025-05-31,+918067110498,"491, MG Road, Pune",bd72ec80fac313c3,4277.97
ACC_02742,2025-09-10,+919049064034,"29, Lake View, Chennai",2424c66c16126686,16653.86
ACC_02743,2024-02-23,+918528665334,"17, Lake View, Pune",6611eb79e250abe2,28064.91
ACC_02744,2023-06-09,+919776787686,"45, MG Road, Lucknow",11193c6f9e61bae7,12154.24
ACC_02745,2023-03-05,+919603436264,"99, Station Road, Lucknow",15b4bbf0b927824f,59151.57
ACC_02746,2024-10-31,+919231620220,"303, Civil Lines, Lucknow",2359aaf124b0c3ba,30452.94
ACC_02747,2025-02-14,+917396276521,"114, Market Street, Jaipur",bb85065142588fac,2163.55
ACC_02748,2025-03-09,+918679995350,"463, Nehru Street, Bangalore",929f49b605a8c156,8331.47
ACC_02749,2025-04-16,+918791619448,"439, Park Avenue, Mumbai",29b1f5b27e5e0c56,4903.63
ACC_02750,2020-05-31,+917674719032,"339, Civil Lines, Lucknow",5cd575474063a105,226049.58
ACC_02751,2025-07-12,+918589238587,"349, Station Road, Pune",66781c3c07b49fa6,2953.16
ACC_02752,2024-02-02,+918702645428,"345, Gandhi Nagar, Pune",1566bc8ee9bbcc46,99661.05
ACC_02753,2025-10-31,+917337314410,"80, MG Road, Mumbai",dbeb670fd022e59a,73674.11
ACC_02754,2023-04-20,+917247779458,"360, Hill Road, Lucknow",8159d5ad6f0a027b,13911.92
ACC_02755,2024-05-07,+917706371171,"205, MG Road, Delhi",5017d1e8f679e64b,609.82
ACC_02756,2025-05-31,+919036827691,"223, Market Street, Hyderabad",d1151bca05fba545,13762.17
ACC_02757,2023-11-01,+918292787485,"137, Ring Road, Chennai",78f45fa66147e35d,9478.91
ACC_02758,2025-04-13,+918482622926,"238, Station Road, Jaipur",35fd509a917220de,6351.77
ACC_02759,2022-01-19,+917492488330,"25, Gandhi Nagar, Bangalore",7611a7faf45aa236,2072.86
ACC_02760,2021-06-08,+919289177745,"341, Civil Lines, Hyderabad",824ea0e0791c7b1a,33393.38
ACC_02761,2025-09-14,+918735843360,"430, Station Road, Kolkata",4e0d9daf07e01c08,13015.96
ACC_02762,2025-10-12,+919259137995,"315, MG Road, Jaipur",91d3dc412258c257,27765.62
ACC_02763,2023-10-16,+919167374095,"353, Nehru Street, Hyderabad",acdc5268ac731063,2795.58
ACC_02764,2024-11-21,+918909510518,"233, Gandhi Nagar, Jaipur",2ef90872e90f4e67,6790.96
ACC_02765,2025-03-07,+918140801912,"355, Civil Lines, Pune",4fa0a55d3b66de81,26536.47
ACC_02766,2022-03-22,+918362368663,"257, Civil Lines, Jaipur",636db8721b526946,2572.23
ACC_02767,2025-02-08,+919879848481,"289, Station Road, Jaipur",9daea2ad754d5797,1690.54
ACC_02768,2024-08-09,+919427210619,"448, Market Street, Bangalore",f9a1119599bc5df5,121820.87
ACC_02769,2023-02-28,+918616986770,"443, Ring Road, Lucknow",04bb759229fbbf2a,
ACC_02770,2024-08-17,+917231812413,"263, Hill Road, Kolkata",7242ba53e73a6e7a,728265.64
ACC_02771,2024-04-08,+918514112937,"257, Park Avenue, Kolkata",bb5a199ce9e7976c,21530.18
ACC_02772,2022-09-04,+919114604145,"463, Station Road, Ahmedabad",ca811fd51cc761c1,530259.54
ACC_02773,2024-01-22,+919553780198,"176, Market Street, Kolkata",d26628b09bce88dc,8630.49
ACC_02774,2025-12-17,+918168713964,"251, Park Avenue, Jaipur",584fadef14c87c4c,22569.72
ACC_02775,2025-07-20,+918989826572,"466, Civil Lines, Jaipur",e4aac27993b772c5,1765.75
ACC_02776,2019-12-29,+918233831947,"80, Market Street, Mumbai",7c2583cf9baccecb,7598.59
ACC_02777,2025-10-25,+919018568237,"445, Lake View, Mumbai",8968e9f11eaa953a,30263.47
ACC_02778,2025-07-15,+917553194019,"373, Hill Road, Mumbai",a224d637977655da,55337.62
ACC_02779,2024-12-26,+917152693032,"215, Ring Road, Mumbai",6704836e5d562bcb,27132.17
ACC_02780,2021-12-17,+917018166921,"92, MG Road, Bangalore",535f20fbd4ca897e,16719.63
ACC_02781,2025-03-08,+917828290770,"29, Nehru Street, Kolkata",a51d8be53e1bd6eb,22278.98
ACC_02782,2024-07-11,+919053914735,"183, Gandhi Nagar, Kolkata",54890aad1f5a99a6,562944.9
ACC_02783,2023-10-13,+917069619895,"425, Park Avenue, Hyderabad",3ccddaef9dcff61a,8801.36
ACC_02784,2026-03-29,+919845155220,"273, Nehru Street, Lucknow",592ecc851ab861d2,137218.57
ACC_02785,2023-03-07,+919478356060,"5, Civil Lines, Hyderabad",dca82bd898e01f15,94833.83
ACC_02786,2024-05-14,+918707485561,"489, Hill Road, Kolkata",4542d46ffa88f9ea,11064.25
ACC_02787,2023-03-12,+919603392516,"407, Park Avenue, Kolkata",b6608b257870ee3a,29349.13
ACC_02788,2025-06-30,+918019243556,"180, Ring Road, Hyderabad",4931c80ecb942bc1,31564.08
ACC_02789,2022-03-15,+917591903063,"481, Ring Road, Kolkata",0b11b83b40770a5b,235118.75
ACC_02790,2018-11-29,+917994654576,"407, Lake View, Chennai",196864dfef19be13,14788.66
ACC_02791,2026-01-19,+919342361604,"208, Ring Road, Lucknow",cc76fa429fe28a17,
ACC_02792,2023-05-03,+919308551975,"347, Station Road, Ahmedabad",af94fa6693ccbf1b,162057.13
ACC_02793,2023-09-30,+917750052111,"394, Ring Road, Bangalore",f46efeb706c89175,
ACC_02794,2023-01-05,+918693099830,"286, Hill Road, Jaipur",045d155d2fd4964d,14864.7
ACC_02795,2019-03-16,+917629577823,"58, MG Road, Kolkata",3468fb242784eabf,12826.56
ACC_02796,2024-09-14,+917181086688,"465, Park Avenue, Lucknow",a579d3eccffb164e,14736.15
ACC_02797,2025-09-15,+919662006830,"130, MG Road, Bangalore",afddc6d9488d31c0,5385.79
ACC_02798,2024-03-22,+917359165221,"411, Civil Lines, Kolkata",5e3c247e41744247,12517.1
ACC_02799,2021-08-24,+918048389380,"321, Gandhi Nagar, Mumbai",abdeb9a4454e2fc3,104016.42
ACC_02800,2023-09-05,+917324682120,"240, Nehru Street, Lucknow",56f36f3232636e51,26987.13
ACC_02801,2025-03-23,+918362629429,"55, Station Road, Chennai",7b951681aaa0b3de,55954.24
ACC_02802,2025-07-25,+918827558487,"177, Park Avenue, Delhi",932d8c8e8f7c9ebc,651.54
ACC_02803,2026-03-04,+919228654228,"284, Market Street, Bangalore",fe0b447dc88efbe9,9663.27
ACC_02804,2024-12-11,+917613154384,"160, Park Avenue, Ahmedabad",7b93c631d6ea76d8,210602.99
ACC_02805,2025-05-18,+917961658948,"297, Lake View, Lucknow",ff00e4c34232852e,27933.59
ACC_02806,2024-09-15,+918623479151,"168, Ring Road, Kolkata",a8295315c33d68ea,19503.01
ACC_02807,2023-02-23,+918986667745,"64, Park Avenue, Lucknow",8b81afaf16a4d7d8,147010.19
ACC_02808,2024-01-17,+919418497331,"338, Hill Road, Jaipur",495fea0d76e8c4f5,20820.33
ACC_02809,2025-12-25,+917852327040,"486, Gandhi Nagar, Ahmedabad",59ca879ee82250f9,38971.65
ACC_02810,2025-10-03,+918433298295,"495, Civil Lines, Delhi",96882e855f7e462d,46037.01
ACC_02811,2025-12-30,+919462682806,"308, Lake View, Bangalore",36d7ab758a9cb5f9,
ACC_02812,2020-05-05,+919291303575,"136, Lake View, Kolkata",1a942e0709ec3d50,38065.08
ACC_02813,2023-11-18,+919621850192,"14, Lake View, Delhi",732318b1e9878f30,151737.84
ACC_02814,2022-09-11,+917176397689,"51, Station Road, Mumbai",f3f8ef0c4c438107,3311.19
ACC_02815,2024-08-02,+918103038841,"126, Hill Road, Chennai",a8f7556b1a3fa109,12860.9
ACC_02816,2022-03-10,+918792111858,"229, Civil Lines, Bangalore",71d888b027c745cc,3729.06
ACC_02817,2025-10-11,+917732049217,"357, Nehru Street, Hyderabad",fd7fdfe48bf8888b,32668.39
ACC_02818,2025-02-15,+917165689068,"264, Hill Road, Hyderabad",8f76a129954ec7a9,2659.83
ACC_02819,2021-03-07,+919283403209,"77, Nehru Street, Ahmedabad",c6a70082db183976,122551.53
ACC_02820,2020-10-05,+919945460367,"311, Nehru Street, Ahmedabad",dcfaf39cf40d77f5,28939.32
ACC_02821,2024-06-01,+919782321263,"202, Park Avenue, Hyderabad",167c194377fe2dcd,250922.61
ACC_02822,2025-03-30,+918722791995,"334, Station Road, Chennai",fa5485253e2075cd,32667.91
ACC_02823,2023-06-04,+919399154503,"215, MG Road, Jaipur",4788529ae312eaa9,45765.42
ACC_02824,2023-03-10,+917164882180,"412, Gandhi Nagar, Ahmedabad",fe6331e5e5af7411,25905.9
ACC_02825,2025-10-22,+917771366623,"215, Gandhi Nagar, Pune",59bb9f36fffc7bd7,592290.28
ACC_02826,2026-01-19,+917402425981,"447, Station Road, Bangalore",1d26ddb915cd0546,117643.33
ACC_02827,2025-10-07,+917596302652,"352, Park Avenue, Jaipur",3c91d852b78e8c8a,3549.29
ACC_02828,2024-10-02,+918183065583,"374, Station Road, Delhi",1a0771180b12525c,32338.4
ACC_02829,2022-05-01,+918553969990,"66, Civil Lines, Hyderabad",83e071046a89bc43,
ACC_02830,2026-03-09,+917401560713,"173, Market Street, Bangalore",fb936b62efb82cba,4348.82
ACC_02831,2026-03-23,+919525369344,"191, MG Road, Lucknow",0c0e7ee8bdc3485a,99916.69
ACC_02832,2019-10-24,+918977618163,"482, Station Road, Jaipur",5622fe9e5fd6e696,762.75
ACC_02833,2025-08-16,+917907274574,"467, Lake View, Mumbai",7c17a82bd4b9d203,1561.83
ACC_02834,2025-08-25,+917539479848,"258, MG Road, Chennai",aef1ec9fdce0517c,
ACC_02835,2025-08-22,+917378530682,"369, Station Road, Lucknow",730e3f6cf5776f63,7507.43
ACC_02836,2023-01-22,+918635798750,"453, Civil Lines, Bangalore",b245657f0f0eac85,150393.57
ACC_02837,2024-10-23,+919710617805,"110, Hill Road, Kolkata",b1462d6fab6b19f6,180422.01
ACC_02838,2025-07-19,+917280828982,"15, Station Road, Chennai",504be052baf13b1a,98295.67
ACC_02839,2025-08-18,+919255802007,"220, Nehru Street, Ahmedabad",9febd30e6ed2c267,
ACC_02840,2025-01-14,+917562926874,"450, Ring Road, Hyderabad",b919f76cd0cbd5cf,103745.36
ACC_02841,2025-11-22,+917002466624,"413, Park Avenue, Chennai",5c924d6a8d31466f,1564.25
ACC_02842,2024-09-20,+918998282097,"140, Hill Road, Jaipur",6552175264d9f2ac,316207.9
ACC_02843,2025-05-08,+918940270350,"32, Civil Lines, Ahmedabad",07b470292f8901b1,192510.41
ACC_02844,2026-03-27,+918530930483,"396, Ring Road, Ahmedabad",44e33f60727f00d7,24923.83
ACC_02845,2025-05-27,+919920604377,"176, Ring Road, Pune",fdcd5b463332530a,14271.68
ACC_02846,2026-01-12,+919113371735,"316, MG Road, Kolkata",61ee8862186243b4,14756.04
ACC_02847,2025-04-08,+919130765351,"458, Civil Lines, Bangalore",65de4cc4995e02ad,11935.67
ACC_02848,2024-01-14,+918830386140,"173, Hill Road, Jaipur",5cc35161f783b3f5,9791.43
ACC_02849,2023-04-19,+919871455963,"349, MG Road, Bangalore",db5a4b15e3053888,36250.22
ACC_02850,2025-04-29,+918871207793,"417, Civil Lines, Ahmedabad",36a5ef1f0b9f09f0,24808.77
ACC_02851,2024-06-05,+919348654510,"118, Station Road, Pune",f5ccb94651e87363,568.0
ACC_02852,2024-12-15,+918449455964,"368, Ring Road, Mumbai",9c8648d769916c25,1268765.21
ACC_02853,2022-10-09,+917758256800,"329, Gandhi Nagar, Bangalore",93a7d7a9e5351062,62565.8
ACC_02854,2024-03-25,+918460050344,"482, Market Street, Ahmedabad",8b9559fab7829754,150018.06
ACC_02855,2025-09-13,+918577219231,"157, Hill Road, Pune",18be199d1886c177,28687.59
ACC_02856,2023-08-15,+917179467662,"271, Park Avenue, Ahmedabad",abb15e2d2aa40b8f,47750.5
ACC_02857,2025-06-15,+919018985539,"206, Park Avenue, Hyderabad",dddc20f84174962d,70719.37
ACC_02858,2021-04-06,+918445007415,"83, Station Road, Bangalore",e5461f8d39d25408,21291.09
ACC_02859,2023-10-11,+918561423281,"52, Park Avenue, Mumbai",2d10f686508e5afe,16876.69
ACC_02860,2023-04-11,+917156117523,"276, Gandhi Nagar, Mumbai",00834ce9eb95ec35,46362.73
ACC_02861,2024-05-09,+918388893413,"139, Station Road, Delhi",de51e069771d7ce6,17961.05
ACC_02862,2025-08-04,+919959584767,"97, Station Road, Ahmedabad",0bb793a81cab17a5,886.47
ACC_02863,2025-01-23,+917575842933,"176, Lake View, Pune",1caae1996348bd1b,277885.32
ACC_02864,2023-11-14,+919195680848,"389, Nehru Street, Lucknow",d22e699b45472c09,10586.55
ACC_02865,2024-12-01,+917501278465,"22, Lake View, Hyderabad",6078c6e5e833b8f3,58653.19
ACC_02866,2026-03-29,+917008836738,"233, Station Road, Delhi",67ffcea8c5a40cbf,50967.36
ACC_02867,2024-11-30,+918417919970,"94, Gandhi Nagar, Hyderabad",e4cf3a802fab850c,
ACC_02868,2026-01-11,+917413543222,"236, Nehru Street, Lucknow",20761e07ae2bfba3,3518.09
ACC_02869,2025-01-24,+919030846978,"164, Ring Road, Delhi",bf0898fb8387a53e,12674.66
ACC_02870,2024-06-18,+918650556618,"390, Ring Road, Bangalore",b1164678bb53427e,3066.97
ACC_02871,2026-02-04,+919208830511,"291, Park Avenue, Ahmedabad",f0152c8aa42e3563,147448.69
ACC_02872,2023-05-26,+918226462157,"166, Civil Lines, Kolkata",fd13191a679b3a59,4807.22
ACC_02873,2024-09-22,+917123251587,"405, Ring Road, Chennai",0fe0c33fc3d0390c,20073.77
ACC_02874,2025-06-22,+917227999674,"252, Lake View, Pune",dfd1d3c8c5cfc812,55955.92
ACC_02875,2025-07-30,+918522851891,"70, Hill Road, Ahmedabad",12dc2844cae891cf,114268.07
ACC_02876,2024-06-16,+919492974909,"415, Hill Road, Mumbai",b7ad71285e2cc724,24168.13
ACC_02877,2023-01-29,+917250158630,"427, Market Street, Delhi",8c4707327740311f,500.0
ACC_02878,2025-01-05,+919802571130,"283, Station Road, Pune",6dddee8e2a164c1f,7873.3
ACC_02879,2026-03-29,+918569421175,"162, Hill Road, Delhi",68b2f7f3e9d47745,29795.83
ACC_02880,2025-08-31,+917873174716,"14, Nehru Street, Kolkata",28b3320b6affe6fb,4329.54
ACC_02881,2024-12-25,+918671000255,"370, Park Avenue, Jaipur",b5ceb9ca2619be10,6362.18
ACC_02882,2025-08-29,+918941062899,"479, Lake View, Chennai",3410d919557e5c55,52259.69
ACC_02883,2023-01-06,+918353643579,"188, Nehru Street, Pune",2d5b60cee1cbbbf6,92577.28
ACC_02884,2025-01-22,+919972814269,"377, Station Road, Mumbai",516ebe31ad3a83a3,55726.38
ACC_02885,2022-08-20,+919428606357,"17, Station Road, Ahmedabad",41817d675dbbf7ad,21063.76
ACC_02886,2024-10-26,+918597010180,"268, Lake View, Bangalore",8602a62a4dfb29c2,4307.39
ACC_02887,2024-08-26,+917676554180,"394, Ring Road, Pune",1be833f6043193c2,6638.43
ACC_02888,2024-06-16,+918645103274,"55, MG Road, Chennai",4a8040986b912bed,4532.56
ACC_02889,2025-07-11,+917314620844,"133, Hill Road, Kolkata",abc033e553d75e62,13637.57
ACC_02890,2023-11-17,+918123928864,"308, Civil Lines, Kolkata",971090f07607d99b,51961.86
ACC_02891,2024-04-27,+919013348021,"226, Civil Lines, Hyderabad",108220b1b9ae4430,31504.85
ACC_02892,2022-02-16,+917472224148,"128, Station Road, Mumbai",df07578f77c410a2,23583.85
ACC_02893,2024-11-05,+919332932265,"148, Park Avenue, Chennai",6318f4a4966348ec,727.37
ACC_02894,2025-06-27,+917020733480,"313, Park Avenue, Kolkata",fd461f5ad527ec5c,257616.98
ACC_02895,2024-06-26,+917747137196,"390, Nehru Street, Kolkata",fe4b00bdf812e49f,39719.61
ACC_02896,2025-07-30,+919394366642,"431, Civil Lines, Lucknow",a8af34a2a13038f2,31081.03
ACC_02897,2023-12-19,+919331631732,"32, MG Road, Ahmedabad",a74923bebe583cf5,77087.76
ACC_02898,2025-07-25,+919925784901,"288, Ring Road, Pune",abcdadba34ee0535,104517.18
ACC_02899,2024-11-02,+918550879083,"28, Ring Road, Bangalore",cde5c922cf9de2bc,303601.58
ACC_02900,2026-03-29,+918091533913,"210, Gandhi Nagar, Bangalore",d12ec7ba0313ad2b,198692.82
ACC_02901,2025-07-01,+919681446242,"474, Civil Lines, Kolkata",fdf777006c0c83a8,44897.58
ACC_02902,2024-11-25,+919663724863,"499, Park Avenue, Delhi",a9dae6a89543db65,108705.65
ACC_02903,2024-09-25,+918236759014,"209, Park Avenue, Ahmedabad",4c77737ab1443021,
ACC_02904,2025-04-02,+918579848593,"166, Hill Road, Chennai",339d227159da2524,346133.59
ACC_02905,2024-11-12,+919524382630,"439, Station Road, Jaipur",69bdcc3973e7f8c7,43887.35
ACC_02906,2025-10-04,+917929942462,"290, Gandhi Nagar, Lucknow",30047d8406bac1f7,15635.26
ACC_02907,2024-10-23,+917708399462,"87, Nehru Street, Chennai",e7bf6c387051e8cf,25495.72
ACC_02908,2025-05-01,+919699876528,"361, Market Street, Lucknow",b4d38fa7a176c70c,23641.06
ACC_02909,2024-09-27,+917757583595,"137, Station Road, Lucknow",465c4517e4bb1e4e,
ACC_02910,2023-01-13,+918144657355,"265, MG Road, Jaipur",dbb71f7d289635a1,2794.39
ACC_02911,2025-02-16,+919051319395,"308, Station Road, Hyderabad",c0cc7695eacd132c,12495.2
ACC_02912,2025-04-30,+919368710074,"250, Market Street, Mumbai",5f52c6675d36159d,8150.22
ACC_02913,2025-04-04,+917754956012,"303, Ring Road, Kolkata",e5c085af18d19694,135943.98
ACC_02914,2025-09-18,+917965199518,"87, Station Road, Pune",ed3592a51489133c,28686.06
ACC_02915,2023-12-31,+919731206496,"474, Market Street, Ahmedabad",c81473c481c8c87b,2743.1
ACC_02916,2025-11-17,+919301318674,"125, Hill Road, Hyderabad",fd821788dddfbe58,44109.5
ACC_02917,2025-04-20,+917211146405,"178, Lake View, Hyderabad",acfd1a4f607eab91,5513.12
ACC_02918,2022-01-24,+919498547352,"254, Ring Road, Lucknow",12f01260f3012141,1912.25
ACC_02919,2025-03-03,+919331897041,"375, Lake View, Chennai",1d16e53eb7f7587c,10381.57
ACC_02920,2023-11-25,+918689430241,"422, Station Road, Mumbai",75d11689b68e051e,38328.56
ACC_02921,2025-08-07,+919499670073,"205, Lake View, Ahmedabad",794ff159d1f5e85b,43459.98
ACC_02922,2022-09-23,+919480437585,"389, Lake View, Jaipur",0ad3bd0cef45fee1,500.0
ACC_02923,2025-06-10,+917928984686,"396, Station Road, Ahmedabad",4fb9b7dfa0367826,8203.69
ACC_02924,2025-06-05,+918981629191,"60, Ring Road, Pune",73ee65c6eebd1609,29128.94
ACC_02925,2025-01-03,+917796304441,"366, Civil Lines, Bangalore",ec2b505a9415c135,92687.19
ACC_02926,2026-03-29,+919951879365,"299, Hill Road, Chennai",d60575281a808c18,10764.49
ACC_02927,2023-07-17,+918169235873,"204, Park Avenue, Lucknow",fb6713935f03273d,144868.06
ACC_02928,2024-07-22,+917998518708,"476, Park Avenue, Hyderabad",1d6189c02e392a78,17284.75
ACC_02929,2024-09-22,+917702666865,"57, Park Avenue, Jaipur",f887bc993ceeba1c,18069.61
ACC_02930,2024-08-05,+919508945233,"288, Gandhi Nagar, Ahmedabad",6c7c5f95a866d34c,5612.31
ACC_02931,2021-01-27,+917641845015,"3, Station Road, Pune",d35849d44b67113f,42984.63
ACC_02932,2025-07-05,+918053810168,"339, Park Avenue, Hyderabad",661e66ed66745569,173600.18
ACC_02933,2025-08-05,+919460940717,"329, Hill Road, Ahmedabad",071ca3f2188fc909,19416.35
ACC_02934,2025-11-17,+919015955267,"379, Gandhi Nagar, Delhi",a7aa6e61b9fcc75d,3493.53
ACC_02935,2025-08-14,+917294167457,"371, Civil Lines, Hyderabad",3ad10da80f7f7953,6260.15
ACC_02936,2025-08-18,+919157324777,"466, Hill Road, Hyderabad",9141288e055247db,21120.68
ACC_02937,2024-10-18,+918202406881,"357, Hill Road, Pune",9c8eebadc95cc30f,2983.43
ACC_02938,2023-10-10,+919555009415,"222, Lake View, Delhi",6a6e88287c7f2333,106314.46
ACC_02939,2025-10-18,+917931148689,"298, Park Avenue, Ahmedabad",f58183e0e507c780,26537.36
ACC_02940,2022-04-20,+917100929982,"393, Gandhi Nagar, Bangalore",a74bdeb42f9fddc6,6335.08
ACC_02941,2023-11-02,+918462903226,"349, Hill Road, Jaipur",998d3c0c213e4230,4220.65
ACC_02942,2024-05-10,+919599596283,"33, Gandhi Nagar, Hyderabad",2b7c37ccc52e827d,8243.54
ACC_02943,2023-04-21,+917930292627,"9, Ring Road, Kolkata",dcfca6ab2f0a6efd,107472.3
ACC_02944,2025-12-05,+919638392897,"16, Hill Road, Ahmedabad",5742a144b417b28f,7829.13
ACC_02945,2024-06-04,+918810181254,"52, Gandhi Nagar, Jaipur",aeaac926d92ad45f,2781.25
ACC_02946,2025-02-20,+917085906650,"123, Ring Road, Delhi",8021e91bfc2ca246,109166.92
ACC_02947,2026-03-03,+917741894225,"326, Hill Road, Kolkata",7b1bc9f9181e2f1c,102766.02
ACC_02948,2017-09-16,+918035012762,"117, Hill Road, Ahmedabad",3b09bc85a2d84046,8107.99
ACC_02949,2026-01-27,+917739028366,"225, Hill Road, Chennai",6b0a1eb8aa06ae92,25515.05
ACC_02950,2025-01-01,+917726229460,"310, Civil Lines, Pune",a29feefe6f778b6f,139914.15
ACC_02951,2024-11-06,+917761733685,"346, Market Street, Mumbai",722b976d72681ed6,8557.7
ACC_02952,2024-08-15,+919932352433,"146, Lake View, Ahmedabad",ced82aa9f7740aec,56410.46
ACC_02953,2026-01-28,+919426326316,"450, Hill Road, Chennai",0f0f057e913ef8a6,1748.52
ACC_02954,2024-05-05,+917758491099,"414, Hill Road, Lucknow",ea6e06c6a535f59a,3235.04
ACC_02955,2026-03-29,+918112965933,"194, Gandhi Nagar, Kolkata",63a549300d6ecaa1,9142.29
ACC_02956,2025-10-18,+918798034309,"57, Station Road, Mumbai",19509fc2715e6783,54487.26
ACC_02957,2024-03-20,+918066935413,"442, Nehru Street, Delhi",14f094b5b08f0cdb,46002.92
ACC_02958,2021-11-13,+918898542752,"159, Park Avenue, Bangalore",13facea3f3c0f5cb,4754.48
ACC_02959,2026-03-09,+917386545089,"281, Ring Road, Lucknow",c6949f7af23727ef,11734.48
ACC_02960,2024-08-28,+918344315568,"27, MG Road, Mumbai",ac5847bcde5b6de6,1516.21
ACC_02961,2025-04-16,+918501373326,"439, Market Street, Ahmedabad",040a4e82b2be0bee,1806.32
ACC_02962,2022-07-11,+919872879473,"482, Civil Lines, Bangalore",210fc3bee9e23479,3285.82
ACC_02963,2018-11-02,+917707450334,"49, Gandhi Nagar, Chennai",17ca46d071a85ca1,22350.27
ACC_02964,2024-07-27,+919388204293,"14, Market Street, Lucknow",b8096253754de1e2,206881.17
ACC_02965,2025-07-19,+917782564423,"169, Station Road, Mumbai",46e96b0197e3b863,21640.1
ACC_02966,2023-11-27,+917410015327,"183, Lake View, Jaipur",0f6ef2facb7e53f6,15727.01
ACC_02967,2017-02-22,+919675572800,"10, Station Road, Kolkata",1d17c0b7ca79e46f,6403.49
ACC_02968,2023-02-20,+919619404752,"352, Station Road, Jaipur",a746d51fc621ba72,1891.95
ACC_02969,2026-03-16,+918599063716,"261, MG Road, Mumbai",93d3a546a66863b5,16975.19
ACC_02970,2026-03-15,+918169446567,"50, Ring Road, Bangalore",3527b6e5ea38e21a,39984.59
ACC_02971,2026-01-28,+919415719275,"483, Ring Road, Jaipur",1da61f737b0d738e,197293.11
ACC_02972,2025-07-01,+919347523346,"2, Gandhi Nagar, Pune",8f1d50038add2a0f,1099.36
ACC_02973,2023-07-30,+919202340105,"62, Nehru Street, Chennai",e81ab648133d18e8,11857.63
ACC_02974,2023-08-07,+917163921286,"313, Nehru Street, Mumbai",0cc1b56862a4c475,
ACC_02975,2023-11-14,+918091333696,"450, Ring Road, Lucknow",48f56e22619099c6,14990.65
ACC_02976,2025-09-03,+919393009679,"162, Lake View, Kolkata",20ea4a70096c1920,691.61
ACC_02977,2025-03-25,+917761133293,"183, MG Road, Kolkata",f49fac4ac1925992,73975.3
ACC_02978,2025-09-11,+918554180264,"441, Park Avenue, Chennai",0beaa8b8b991f807,15399.58
ACC_02979,2025-06-13,+919203895101,"321, Hill Road, Ahmedabad",287cda6d8b883635,123930.67
ACC_02980,2024-11-06,+918642676836,"160, Nehru Street, Lucknow",462b410a3177900d,12877.69
ACC_02981,2025-04-08,+918818520064,"408, Station Road, Ahmedabad",b93f2fd5d069129b,5657.23
ACC_02982,2025-11-12,+919435553661,"119, Park Avenue, Delhi",acfb3143ebf6be4e,47472.62
ACC_02983,2024-04-16,+917575144821,"296, Park Avenue, Mumbai",3678828c48a4bb88,8922.6
ACC_02984,2026-03-29,+918429515395,"66, Civil Lines, Chennai",1d2304c61d4592eb,4165.86
ACC_02985,2024-11-09,+917982567735,"153, Nehru Street, Jaipur",ad712f4865d8b564,20477.65
ACC_02986,2025-03-02,+919188641399,"483, MG Road, Mumbai",cdd0fab2c7e60cbb,513078.57
ACC_02987,2022-06-16,+917865200089,"320, Lake View, Chennai",f24aefa8e2ce4361,43535.0
ACC_02988,2023-10-23,+917955463339,"350, Station Road, Bangalore",9db2f7dd3b30c544,22719.44
ACC_02989,2023-07-04,+919591682904,"59, Gandhi Nagar, Chennai",af12ca741c9c1fef,9759.6
ACC_02990,2024-10-20,+918359211987,"194, Gandhi Nagar, Jaipur",1722ec08a5beea53,10597.37
ACC_02991,2025-12-08,+918961264916,"69, Lake View, Chennai",53a8975f6d43bde2,66486.48
ACC_02992,2025-03-16,+918559968599,"165, Civil Lines, Bangalore",7a82cb8645434a85,13114.15
ACC_02993,2024-06-02,+919877685165,"9, Hill Road, Delhi",320ea645d01582b2,317717.47
ACC_02994,2023-08-28,+917599383485,"435, Hill Road, Kolkata",065e4f59940c8fe3,15168.31
ACC_02995,2025-10-08,+918533538335,"255, Nehru Street, Chennai",7c1d46c2a9a57d04,500.0
ACC_02996,2025-03-29,+919855755949,"217, Civil Lines, Kolkata",0cd0fba3d6fbd5af,15241.38
ACC_02997,2024-01-18,+919885874974,"69, Gandhi Nagar, Hyderabad",1e9b3bb23d30e712,17248.24
ACC_02998,2024-12-24,+917692056584,"473, Market Street, Mumbai",e3379eca22aed3ff,23740.46
ACC_02999,2022-09-16,+917424887893,"79, Hill Road, Jaipur",ae5f805ddc01f2a8,17409.61
ACC_03000,2022-11-03,+917399309122,"344, Lake View, Hyderabad",d715fd53cdf18c6d,16422.98
ACC_03001,2025-03-09,+919871194534,"63, Market Street, Ahmedabad",085097261f65b034,209469.46
ACC_03002,2025-02-05,+917678160126,"82, Nehru Street, Chennai",9f765ba988267ce8,459275.81
ACC_03003,2024-09-19,+918279014012,"459, Park Avenue, Bangalore",ada7203aa208b48e,118808.08
ACC_03004,2025-03-03,+919090230029,"409, Lake View, Kolkata",fe5c15496249b567,860748.96
ACC_03005,2022-04-10,+918700351048,"38, MG Road, Lucknow",9e40434f11a607b3,136814.82
ACC_03006,2024-02-25,+917628396625,"318, Hill Road, Kolkata",11cc2e8da2905e6d,27474.71
ACC_03007,2026-01-16,+919650026002,"201, Market Street, Kolkata",d46e9c4bd7a0df6f,8400.64
ACC_03008,2025-05-15,+917345089357,"363, Ring Road, Delhi",d5400c7aeb820acd,193693.94
ACC_03009,2025-08-03,+917742569427,"319, Station Road, Ahmedabad",96d00556b0abf634,41221.48
ACC_03010,2026-03-29,+919411260317,"333, Ring Road, Lucknow",08c096745c7bc8c4,39933.0
ACC_03011,2025-08-25,+917621116455,"314, Park Avenue, Lucknow",3eb85d5155bf0bfa,153123.07
ACC_03012,2026-01-03,+918543058039,"296, Gandhi Nagar, Ahmedabad",09c7b2fba1defa6a,28865.59
ACC_03013,2018-06-14,+919141153951,"135, Lake View, Ahmedabad",c00edc65acb46c32,3332.53
ACC_03014,2024-03-31,+918943218242,"452, Ring Road, Chennai",13050a22080d7799,30887.75
ACC_03015,2023-05-17,+919849791993,"5, Nehru Street, Lucknow",93cc67cf2c94d343,12685.71
ACC_03016,2023-10-26,+918391898490,"245, MG Road, Delhi",ede3f485b5e461e8,6017.83
ACC_03017,2025-02-03,+919382553751,"373, Market Street, Delhi",55bceb4947a6046f,63616.96
ACC_03018,2024-03-23,+919546593423,"246, Hill Road, Mumbai",ab402fbab54c13b6,424777.56
ACC_03019,2026-01-06,+919281665550,"245, Station Road, Pune",b61170b5dc27d60d,10752.62
ACC_03020,2025-10-04,+917531216058,"62, Hill Road, Mumbai",6a7e15f1fcbc7c69,5926.28
ACC_03021,2025-04-04,+917315249063,"284, MG Road, Bangalore",f445b8f0f6affdaf,32518.87
ACC_03022,2025-01-16,+919639435187,"159, Ring Road, Mumbai",3c4dcea53f0defc6,122727.67
ACC_03023,2025-12-01,+918525263841,"4, Hill Road, Delhi",d1c0be1328967439,728.08
ACC_03024,2025-04-27,+918277284969,"197, MG Road, Chennai",a900bb38fa473586,1289.29
ACC_03025,2023-12-14,+919344671584,"244, Lake View, Ahmedabad",597866893bec9b6d,21378.17
ACC_03026,2024-08-17,+917851976577,"106, Market Street, Ahmedabad",026444922365244b,131067.68
ACC_03027,2026-03-28,+917503512208,"485, MG Road, Hyderabad",be74ba29745b1d6d,3268.68
ACC_03028,2021-03-13,+919845300419,"179, Station Road, Hyderabad",230e9a09f4643ec5,4008.85
ACC_03029,2025-04-08,+917449929442,"299, Park Avenue, Hyderabad",ad8f09f1bc0ad980,9011.75
ACC_03030,2026-01-06,+918799264876,"207, Gandhi Nagar, Mumbai",49124df1b9769ad8,7464.43
ACC_03031,2022-01-15,+918734633163,"344, Ring Road, Hyderabad",6e97f3892aa7f0c3,112294.55
ACC_03032,2025-03-10,+917496954127,"484, MG Road, Pune",e52fc028c407b8da,10848.28
ACC_03033,2025-12-08,+919481455023,"231, Hill Road, Pune",d9b4d9bfc1b8866f,87665.34
ACC_03034,2023-12-26,+918276836362,"104, Station Road, Ahmedabad",34ff6b22da2958b8,30157.46
ACC_03035,2026-03-29,+917507150654,"488, Market Street, Lucknow",e88530ee15599f49,14786.6
ACC_03036,2024-02-23,+918905046181,"348, Market Street, Chennai",bc36d1fd5ed89d03,105592.75
ACC_03037,2025-04-18,+917306992101,"488, Nehru Street, Delhi",7fae2602ba4c77c8,8637.16
ACC_03038,2025-05-19,+917288390133,"217, Station Road, Delhi",58abe06abaad00c0,22589.36
ACC_03039,2022-02-23,+919467521214,"338, Station Road, Pune",bc3c7e200d3dfcd6,32646.2
ACC_03040,2024-10-04,+918037985624,"358, Market Street, Kolkata",5360892ffc9616a7,49714.56
ACC_03041,2021-10-26,+918828684305,"457, Ring Road, Mumbai",216cdbeb17655abb,1040.41
ACC_03042,2024-01-04,+917622273675,"115, Gandhi Nagar, Delhi",9294bcbdc58c5275,7446.3
ACC_03043,2025-08-06,+918830750525,"323, Market Street, Chennai",6bced77d1c6cc70a,228845.32
ACC_03044,2025-09-09,+918290977491,"341, Hill Road, Mumbai",d2e62caab53155db,69585.28
ACC_03045,2025-10-08,+917489597564,"7, Lake View, Hyderabad",51b8b25c0f3723fd,13955.8
ACC_03046,2024-01-16,+918414493548,"441, Ring Road, Chennai",dadd17cb17976679,13603.73
ACC_03047,2026-02-17,+919341149102,"446, Nehru Street, Pune",d7a834cf0218bc36,41689.04
ACC_03048,2024-01-10,+917811141431,"489, MG Road, Chennai",0e5144b3a8b4d60a,44364.47
ACC_03049,2025-10-26,+919751511420,"127, Civil Lines, Bangalore",f820ecf1469daa24,13140.14
ACC_03050,2025-09-12,+917508168994,"439, Park Avenue, Mumbai",c9477f95450d4f9c,9942.57
ACC_03051,2022-12-03,+917563834972,"457, Nehru Street, Kolkata",c38c5d5d6050ceb2,98580.26
ACC_03052,2025-12-29,+917980622862,"482, Hill Road, Lucknow",e7ce3e45e4562663,23373.15
ACC_03053,2023-10-11,+918070979561,"320, Station Road, Pune",622997affa11492c,5628.8
ACC_03054,2023-03-08,+919124765297,"42, Park Avenue, Mumbai",75ca1455d32606ab,4890.65
ACC_03055,2023-03-13,+918794326593,"362, Ring Road, Lucknow",c95989c9ec6297c0,30980.93
ACC_03056,2026-02-05,+917055925333,"490, Park Avenue, Delhi",38518514d1c0a2a2,13393.28
ACC_03057,2024-08-07,+918240730513,"489, Nehru Street, Delhi",6a9469f80294d504,17908.71
ACC_03058,2024-08-03,+919540656792,"475, Hill Road, Lucknow",c7ee0507db03db9b,41972.07
ACC_03059,2025-11-27,+917863810815,"368, Market Street, Ahmedabad",7d8b7801b53424ec,63031.06
ACC_03060,2024-01-09,+918782557203,"277, MG Road, Bangalore",e36705f249104a71,
ACC_03061,2025-12-22,+918106358304,"411, Ring Road, Delhi",30ec2552c029c027,16857.9
ACC_03062,2018-07-25,+918500545665,"362, Gandhi Nagar, Mumbai",fab2d469c4f2244d,1418.34
ACC_03063,2024-04-20,+918634319899,"28, Hill Road, Jaipur",7f4757e79cbaedd5,3369.09
ACC_03064,2024-12-02,+918092887851,"159, Station Road, Pune",4ee828569afad865,59345.62
ACC_03065,2024-01-27,+919951009094,"467, Nehru Street, Mumbai",0a59655e587789d7,25459.17
ACC_03066,2024-01-14,+918032206237,"465, Hill Road, Chennai",0ab637dc036dcc96,15846.93
ACC_03067,2026-01-15,+917791163992,"353, Civil Lines, Mumbai",78b556feb69c6ce2,301037.96
ACC_03068,2024-01-23,+918241992488,"86, Hill Road, Bangalore",a7abdd6938a6cdce,98770.52
ACC_03069,2026-02-11,+917944016316,"53, Lake View, Mumbai",d67851a81380c0d3,964624.56
ACC_03070,2024-08-30,+917628252465,"133, Nehru Street, Delhi",7516f887b9940a30,3025.71
ACC_03071,2026-02-27,+919008976007,"327, Gandhi Nagar, Delhi",208f1e2f551b5b5c,674758.76
ACC_03072,2023-12-06,+918593990876,"60, Nehru Street, Kolkata",a746d964e1a906d1,55477.42
ACC_03073,2025-06-14,+918656446404,"74, MG Road, Bangalore",11793940563a433a,12773.49
ACC_03074,2023-06-05,+917184372304,"412, Civil Lines, Pune",73f1e9d6ad008681,14237.91
ACC_03075,2020-03-20,+919662168469,"465, Ring Road, Delhi",6ca3561d3c907951,6465.85
ACC_03076,2025-09-05,+918834760195,"278, Station Road, Chennai",b00117b6b0ca9029,12567.61
ACC_03077,2025-03-25,+918509768375,"425, MG Road, Jaipur",ee3d67ca1b7d2b31,10484.41
ACC_03078,2025-08-03,+917253637555,"330, MG Road, Mumbai",138b7174bbe74190,52111.2
ACC_03079,2024-04-21,+917981506919,"275, Market Street, Jaipur",6be2cfbac624528e,37393.23
ACC_03080,2025-01-25,+919656276808,"268, Ring Road, Chennai",66478e8ddd6fb123,13824.31
ACC_03081,2025-04-23,+919435575716,"218, Hill Road, Jaipur",72e1668f5efe7906,55000.68
ACC_03082,2025-10-21,+919994957377,"473, Civil Lines, Delhi",413451248e0eca6a,217493.89
ACC_03083,2025-01-01,+917070663383,"304, MG Road, Ahmedabad",42627b343a09669a,2528.67
ACC_03084,2024-03-28,+919765183987,"440, Nehru Street, Delhi",2474ebd0c3a4d6ec,12219.65
ACC_03085,2024-12-23,+918532043781,"460, Park Avenue, Ahmedabad",13e45481cdd738ae,56396.41
ACC_03086,2023-06-18,+919905312930,"157, Hill Road, Bangalore",31f28655b8ff7c30,85477.39
ACC_03087,2026-03-29,+917639643301,"57, MG Road, Bangalore",b0ff4b2c843043a7,26404.98
ACC_03088,2023-11-23,+917878210124,"471, Lake View, Chennai",a506017e22ba08cd,1386.44
ACC_03089,2024-12-30,+918074999484,"469, Ring Road, Ahmedabad",0d47dde60a046543,8609.3
ACC_03090,2023-04-25,+919808310138,"429, Market Street, Chennai",e63176b30fb8ead0,108313.58
ACC_03091,2022-09-25,+917400201130,"77, Ring Road, Ahmedabad",4cb8a7889ecc0813,76684.99
ACC_03092,2022-04-02,+917805823479,"317, Hill Road, Jaipur",dea78bc9fffb4354,1743.52
ACC_03093,2026-03-29,+919107696524,"267, Ring Road, Mumbai",7c011b28104436a0,25869.3
ACC_03094,2020-10-20,+917839801104,"380, Market Street, Kolkata",819ccb9867828914,6326.58
ACC_03095,2022-03-01,+917384965850,"431, Market Street, Ahmedabad",8570cf5f55547598,32605.5
ACC_03096,2024-11-18,+918066166436,"143, Lake View, Chennai",5262986a326a5b74,417186.27
ACC_03097,2022-10-20,+918951213142,"329, Market Street, Kolkata",ba6d200d74a161cb,1520.0
ACC_03098,2023-09-01,+919538992398,"420, Lake View, Mumbai",7d40a4dc4db2c40f,10360.95
ACC_03099,2021-05-03,+919129261325,"136, Park Avenue, Pune",d53b5b75261afc1b,45183.88
ACC_03100,2024-07-05,+918639753857,"395, Ring Road, Hyderabad",835a78a3b4f42cf5,54940.62
ACC_03101,2025-07-17,+919041028390,"145, Ring Road, Jaipur",17a71b5651b323cd,72540.09
ACC_03102,2025-05-11,+917433723660,"64, Nehru Street, Jaipur",5d107f1cf002c907,5757.3
ACC_03103,2023-08-07,+918612855800,"340, Gandhi Nagar, Bangalore",409658e6d5548b2e,15249.15
ACC_03104,2025-12-26,+917593210545,"17, Gandhi Nagar, Jaipur",b5348fe666b8bf33,77848.17
ACC_03105,2024-11-19,+919044275637,"113, Station Road, Pune",da41769eefee337d,6385.67
ACC_03106,2026-01-22,+919015887548,"334, MG Road, Jaipur",add2467adbfe252e,376668.64
ACC_03107,2025-01-07,+918717824786,"273, Park Avenue, Pune",d3a3c13d267b6e3b,27495.84
ACC_03108,2026-02-26,+919659125139,"340, Nehru Street, Mumbai",cefb37a62cd77af9,9487.54
ACC_03109,2025-09-16,+919419028146,"362, Lake View, Lucknow",7aa6b2f33096982f,37962.61
ACC_03110,2016-09-27,+917293876573,"69, Nehru Street, Ahmedabad",53626c574aa393e9,36819.65
ACC_03111,2025-04-30,+919440655922,"375, Nehru Street, Mumbai",2c5335e3389762a1,976.42
ACC_03112,2022-08-01,+919264249330,"367, Ring Road, Mumbai",9d2f2f26fbfcb4aa,164579.8
ACC_03113,2025-01-21,+919670616066,"200, Lake View, Pune",539dc37c343f3893,25645.75
ACC_03114,2023-08-11,+918622500880,"159, Civil Lines, Hyderabad",e2f2a2616aea182b,43849.99
ACC_03115,2025-06-18,+918113764817,"217, Market Street, Kolkata",d9d8e7f5308093c6,90167.89
ACC_03116,2024-12-14,+918788685239,"25, Nehru Street, Lucknow",fa94ea25ef3e1e58,4655.71
ACC_03117,2019-09-28,+919291427115,"59, Hill Road, Lucknow",f608ab05bc1ee6f1,119616.27
ACC_03118,2024-04-09,+919221773846,"75, Civil Lines, Jaipur",29b409e38e8da10b,500.0
ACC_03119,2022-01-19,+918079415179,"256, Gandhi Nagar, Delhi",d167f15bd783fcc0,8536.17
ACC_03120,2026-01-20,+918393263178,"133, Market Street, Lucknow",7406834428808ea3,11287.22
ACC_03121,2022-10-10,+919967063693,"139, Hill Road, Kolkata",a86994e45b14f4b8,87424.61
ACC_03122,2023-02-24,+919705059550,"86, Ring Road, Hyderabad",6fac3d5031389501,48676.54
ACC_03123,2024-09-18,+918509544740,"47, Ring Road, Hyderabad",b1f9d417286849a1,82628.96
ACC_03124,2025-06-28,+918779577359,"287, Nehru Street, Chennai",dc9dd0ef10f605de,157173.77
ACC_03125,2020-03-19,+918230722022,"141, Ring Road, Delhi",33ee567b3992071f,21373.59
ACC_03126,2021-06-02,+917699493707,"473, Gandhi Nagar, Lucknow",24e92057ae5ca115,2339.77
ACC_03127,2025-03-13,+917601469276,"77, Ring Road, Pune",6418b9336563b52c,88935.54
ACC_03128,2024-07-16,+918212071558,"367, Lake View, Kolkata",cb86bdf06f0cbb2e,36016.8
ACC_03129,2025-09-04,+918976980113,"1, Nehru Street, Bangalore",ffcdb87aa38be228,68907.35
ACC_03130,2024-11-06,+918326595988,"219, Nehru Street, Hyderabad",714532b8c2e229ba,51661.87
ACC_03131,2024-09-03,+917328735968,"330, Market Street, Hyderabad",4ff2f50c926e1655,5633.78
ACC_03132,2023-06-08,+919822161794,"391, Civil Lines, Kolkata",6e8b8c7ede6cb8f7,28860.41
ACC_03133,2025-11-28,+918049341616,"330, MG Road, Ahmedabad",0aaa2de4ab6fde80,77010.67
ACC_03134,2022-09-15,+918202241655,"130, Ring Road, Jaipur",b243752572ddcc33,29289.39
ACC_03135,2022-07-15,+917146916184,"176, Hill Road, Ahmedabad",31f6e258ce079a1d,49547.32
ACC_03136,2023-05-11,+919079544106,"27, Station Road, Jaipur",7c985be308432a5f,10465.74
ACC_03137,2025-04-30,+919086624395,"245, Hill Road, Bangalore",8fe76ad619d20505,65926.19
ACC_03138,2026-03-29,+917290907351,"477, Hill Road, Bangalore",cc42c291f8af5819,9312.07
ACC_03139,2025-07-17,+918062718747,"172, Gandhi Nagar, Jaipur",0d645a04794a5d68,4921.58
ACC_03140,2023-01-18,+917276535548,"142, Gandhi Nagar, Kolkata",3f9142ab2e5904f8,37445.69
ACC_03141,2024-05-13,+919007622394,"122, Hill Road, Chennai",49f134e036ab97f4,42159.91
ACC_03142,2022-08-23,+917045062018,"157, Gandhi Nagar, Pune",ba18993e772a160c,9641.51
ACC_03143,2024-07-17,+919266515038,"36, Hill Road, Jaipur",43e317df6757cdb5,25876.05
ACC_03144,2026-03-07,+919087102164,"293, Station Road, Bangalore",42616975e88bc49e,83098.4
ACC_03145,2025-01-25,+917915021855,"344, Civil Lines, Kolkata",f0996099512ced2c,5213.01
ACC_03146,2025-12-24,+917710811391,"412, MG Road, Pune",a8ee3c89edf0a4f1,11199.67
ACC_03147,2025-06-11,+919173416197,"450, Gandhi Nagar, Kolkata",6cc4b41d09408353,9578.55
ACC_03148,2022-04-06,+918109813130,"202, Hill Road, Kolkata",05a01ef3709b9cac,4520.25
ACC_03149,2024-04-09,+917752825893,"196, Gandhi Nagar, Chennai",b7c319a2a39b9fe6,13192.83
ACC_03150,2023-12-07,+918847932478,"109, Lake View, Delhi",add42ee1461e980e,80398.18
ACC_03151,2026-01-04,+917576286314,"340, Nehru Street, Delhi",7e4d2c7eca853f8e,143574.91
ACC_03152,2025-03-23,+917277488721,"376, Ring Road, Jaipur",176f36baf251d27a,11225.01
ACC_03153,2019-05-24,+917033623874,"207, Lake View, Kolkata",b3ce5b1863f6b2a2,
ACC_03154,2023-01-07,+919255902531,"79, Nehru Street, Lucknow",cc1fffb261fdaea6,37395.69
ACC_03155,2018-05-04,+918180653242,"299, Gandhi Nagar, Pune",f6863b4ba4f1f6e6,17966.08
ACC_03156,2023-11-12,+918202904905,"160, Ring Road, Chennai",4cfa13616147d990,4077.29
ACC_03157,2024-04-01,+918243837646,"241, Gandhi Nagar, Bangalore",d2c6ac44b92a4f50,6851.33
ACC_03158,2025-10-27,+919685408667,"491, Hill Road, Jaipur",40527d5347312d62,116032.01
ACC_03159,2023-09-20,+917395270047,"370, Nehru Street, Delhi",e44e515e42da4a58,8844.17
ACC_03160,2024-11-05,+919283334405,"404, Station Road, Jaipur",00e66ae0e3eceff9,30995.16
ACC_03161,2025-02-13,+917894951548,"255, Lake View, Lucknow",1aadfe58b85c9261,177424.24
ACC_03162,2025-05-23,+917918641902,"17, Nehru Street, Lucknow",3bc29db7cff5a17b,14043.13
ACC_03163,2025-11-18,+917794977291,"261, Station Road, Mumbai",80a2f2cb39e30a48,3177.65
ACC_03164,2024-08-08,+919129191899,"341, Market Street, Delhi",a0ef9c06474ae098,9473.21
ACC_03165,2026-02-17,+918647848796,"380, Park Avenue, Hyderabad",0e608dd78cef2450,80958.62
ACC_03166,2025-10-03,+917462885774,"37, Gandhi Nagar, Hyderabad",856f953f7ccf894f,
ACC_03167,2025-05-23,+919100478247,"405, Hill Road, Pune",246a87cb573afb28,571.84
ACC_03168,2025-01-21,+917209886232,"273, Nehru Street, Jaipur",d7a5fb0cbb403ef7,153256.1
ACC_03169,2024-09-04,+917043889818,"177, Civil Lines, Hyderabad",73a13c629dc44e43,24370.86
ACC_03170,2026-02-08,+918509717976,"473, Station Road, Hyderabad",d9de0425ca5d8c08,87080.67
ACC_03171,2026-02-27,+918317266410,"300, Hill Road, Bangalore",6a35ae00526863ee,6810.59
ACC_03172,2023-12-24,+919188753207,"449, Nehru Street, Delhi",fa6e292165c4f308,19347.06
ACC_03173,2025-11-18,+917756887479,"221, Civil Lines, Ahmedabad",d2df02ec73878a18,14182.77
ACC_03174,2025-08-07,+919286917443,"497, Park Avenue, Pune",74bf182710b4a410,29887.13
ACC_03175,2025-01-20,+917038406838,"482, MG Road, Lucknow",2c46bf358b2b980f,25321.53
ACC_03176,2021-12-01,+918135086565,"117, Station Road, Pune",4ed617ee0ff36259,7550.05
ACC_03177,2024-08-27,+917602627665,"334, MG Road, Chennai",6fb508f95c740e11,6049.93
ACC_03178,2025-09-14,+918215233217,"65, Market Street, Chennai",56996f1b14464fe3,4574.56
ACC_03179,2024-02-26,+918339158415,"175, Hill Road, Chennai",ad307f1d04ad6c09,2919.72
ACC_03180,2024-06-13,+919381680971,"262, Civil Lines, Delhi",4d9045a62eeda80c,477742.63
ACC_03181,2023-12-23,+918516790658,"124, Park Avenue, Jaipur",f69e79f3a5869663,41411.42
ACC_03182,2025-10-20,+917857788779,"135, Gandhi Nagar, Ahmedabad",1beb88b1b7c393eb,45250.33
ACC_03183,2025-11-30,+919628465582,"481, Station Road, Kolkata",097fde0d13b8b86f,57999.28
ACC_03184,2024-07-18,+917383075222,"92, Hill Road, Hyderabad",77e760db7b9b9ea6,5399.8
ACC_03185,2024-11-17,+919976721110,"313, Hill Road, Bangalore",cda2d82751aeda8e,98279.8
ACC_03186,2024-10-30,+917843072323,"446, MG Road, Pune",ef90e6437216b26d,
ACC_03187,2024-12-24,+917888067896,"458, Hill Road, Pune",82eee71833239db9,21874.86
ACC_03188,2024-12-03,+919968460470,"66, Hill Road, Jaipur",6ed957346c700383,37972.18
ACC_03189,2024-03-24,+917296655260,"119, Hill Road, Bangalore",6306bdd2ee05cbb2,41483.96
ACC_03190,2024-02-13,+919612009199,"451, Park Avenue, Pune",85bc6b1094e5405e,6845.37
ACC_03191,2026-03-24,+919428816135,"53, Gandhi Nagar, Lucknow",f970dee3c0761e84,2953.35
ACC_03192,2024-07-07,+919632399063,"396, Park Avenue, Mumbai",daeb8261f26ef7c4,64563.12
ACC_03193,2023-05-19,+919660948364,"223, Civil Lines, Bangalore",993af93e05577bb9,7131.66
ACC_03194,2026-02-12,+919139574818,"279, Lake View, Jaipur",60407fe7b4cd54a7,13111.49
ACC_03195,2022-05-30,+917151311172,"243, MG Road, Ahmedabad",606dd1f2ebe3d0d5,34492.29
ACC_03196,2026-03-23,+919988382420,"472, MG Road, Chennai",b9efb30d1e819f8b,11795.22
ACC_03197,2019-05-02,+917478919843,"380, Park Avenue, Hyderabad",d6b8d30eddf6c915,1857.11
ACC_03198,2024-10-11,+917007042237,"22, Ring Road, Chennai",c435780f0e279643,17914.5
ACC_03199,2024-12-19,+917051777961,"226, Ring Road, Delhi",0e8340c0143b9c72,122007.33
ACC_03200,2024-09-24,+917037357370,"200, MG Road, Delhi",51f2bd3a81d092f8,11198.02
ACC_03201,2023-11-26,+919710560817,"238, Market Street, Delhi",1fc3b1fff7c5bb46,
ACC_03202,2022-03-19,+919932432580,"265, Market Street, Ahmedabad",c88d284423eec575,
ACC_03203,2025-09-09,+919289865819,"254, Lake View, Pune",b00a5906324c9251,5853.62
ACC_03204,2024-08-14,+917037699507,"386, MG Road, Pune",8d45fe84a41c965e,12461.26
ACC_03205,2026-03-09,+919920823878,"6, Ring Road, Lucknow",15b0f23705272429,45280.24
ACC_03206,2024-07-10,+917530890538,"277, MG Road, Ahmedabad",216854a85d2b9d58,87569.78
ACC_03207,2024-01-18,+917733038808,"363, Civil Lines, Mumbai",34a1ab51506336b7,10466.41
ACC_03208,2024-06-24,+919224448046,"109, Ring Road, Jaipur",e11719dce14d1569,7547.1
ACC_03209,2025-05-25,+919064624312,"247, Hill Road, Pune",33cffd896463d045,290579.75
ACC_03210,2025-11-03,+918361627725,"131, Nehru Street, Pune",4ee49f9236596a11,8638.63
ACC_03211,2026-03-29,+917070272205,"248, Nehru Street, Lucknow",bc46c16fdb76c9a1,3472.71
ACC_03212,2022-03-19,+919140099850,"18, Ring Road, Delhi",254f29ae08eb6271,12049.01
ACC_03213,2023-12-04,+918962832262,"245, Nehru Street, Ahmedabad",ffccee0cce0b61fe,8001.26
ACC_03214,2024-08-14,+918474019283,"56, Civil Lines, Delhi",a6d843093a81be83,22901.75
ACC_03215,2025-07-17,+917328563084,"430, Park Avenue, Jaipur",76b7e4df74dced4b,347616.26
ACC_03216,2021-07-20,+919342126554,"110, Park Avenue, Bangalore",e29a2f842684e6dd,67200.05
ACC_03217,2025-08-14,+919055910631,"323, Nehru Street, Mumbai",09bdcda18bf29ca2,10354.7
ACC_03218,2023-11-12,+918791234222,"395, Park Avenue, Mumbai",bf329309286282e0,161903.14
ACC_03219,2021-07-21,+919924149530,"488, MG Road, Chennai",375f7f90a2f1a3d9,63840.89
ACC_03220,2025-09-14,+918613148147,"27, MG Road, Ahmedabad",3f46ec6f75eb0892,198625.97
ACC_03221,2024-08-22,+918487162869,"407, Station Road, Bangalore",a8848854bf2b0fbe,15181.29
ACC_03222,2024-10-17,+919245324736,"460, Gandhi Nagar, Lucknow",890d5d637b9d76bd,
ACC_03223,2025-11-12,+919715104611,"177, Nehru Street, Delhi",5c48f6d30ec06559,4683.83
ACC_03224,2024-10-18,+918672329139,"51, MG Road, Mumbai",dbe858f2200d6f37,39324.33
ACC_03225,2026-03-29,+919657402021,"298, Park Avenue, Delhi",54ae551c754ebddd,6258.99
ACC_03226,2025-11-02,+917726738745,"282, Market Street, Delhi",1aa76601ba365378,2322.97
ACC_03227,2025-02-22,+917514872491,"331, Civil Lines, Lucknow",bf2395ec1d209066,4008.2
ACC_03228,2025-04-04,+919164495496,"36, Hill Road, Kolkata",2cacb21a120424ad,29024.95
ACC_03229,2024-01-15,+918431668502,"154, Park Avenue, Hyderabad",003573f6bb27d10c,99627.18
ACC_03230,2025-08-27,+918092553560,"424, MG Road, Hyderabad",7bd61e866c0a2cf0,6831.46
ACC_03231,2023-08-18,+917400616398,"23, Ring Road, Jaipur",ada536efed82047f,7358.78
ACC_03232,2025-09-28,+919088301363,"182, Lake View, Pune",2f23721be5ea1a66,1473.42
ACC_03233,2024-10-07,+919796720075,"176, Gandhi Nagar, Lucknow",9ed64d1219d0b006,22368.38
ACC_03234,2023-03-03,+917302052200,"72, Station Road, Kolkata",a1192d39c595ea76,500.0
ACC_03235,2019-01-27,+917674666910,"192, Station Road, Lucknow",d52dd17a47f2e6f9,17125.2
ACC_03236,2024-01-29,+917954438911,"255, Nehru Street, Jaipur",3852ec1536ef2e08,7724.77
ACC_03237,2025-01-23,+919940089401,"453, MG Road, Pune",b6ab6c3127339498,2846.19
ACC_03238,2022-08-12,+917337903728,"309, Gandhi Nagar, Hyderabad",eb0f65ec3b2ae570,330163.82
ACC_03239,2022-09-05,+917380959063,"383, Lake View, Chennai",0b085675c2b3e7fb,18702.97
ACC_03240,2023-07-09,+918645932683,"190, Park Avenue, Lucknow",007f2fb19dd1dea0,13004.87
ACC_03241,2025-01-09,+919962689995,"391, Ring Road, Bangalore",94aa1e6d2f1fbd5b,12244.62
ACC_03242,2023-04-25,+917904430434,"1, Hill Road, Delhi",777f4bc24f916121,15956.13
ACC_03243,2019-06-25,+919269978589,"370, MG Road, Chennai",c8ae71ce82dc6b8a,12362.48
ACC_03244,2025-10-13,+917784905875,"347, Gandhi Nagar, Kolkata",53e9bf80a89fc2af,25812.81
ACC_03245,2025-09-10,+917801374614,"127, Station Road, Chennai",f1cfef201a0958b8,13946.51
ACC_03246,2024-11-05,+919335883882,"16, Park Avenue, Chennai",8131b8426fe3351d,2604.28
ACC_03247,2024-01-28,+918370146075,"497, Gandhi Nagar, Pune",cceda6112fb165c7,197322.83
ACC_03248,2026-02-12,+919937384790,"163, Ring Road, Ahmedabad",8dcd0c34de0415de,15025.81
ACC_03249,2026-03-29,+917897700667,"195, Civil Lines, Kolkata",18c076e923f4a4cd,80621.28
ACC_03250,2024-03-27,+919318316032,"291, Lake View, Chennai",de8a280177d5b153,28522.94
ACC_03251,2025-09-18,+917597026600,"123, Civil Lines, Mumbai",b8bd79f02590be38,24064.56
ACC_03252,2025-12-11,+919653083571,"174, MG Road, Hyderabad",5db2848db20ddcc5,
ACC_03253,2021-03-22,+917316319443,"443, Hill Road, Kolkata",0fbf1bfec8f4ecc9,1490.4
ACC_03254,2026-03-22,+917697569281,"67, Park Avenue, Hyderabad",14a75757905237c8,147236.71
ACC_03255,2025-05-23,+919192419490,"369, Nehru Street, Delhi",82cffd859040c2c6,3099.12
ACC_03256,2024-10-06,+918360035498,"70, Park Avenue, Chennai",f0b8a3928b5bcd3b,15554.88
ACC_03257,2024-08-09,+917126123658,"240, Lake View, Chennai",5c74727543757349,61621.51
ACC_03258,2024-03-21,+917703895854,"403, Lake View, Bangalore",559feb1b7c91146d,164058.96
ACC_03259,2018-08-05,+918217295332,"301, Nehru Street, Pune",69d585cfe1b9be2f,6578.85
ACC_03260,2024-12-12,+919552042945,"134, Park Avenue, Delhi",680c3182485f71d1,31567.65
ACC_03261,2024-01-12,+917714159265,"485, Market Street, Kolkata",f58d56d876305e5e,47730.68
ACC_03262,2025-05-19,+918691229022,"50, Ring Road, Ahmedabad",1e2f0713a2cd75af,116999.07
ACC_03263,2025-10-21,+919026658302,"442, Nehru Street, Jaipur",3b331b6b73562105,1670.47
ACC_03264,2024-07-16,+918871524264,"168, MG Road, Bangalore",2c484da69e84136e,7875.75
ACC_03265,2025-09-27,+918279984255,"28, Lake View, Pune",25d41957c104d658,81573.65
ACC_03266,2024-12-07,+919105694590,"446, Hill Road, Jaipur",a54c22de668e17f0,7036.31
ACC_03267,2025-08-25,+919249566511,"396, Park Avenue, Delhi",f4b25e923ea4868b,1632349.13
ACC_03268,2026-03-07,+918375472401,"288, MG Road, Delhi",8a4cdc9ccdfd177e,424975.13
ACC_03269,2022-08-08,+918582992265,"28, Nehru Street, Mumbai",bf18f4f9da839824,12022.07
ACC_03270,2026-02-11,+917332630140,"63, Gandhi Nagar, Chennai",4849dbd649fa19da,99882.89
ACC_03271,2021-08-14,+918438645861,"312, Ring Road, Mumbai",ae5e872a7b669d0d,16032.29
ACC_03272,2025-01-12,+917689714886,"459, Nehru Street, Bangalore",07f008a52c120790,30439.18
ACC_03273,2025-06-23,+917631898296,"238, Ring Road, Pune",05464a31c8f85e5a,4240.02
ACC_03274,2019-02-14,+917473694609,"312, Market Street, Mumbai",33adc6100e7ad6de,103562.51
ACC_03275,2025-06-30,+917439410578,"380, Hill Road, Jaipur",fd15d5bb2e6d3c78,67596.28
ACC_03276,2025-03-04,+917201381344,"313, Market Street, Bangalore",28f2782563eb378b,53714.46
ACC_03277,2023-03-03,+917944131878,"55, Lake View, Chennai",4b9a5285258a3c69,8000.26
ACC_03278,2025-03-26,+918077646800,"231, Lake View, Jaipur",3612dae7a574d422,46307.39
ACC_03279,2022-07-21,+917485361597,"270, Hill Road, Hyderabad",542a357391347f9b,69651.35
ACC_03280,2024-07-15,+918068683742,"94, Lake View, Lucknow",5609a18e7b020a95,16428.89
ACC_03281,2025-03-15,+917957028373,"439, Park Avenue, Jaipur",35bc66bf1664fc90,4286.0
ACC_03282,2024-12-30,+919354837817,"335, Market Street, Ahmedabad",13187d737bd23c9a,2428.4
ACC_03283,2024-02-17,+918385678232,"296, Nehru Street, Pune",039fe0ea043f88fd,1633.17
ACC_03284,2024-01-17,+917900750350,"458, Lake View, Lucknow",29bc30c977ea1d64,118041.31
ACC_03285,2025-12-06,+918568569723,"23, Nehru Street, Pune",2836466670fc90a8,5604.54
ACC_03286,2024-01-03,+917673426801,"49, Gandhi Nagar, Pune",8aef90ebc4d08c99,944.96
ACC_03287,2024-07-30,+917186551469,"178, Ring Road, Bangalore",ef99e4fa8b7f0707,10000000.0
ACC_03288,2025-08-27,+917064570566,"61, Nehru Street, Mumbai",58d2d3a6e8867174,1165.59
ACC_03289,2023-03-27,+919406241969,"151, Ring Road, Mumbai",337ab6ffaa783954,66517.29
ACC_03290,2025-04-11,+918027302614,"267, Hill Road, Lucknow",fd70654f0e213ac3,35821.54
ACC_03291,2024-02-10,+917840710099,"44, Ring Road, Hyderabad",1444e8de0f4d3574,4786.62
ACC_03292,2024-01-13,+919863270484,"319, Park Avenue, Hyderabad",c75d0308d7442da8,134032.02
ACC_03293,2022-03-24,+918722918773,"12, Lake View, Mumbai",2907d4088d85aed3,16089.99
ACC_03294,2022-05-29,+917151952218,"85, Ring Road, Chennai",74a6a113170ae182,24708.56
ACC_03295,2024-08-15,+917814876640,"284, Hill Road, Pune",26dfa3608a2c4842,123043.57
ACC_03296,2026-03-03,+919888801569,"33, Civil Lines, Lucknow",ca7410f814708c6b,8031.46
ACC_03297,2025-12-22,+918555422410,"26, Hill Road, Mumbai",83d2fb9296f58515,3222.7
ACC_03298,2022-07-14,+918907195678,"196, Ring Road, Jaipur",5144e650bcc0de5c,360229.4
ACC_03299,2023-05-05,+918676532074,"196, Gandhi Nagar, Jaipur",9ed34e4c1d3feb31,2084.79
ACC_03300,2021-11-29,+919876584914,"461, Nehru Street, Ahmedabad",dee14ed936a75a0f,1470391.58
ACC_03301,2020-12-17,+919579410050,"254, Ring Road, Lucknow",c9dade2fbf323f74,11459.54
ACC_03302,2023-07-05,+919465829432,"81, Park Avenue, Pune",60779293666bbead,62717.82
ACC_03303,2023-07-23,+918209444037,"242, Gandhi Nagar, Delhi",06020c83801309c8,11928.92
ACC_03304,2025-01-15,+918877795483,"81, Civil Lines, Hyderabad",7df604ee84d95015,19876.66
ACC_03305,2025-01-15,+919028215733,"245, Ring Road, Mumbai",db617efce5b7709e,23593.99
ACC_03306,2023-05-22,+919072914051,"335, Market Street, Bangalore",7240d2350ff79a96,18376.82
ACC_03307,2026-03-29,+919673096037,"491, Park Avenue, Jaipur",801a0eeae8ca4807,35088.11
ACC_03308,2023-02-27,+918875312773,"360, Ring Road, Hyderabad",13c20bd4029b2dee,11151.15
ACC_03309,2025-06-22,+918353946190,"175, Ring Road, Jaipur",d597736d4c466424,9727.59
ACC_03310,2025-04-03,+918136478335,"362, Civil Lines, Jaipur",e92b8ef86059bcfe,19535.84
ACC_03311,2020-05-24,+918411141732,"193, Hill Road, Ahmedabad",da75366d676a80ee,17387.42
ACC_03312,2025-01-02,+917840930395,"336, Park Avenue, Lucknow",de9b28ba7ed23c5f,29153.54
ACC_03313,2023-11-28,+917334952259,"382, Lake View, Chennai",811350e1a7a136e2,15676.57
ACC_03314,2024-11-17,+919489658345,"75, Park Avenue, Delhi",01161357a9afca5f,26783.02
ACC_03315,2025-08-08,+918583561885,"449, Lake View, Kolkata",b1a66fa9e189c938,5169.15
ACC_03316,2023-03-20,+919482075084,"73, Park Avenue, Kolkata",eafb488252ed201d,
ACC_03317,2026-02-07,+919317440684,"60, Civil Lines, Hyderabad",2e15e71af072874e,580.73
ACC_03318,2025-03-10,+918802279671,"261, Market Street, Pune",c84489c35c3e1b78,18185.15
ACC_03319,2024-07-30,+919807061905,"14, Hill Road, Chennai",8d60f32c0acf86a5,500.0
ACC_03320,2021-10-07,+918434146132,"492, Park Avenue, Jaipur",e51215f15d4b6956,8991.5
ACC_03321,2023-11-08,+917455651803,"215, Hill Road, Hyderabad",3d71344dcb609107,7218.08
ACC_03322,2026-02-26,+919497038841,"10, Park Avenue, Jaipur",7d543e741812a6d4,5758.94
ACC_03323,2024-03-25,+919234192115,"62, MG Road, Mumbai",c820ec7013739ecc,11126.32
ACC_03324,2025-03-07,+917286458609,"397, MG Road, Pune",9238b7d5c03ba559,9764.26
ACC_03325,2024-05-25,+919733708138,"373, Ring Road, Delhi",d7864bde4af6518f,3269.35
ACC_03326,2023-08-05,+919611061661,"370, Civil Lines, Jaipur",ce47d8fa0194b789,
ACC_03327,2024-12-15,+918053752643,"351, Ring Road, Hyderabad",b113e6448583f39b,586290.44
ACC_03328,2023-11-30,+918795906726,"379, Civil Lines, Mumbai",cf115574efd63c6c,92535.9
ACC_03329,2026-03-29,+919068392466,"244, Nehru Street, Pune",c53b06b97928da75,2871.76
ACC_03330,2025-12-25,+917190835132,"406, MG Road, Delhi",0ce82fb84453b4c8,20642.79
ACC_03331,2021-08-09,+917834974636,"159, Market Street, Ahmedabad",15c6791577c5b593,120944.15
ACC_03332,2025-07-08,+918319311962,"119, Gandhi Nagar, Delhi",2005fde29e5cdf3c,130785.86
ACC_03333,2024-02-20,+919170741963,"402, Lake View, Pune",12c1b7779e324ad3,39205.83
ACC_03334,2022-07-14,+918990335622,"278, Civil Lines, Kolkata",b38e829e7740b440,5335.24
ACC_03335,2025-03-08,+918278938631,"336, Civil Lines, Bangalore",a2cd2f1a4b9dbefd,10015.63
ACC_03336,2025-03-12,+917892253337,"87, Station Road, Delhi",4ebbf10c9de4bc6b,2801.14
ACC_03337,2023-06-18,+919368062290,"283, Park Avenue, Jaipur",2cd53d3daf0ad97b,
ACC_03338,2023-01-24,+918230027704,"239, Civil Lines, Mumbai",9aeb6db4c811dc48,6401.39
ACC_03339,2025-04-24,+918781580118,"399, Nehru Street, Ahmedabad",86e5efe8e0a6b83d,32223.62
ACC_03340,2025-02-05,+919857999686,"196, Civil Lines, Bangalore",971b41bfebbed3e8,1494.21
ACC_03341,2025-11-01,+917545229074,"156, MG Road, Hyderabad",6ff85a02d0c327ea,5727.66
ACC_03342,2022-07-18,+917785432886,"384, Market Street, Delhi",e8d4de231a6172d8,23944.14
ACC_03343,2025-01-06,+917607799584,"247, Civil Lines, Hyderabad",2d49394a24fb94eb,1418.74
ACC_03344,2023-09-13,+918878746905,"332, Civil Lines, Jaipur",6b6391831223e057,49335.56
ACC_03345,2023-03-08,+919706394138,"219, MG Road, Hyderabad",3dcbbbdf68e05076,15035.07
ACC_03346,2022-09-30,+919316010292,"475, Park Avenue, Bangalore",b14f2146ac3bebab,4980.15
ACC_03347,2026-01-31,+917494781452,"47, Hill Road, Jaipur",014abf7f23b7e15a,1671.31
ACC_03348,2018-12-26,+918888026792,"18, Ring Road, Delhi",d1480d572a255654,18388.9
ACC_03349,2025-06-01,+917118148613,"310, Civil Lines, Delhi",995dfabfa43fc56d,43380.8
ACC_03350,2020-06-30,+918786429030,"229, MG Road, Lucknow",0681b7422eecbe95,541388.18
ACC_03351,2025-09-19,+919476202299,"444, Civil Lines, Kolkata",60d6b8a54059ea29,2445.61
ACC_03352,2025-09-19,+917074496125,"43, Civil Lines, Jaipur",d9adb3ff8f2e9c2d,6747.13
ACC_03353,2025-11-23,+917221807892,"10, Nehru Street, Jaipur",f99cb559b962cc8f,92922.79
ACC_03354,2025-10-24,+918720766131,"444, MG Road, Chennai",e73bce5d09aecec5,3629.87
ACC_03355,2024-11-22,+917216118294,"467, Station Road, Mumbai",64aee059dee7ae97,30111.53
ACC_03356,2024-12-13,+918103662830,"491, Ring Road, Jaipur",494692ec6784d219,237093.86
ACC_03357,2025-01-07,+919279342299,"11, MG Road, Jaipur",47d9284971665fc5,4093.93
ACC_03358,2022-06-24,+917817219345,"60, Hill Road, Bangalore",7d36954c6c1ff371,154666.46
ACC_03359,2023-07-29,+917906297423,"94, Market Street, Jaipur",1a8f645922b85e7b,31145.19
ACC_03360,2023-04-08,+918289518129,"492, Hill Road, Ahmedabad",e6e44b4899258fae,104479.97
ACC_03361,2024-09-22,+918854189860,"361, Park Avenue, Ahmedabad",0a77238fe52c509b,5009.83
ACC_03362,2026-01-30,+918527277915,"442, Ring Road, Bangalore",45bdbc4343516c18,759629.31
ACC_03363,2025-11-30,+918790025533,"204, Park Avenue, Ahmedabad",e0fadc1b09c18805,28077.64
ACC_03364,2022-09-04,+919679958463,"142, Lake View, Bangalore",4b9583368b374364,381183.58
ACC_03365,2025-03-21,+919112595795,"480, Nehru Street, Delhi",39bb26743a16e276,92149.47
ACC_03366,2019-03-14,+919978367433,"357, Civil Lines, Mumbai",e00876b898f9cf82,4207.88
ACC_03367,2025-09-28,+919277889131,"172, Lake View, Pune",7e461c0032a0cdf8,6693.05
ACC_03368,2023-07-16,+917307130945,"218, Park Avenue, Hyderabad",7e1e5e888dda34b6,18883.24
ACC_03369,2024-06-12,+919935826466,"425, Lake View, Jaipur",e693103c15b5ef73,75020.27
ACC_03370,2024-10-12,+918266366120,"326, Civil Lines, Jaipur",6eaf43870f6eeb81,28752.25
ACC_03371,2024-10-22,+918195649277,"321, MG Road, Bangalore",df39a48bca1abf93,23505.17
ACC_03372,2021-09-26,+919954009984,"188, Civil Lines, Delhi",97913dbd532c7369,220659.74
ACC_03373,2024-04-01,+918800195895,"200, Ring Road, Chennai",a2219dec6a2bc9ea,8888.3
ACC_03374,2025-02-15,+919203272538,"67, Park Avenue, Hyderabad",3ccb88fcd82fdc75,6772.08
ACC_03375,2024-04-19,+919266404396,"277, Ring Road, Chennai",f6887d7da4720e34,237418.92
ACC_03376,2024-02-17,+918784931360,"232, MG Road, Jaipur",3e08c492acf6e23d,12156.28
ACC_03377,2026-03-04,+918956324163,"227, Gandhi Nagar, Lucknow",1f26a0b0c724b08f,115012.66
ACC_03378,2025-10-02,+917262272413,"340, Nehru Street, Jaipur",39c2eca2403ed4ff,14499.5
ACC_03379,2025-07-15,+918368724103,"37, Lake View, Delhi",792dcbdf31841d9b,3247.74
ACC_03380,2025-09-18,+919006532932,"156, Hill Road, Kolkata",0b049dba0ce342e6,86818.46
ACC_03381,2024-07-10,+919621605027,"77, Hill Road, Bangalore",dc2333d53b4e7087,3577.06
ACC_03382,2026-03-29,+918044102642,"309, Civil Lines, Pune",105d964f4c3db516,23347.39
ACC_03383,2021-05-03,+919070459538,"118, Hill Road, Jaipur",27f0869e9018044f,54184.33
ACC_03384,2025-10-06,+917608062845,"444, Civil Lines, Delhi",596012397c869c2d,35724.61
ACC_03385,2026-03-13,+917989685391,"447, MG Road, Delhi",329a8ac7b0c87490,7437.57
ACC_03386,2024-04-01,+919427621764,"215, Hill Road, Bangalore",682f6603eb425758,464317.18
ACC_03387,2025-01-22,+917140891345,"267, Ring Road, Chennai",618b6091f24df188,2518.46
ACC_03388,2025-04-21,+919179885959,"314, Nehru Street, Delhi",d2143e93954d5e99,34954.87
ACC_03389,2024-12-19,+917583200058,"126, Civil Lines, Pune",014e875d0d6a2a52,4910.25
ACC_03390,2025-07-28,+917287476229,"244, Market Street, Bangalore",6ae524714d214622,3505.31
ACC_03391,2023-08-08,+917651461014,"59, Gandhi Nagar, Hyderabad",b53620dda9a4e4ad,191412.06
ACC_03392,2023-02-11,+918597197947,"110, Station Road, Chennai",2b26fc6a49d8c594,23943.1
ACC_03393,2025-09-13,+918863176863,"431, Ring Road, Hyderabad",888ea99f487d3946,105316.38
ACC_03394,2018-11-28,+918810477725,"357, MG Road, Hyderabad",a991738978ba526a,24768.25
ACC_03395,2026-01-05,+919467819866,"463, Station Road, Pune",c362725afdfc594b,4363.77
ACC_03396,2022-01-07,+918120259270,"146, Lake View, Jaipur",41a1b3ffd8c11aed,63155.92
ACC_03397,2023-09-07,+917414865042,"134, Gandhi Nagar, Chennai",9cd657dc0cd04553,1467.1
ACC_03398,2024-03-29,+919210338620,"205, Station Road, Kolkata",274cd006a06176d5,14418.22
ACC_03399,2025-06-18,+919634478177,"441, Gandhi Nagar, Hyderabad",bc636942fe0761ce,16234.9
ACC_03400,2025-04-24,+917678445109,"53, Nehru Street, Ahmedabad",329c44fcfaa2f706,9819.14
ACC_03401,2024-09-06,+919630412598,"227, Gandhi Nagar, Delhi",b818d75b9c112380,38310.18
ACC_03402,2025-01-16,+917440876132,"388, Gandhi Nagar, Delhi",791acda8b0c9b0f7,12462.39
ACC_03403,2024-09-23,+919690972855,"80, Civil Lines, Hyderabad",34a8aecc7f2bce04,37187.72
ACC_03404,2025-11-18,+917794400765,"228, Nehru Street, Jaipur",436c3c86fee5f4f2,13486.64
ACC_03405,2026-02-11,+919192197044,"295, Hill Road, Jaipur",e1f9003cff0eb4f4,9169.25
ACC_03406,2025-09-11,+918496994968,"259, Station Road, Lucknow",8837dd213dd520ed,85472.1
ACC_03407,2021-06-30,+917767964141,"409, Ring Road, Bangalore",4dfc25adbae486ab,240979.43
ACC_03408,2025-05-03,+917825037424,"209, Hill Road, Ahmedabad",349a964f9d192074,
ACC_03409,2024-02-21,+919754191015,"239, Station Road, Lucknow",dd222a1d7468c50d,13138.99
ACC_03410,2025-12-23,+917353530100,"270, Nehru Street, Pune",c54a5d05265d4788,6170.27
ACC_03411,2019-03-17,+917447907897,"110, Market Street, Kolkata",4413be6c431cba11,9146.06
ACC_03412,2025-12-25,+918292729982,"488, Station Road, Kolkata",2a7209b84fb3e352,146964.49
ACC_03413,2025-03-20,+917783067011,"120, Lake View, Hyderabad",8142eb2da82b5c2b,83535.61
ACC_03414,2025-05-21,+918296972449,"329, Gandhi Nagar, Mumbai",51170cfd4280b10e,15909.97
ACC_03415,2021-07-07,+919120372908,"41, Ring Road, Jaipur",770fb57bebc9e364,16881.14
ACC_03416,2023-02-05,+919552148775,"64, Market Street, Jaipur",db90c14e98c6757c,500.0
ACC_03417,2022-08-03,+919935265683,"143, Market Street, Delhi",33210bfe63b0dcc5,
ACC_03418,2026-02-20,+919271834325,"15, Park Avenue, Ahmedabad",4d67cf23090dee34,49321.91
ACC_03419,2024-06-06,+919077395956,"303, Civil Lines, Lucknow",58e85960f5ffff2f,
ACC_03420,2025-04-15,+919971723089,"198, Market Street, Lucknow",71b863084341e0f9,61803.84
ACC_03421,2024-02-16,+918588891973,"247, Nehru Street, Ahmedabad",c62c818639e645e3,74728.17
ACC_03422,2022-04-10,+918691476073,"482, Park Avenue, Hyderabad",7d75505c20af06a2,6041.02
ACC_03423,2022-02-25,+919188028659,"254, Hill Road, Kolkata",4d587231c5672bc0,82501.93
ACC_03424,2025-11-21,+917052268091,"454, Lake View, Mumbai",1cf53fb286a75ec0,125959.67
ACC_03425,2025-11-30,+919119932243,"265, Lake View, Ahmedabad",61c3bb8572a70e50,181252.18
ACC_03426,2024-01-24,+919674961006,"31, Station Road, Hyderabad",60064c5fff7f4a8c,10565.42
ACC_03427,2025-11-13,+919109262920,"31, Civil Lines, Lucknow",add8cfd970d2ae6e,35241.01
ACC_03428,2021-05-16,+918576511404,"424, Nehru Street, Kolkata",285a15145a032dd7,46201.47
ACC_03429,2025-04-25,+919839815385,"7, Nehru Street, Jaipur",98bafac71e646b9b,9289.84
ACC_03430,2024-05-28,+919153817514,"205, Civil Lines, Lucknow",861042dabaab0394,35686.88
ACC_03431,2021-11-24,+917753009934,"151, Hill Road, Hyderabad",ce431ce739c9d773,40310.42
ACC_03432,2020-12-06,+918856379544,"264, Gandhi Nagar, Chennai",3c53a9f5328ed890,13495.17
ACC_03433,2024-05-05,+919928635972,"192, Lake View, Mumbai",5694356f62416abd,17958.26
ACC_03434,2026-01-16,+919756535834,"142, Hill Road, Kolkata",6e6e99eae67e173e,24877.78
ACC_03435,2023-10-09,+918368663704,"353, Nehru Street, Chennai",c8167db29edf20c9,
ACC_03436,2022-12-19,+917999818578,"38, Hill Road, Lucknow",4bf23eb8f3ffee01,120778.27
ACC_03437,2025-01-21,+917491117192,"399, Nehru Street, Delhi",37fd9cec0f2e5250,15060.79
ACC_03438,2025-07-03,+918961180641,"362, Civil Lines, Delhi",e458ba2e9d9ea245,29594.65
ACC_03439,2026-01-03,+918071106656,"374, Gandhi Nagar, Mumbai",64a175ddd5b4b260,57406.63
ACC_03440,2024-03-06,+917554854333,"266, Market Street, Delhi",1d3f39ed7f12c8d4,238104.98
ACC_03441,2025-05-12,+917583056036,"330, Market Street, Kolkata",dd7a9d4ff0286c0a,2218.88
ACC_03442,2023-03-07,+917888803700,"359, MG Road, Jaipur",a76a6741a8b95a03,5714.07
ACC_03443,2022-12-27,+918558598713,"63, MG Road, Delhi",eb76838d8c790c9e,92852.47
ACC_03444,2025-01-10,+918453038846,"405, Gandhi Nagar, Chennai",a224b74a97bfcdfd,1884.71
ACC_03445,2025-02-23,+917359341220,"406, Civil Lines, Jaipur",40fd25cb81f5d071,200131.39
ACC_03446,2024-10-04,+918440421523,"430, Hill Road, Pune",ff34ca290f1c3c70,641.83
ACC_03447,2025-10-27,+917499146084,"49, Hill Road, Jaipur",742f7ba9c6b3fdbb,4103.49
ACC_03448,2024-03-28,+919266358027,"478, Park Avenue, Mumbai",77b13c3f1f0f73b0,32618.06
ACC_03449,2025-02-01,+917668156292,"6, Civil Lines, Chennai",4f7e16449bdaa20c,9659.97
ACC_03450,2026-03-13,+917856756755,"211, Market Street, Ahmedabad",dd0b0e3c670a725f,11493.67
ACC_03451,2024-10-17,+917996113015,"92, Ring Road, Hyderabad",a712f8200ad34e23,603.99
ACC_03452,2023-11-17,+917890041207,"442, Civil Lines, Chennai",e0cb43687af21c0f,11157.42
ACC_03453,2024-07-20,+919556078568,"36, Nehru Street, Chennai",15a17e859bb08e6b,14701.1
ACC_03454,2023-07-02,+919420719010,"363, Market Street, Lucknow",512f851f4005810e,9946.91
ACC_03455,2023-09-07,+919674939159,"211, Station Road, Delhi",03354e3b094c2e2c,48823.95
ACC_03456,2022-11-30,+917816825277,"324, Lake View, Kolkata",762440205e844a62,3752.64
ACC_03457,2023-12-01,+917579338011,"2, Hill Road, Kolkata",a9baf944563be57b,15926.95
ACC_03458,2025-02-23,+918318286037,"403, Ring Road, Jaipur",532f88f7717f0409,296133.09
ACC_03459,2023-10-29,+918833543988,"440, Lake View, Bangalore",73fb62a0af2c42d6,73583.29
ACC_03460,2026-02-08,+919690457010,"24, Park Avenue, Mumbai",5175d9e031ce4aa8,9552.92
ACC_03461,2024-08-25,+918580277315,"404, Gandhi Nagar, Pune",c089d2694ec4ca22,97448.13
ACC_03462,2024-05-19,+918793206111,"410, Lake View, Delhi",85f4c2911e8a6ebd,183709.76
ACC_03463,2025-01-16,+919726827616,"194, MG Road, Chennai",2b27c36c78cf9893,18201.36
ACC_03464,2025-06-13,+917318054607,"37, Market Street, Lucknow",24e3d18be58ee59e,73544.09
ACC_03465,2023-10-04,+918385794416,"155, Civil Lines, Jaipur",ca895370f44e0c63,77364.41
ACC_03466,2024-08-17,+917076735495,"180, Gandhi Nagar, Jaipur",ce05a5a2f33d4301,28370.6
ACC_03467,2025-06-12,+918961979170,"29, Ring Road, Mumbai",e94783615f4ba085,53598.95
ACC_03468,2024-10-31,+918064020655,"397, Market Street, Pune",4afa5d917f5f8666,7137.36
ACC_03469,2025-11-10,+919930972469,"429, MG Road, Ahmedabad",d156e6ed5b75546f,80086.73
ACC_03470,2023-07-19,+919356311516,"245, Market Street, Chennai",b06d46b16ad6a762,6320.31
ACC_03471,2021-01-22,+917597385087,"154, Park Avenue, Ahmedabad",81dd7569042e390c,16754.01
ACC_03472,2024-08-01,+919227185417,"211, Gandhi Nagar, Kolkata",d919f3ab96de94cb,33765.47
ACC_03473,2026-03-11,+918987490568,"322, Gandhi Nagar, Mumbai",bdb5ae5ecaa85bd0,8212.15
ACC_03474,2024-03-24,+919817600860,"377, Lake View, Lucknow",7083721e851e7f62,749332.64
ACC_03475,2023-08-16,+919298001167,"97, Station Road, Pune",3e107ea77dc979f0,45264.77
ACC_03476,2025-08-27,+917112352391,"354, Market Street, Chennai",4218b5d8db698b67,77561.06
ACC_03477,2024-10-22,+917838966296,"239, Nehru Street, Bangalore",ba37fe4f51d14702,3481.77
ACC_03478,2026-01-22,+919902257192,"128, Park Avenue, Lucknow",1bedec1b3954d9b4,9963.13
ACC_03479,2024-05-29,+919227422516,"251, Gandhi Nagar, Bangalore",af1461bcd18c84d5,22044.11
ACC_03480,2026-03-22,+919490521391,"14, Station Road, Kolkata",6658296b1162056a,2832.66
ACC_03481,2018-11-28,+918814615098,"244, Ring Road, Kolkata",da6dc3b1b1f058ae,43889.02
ACC_03482,2026-03-29,+917023519304,"366, Gandhi Nagar, Jaipur",6219559f420f86b1,14631.71
ACC_03483,2025-01-24,+919720117143,"25, Market Street, Hyderabad",19900421e6eb1c4b,376012.06
ACC_03484,2023-03-25,+918195506256,"182, Civil Lines, Jaipur",3fab771551bc651e,15039.48
ACC_03485,2024-05-30,+918263269586,"460, Civil Lines, Hyderabad",5be3262e4694926f,10278.77
ACC_03486,2024-05-02,+918084641658,"215, Park Avenue, Bangalore",27667dd6ffaf9a37,814814.27
ACC_03487,2025-01-16,+919082517772,"84, Station Road, Mumbai",6a16b92e71ea8809,
ACC_03488,2025-10-14,+917330269425,"32, Nehru Street, Hyderabad",8fd7534c6ba18057,41601.09
ACC_03489,2023-01-10,+917180753759,"181, Hill Road, Pune",0e5199db5602d3e8,96869.78
ACC_03490,2026-01-21,+918756959314,"32, Civil Lines, Chennai",54eefab23668d6b1,6174.74
ACC_03491,2025-12-22,+918890396490,"286, Park Avenue, Mumbai",bf6155e11d7210bc,31878.9
ACC_03492,2025-07-27,+919686347462,"428, Park Avenue, Chennai",3e836a9a27e58f05,41110.12
ACC_03493,2023-02-12,+919742753373,"225, Gandhi Nagar, Bangalore",bd79580d5007e0f7,85450.39
ACC_03494,2016-10-03,+918239731740,"485, Lake View, Chennai",e2d4f1b9dc29f4d1,2124.41
ACC_03495,2023-07-10,+918941492777,"420, Gandhi Nagar, Hyderabad",8c60e103b6cddd32,15869.3
ACC_03496,2023-08-28,+919378244334,"8, Lake View, Chennai",88979b2df381144e,33454.51
ACC_03497,2025-07-04,+917938889743,"87, Gandhi Nagar, Jaipur",86413422ee72965b,15521.83
ACC_03498,2025-03-25,+917192403546,"351, Lake View, Pune",56e3cefa99f88304,1843.21
ACC_03499,2024-04-28,+917105130858,"162, Civil Lines, Pune",1ce1415ad4718838,6768.34
ACC_03500,2024-09-07,+917624894896,"63, Park Avenue, Bangalore",5733aba6d06a7e4a,209534.24
ACC_03501,2021-10-02,+919229540264,"141, Gandhi Nagar, Bangalore",5dc31858ebbbee24,813.54
ACC_03502,2023-06-11,+918308228174,"152, Ring Road, Delhi",78ca38fc8dbecf99,72653.02
ACC_03503,2024-07-02,+918111718896,"465, Ring Road, Lucknow",636367f4289d5c7e,9160.6
ACC_03504,2025-03-11,+918682293284,"18, MG Road, Hyderabad",7a0ac5db42d7d8ff,487950.98
ACC_03505,2024-04-23,+917938676579,"179, Ring Road, Hyderabad",1de3466dade1adb7,1064.18
ACC_03506,2025-06-15,+919216322385,"49, Station Road, Jaipur",ae798bd2801882c5,4328.21
ACC_03507,2023-10-18,+919314934675,"328, Hill Road, Chennai",5628f59b1966c532,9358.24
ACC_03508,2025-06-03,+919734303731,"273, Market Street, Jaipur",efdaf35c34f4cfbb,19181.95
ACC_03509,2024-04-25,+917413053832,"326, Station Road, Pune",c9595a934a54b5c0,12369.1
ACC_03510,2026-01-13,+919247852192,"420, Market Street, Delhi",110eedf173f86a6c,55805.44
ACC_03511,2024-07-31,+919715281904,"72, Hill Road, Bangalore",3e572bb6ff00bb45,452382.58
ACC_03512,2024-05-03,+918296500376,"431, Lake View, Lucknow",f4a8189df9a18ee5,
ACC_03513,2025-10-01,+919687649484,"14, Lake View, Ahmedabad",a8093bc9a41eb3dd,10967.04
ACC_03514,2025-07-15,+919384687675,"148, Lake View, Mumbai",4991a02b410245ce,18733.79
ACC_03515,2024-09-02,+918243927278,"32, Park Avenue, Chennai",222a73d57b300ba2,47289.71
ACC_03516,2025-12-14,+917444650266,"84, Civil Lines, Ahmedabad",0c6022937c831274,31502.53
ACC_03517,2025-07-28,+918187382706,"422, Market Street, Kolkata",c50ca1e7b2dfb11a,28072.13
ACC_03518,2019-09-28,+918230406944,"241, Park Avenue, Chennai",6585cef44d6b108c,2605.68
ACC_03519,2025-06-24,+918616859516,"116, Park Avenue, Pune",f90c8d22ae18705f,13147.25
ACC_03520,2025-03-25,+919649985353,"269, Hill Road, Mumbai",b7a446d8112bcfca,57915.46
ACC_03521,2025-01-31,+917923529975,"177, Station Road, Delhi",c38c24567f72e264,6033.24
ACC_03522,2023-04-26,+919852493811,"327, Station Road, Lucknow",f8063f21b71491e5,18377.97
ACC_03523,2025-06-29,+917476258351,"471, Station Road, Ahmedabad",fa072ca8d59f8b73,36509.21
ACC_03524,2026-03-29,+919352639886,"131, Gandhi Nagar, Ahmedabad",359283c389d66c25,136700.25
ACC_03525,2026-03-29,+919482923428,"264, Lake View, Jaipur",1638f28086c1f053,2267.43
ACC_03526,2025-01-08,+917980947763,"1, Lake View, Hyderabad",612fc78bb33833bf,117129.46
ACC_03527,2023-07-20,+919600746860,"5, Lake View, Ahmedabad",3f13511430dbde38,4227.9
ACC_03528,2026-03-29,+917920939218,"419, Park Avenue, Ahmedabad",c007234e63fa30f3,88382.92
ACC_03529,2023-04-08,+919118758711,"314, Ring Road, Jaipur",d2cbfa2379c259fb,31114.64
ACC_03530,2025-09-24,+918406110179,"236, Park Avenue, Bangalore",ca530b23771809f0,62929.95
ACC_03531,2025-10-23,+917023452593,"248, Civil Lines, Delhi",1a167c8095277410,33097.17
ACC_03532,2025-09-08,+919645801754,"148, Ring Road, Pune",20fd2d4c60309822,41142.6
ACC_03533,2024-03-25,+917104933760,"284, Market Street, Hyderabad",a37306c85915ced1,4387.56
ACC_03534,2019-07-29,+919026182381,"142, Civil Lines, Chennai",ebff117fbf206f5f,1357.88
ACC_03535,2022-11-22,+917432144197,"274, Ring Road, Kolkata",f465f20d3c65bfdc,49618.61
ACC_03536,2025-03-14,+919876376397,"255, Nehru Street, Mumbai",9bd14ccea5b356c0,31240.86
ACC_03537,2023-12-12,+918287067871,"23, Civil Lines, Pune",d1d43e2d0de3dc48,19496.0
ACC_03538,2023-11-11,+917106489022,"436, Market Street, Hyderabad",301039e8c530c2f4,46717.38
ACC_03539,2024-05-10,+919474686460,"453, Ring Road, Mumbai",34a6147428905809,86252.27
ACC_03540,2025-11-17,+919013378107,"197, Market Street, Kolkata",55f5c21770682ed2,45275.25
ACC_03541,2018-07-27,+919916423972,"146, Park Avenue, Kolkata",7838a66e4e93221c,15532.5
ACC_03542,2025-10-22,+919163079971,"386, Park Avenue, Bangalore",2cb577c6e64a13f9,44648.18
ACC_03543,2024-11-17,+917414889085,"82, Market Street, Pune",0fbc12208ad2cb94,175817.87
ACC_03544,2025-01-24,+918340052253,"217, Park Avenue, Mumbai",a76fe6fffa69fba3,6528.48
ACC_03545,2024-06-11,+918794794746,"384, Ring Road, Hyderabad",5f44db3b21023d71,4642.34
ACC_03546,2025-01-28,+919779855325,"242, MG Road, Bangalore",2f381cc107856a8a,12677.04
ACC_03547,2025-07-23,+917787672534,"21, Park Avenue, Pune",f90060cda03d450a,1334.74
ACC_03548,2024-10-18,+917469478289,"388, Park Avenue, Lucknow",78b67cb5da382776,
ACC_03549,2023-06-15,+917161048508,"48, Market Street, Ahmedabad",04f45f68600103a7,32529.98
ACC_03550,2025-12-28,+918778718411,"106, Ring Road, Mumbai",ac4f3bebd98fdabf,3991.06
ACC_03551,2025-08-04,+919104536543,"331, Nehru Street, Kolkata",f6e73e0ab7a3202f,1236.46
ACC_03552,2024-08-25,+918494032201,"135, Civil Lines, Delhi",174a7bc601fb290a,13351.54
ACC_03553,2024-11-04,+918197180663,"101, Station Road, Lucknow",d6b154af4fed8bf2,2200.43
ACC_03554,2024-09-17,+918721976742,"395, Station Road, Hyderabad",c5fa980356ccd754,10000000.0
ACC_03555,2024-08-31,+918406328187,"66, Nehru Street, Kolkata",6d10baafd9688e61,38106.19
ACC_03556,2025-10-07,+919696803948,"293, Park Avenue, Mumbai",6cae2c8e5b342201,47087.26
ACC_03557,2025-11-14,+919336348843,"290, MG Road, Kolkata",828a90e6b24b5d26,6297.98
ACC_03558,2020-01-27,+917797374275,"57, MG Road, Pune",ab2f5cfdd183379c,10863.29
ACC_03559,2026-02-11,+917174710503,"128, Gandhi Nagar, Pune",44554ff8e5aaefb4,55437.55
ACC_03560,2023-01-14,+918060899535,"333, Hill Road, Lucknow",701b3b79eb0fe222,614653.32
ACC_03561,2024-12-31,+918381742811,"455, Ring Road, Chennai",23d0a65cbe8be1a0,
ACC_03562,2023-04-14,+918728478898,"22, Civil Lines, Delhi",926129b9e3d25069,
ACC_03563,2022-06-21,+918593888894,"478, MG Road, Hyderabad",642ef1c4be11f0f9,5946.87
ACC_03564,2022-07-14,+918743107771,"153, Gandhi Nagar, Chennai",055a4d0872826159,27029.17
ACC_03565,2025-06-10,+919584003112,"498, Station Road, Jaipur",e1a4e712c6c277ff,129868.82
ACC_03566,2025-06-11,+918107718919,"256, Civil Lines, Pune",8e4736c8d5cbe628,1977.58
ACC_03567,2025-07-29,+918180409605,"67, Lake View, Delhi",ae6f47730e6ed744,149081.96
ACC_03568,2025-04-28,+918625774828,"144, Gandhi Nagar, Bangalore",6e02bcad7861ce65,202867.32
ACC_03569,2020-11-08,+918131582284,"38, Hill Road, Kolkata",33bbacd5324a53c6,48772.7
ACC_03570,2023-07-31,+918424265037,"135, Station Road, Chennai",e8e8650a26c32f5c,10443.98
ACC_03571,2025-04-05,+918091694694,"89, Civil Lines, Pune",3d658c72ab079ef0,955085.55
ACC_03572,2026-02-08,+919965897195,"231, Civil Lines, Delhi",520727e44db12ce9,12337.18
ACC_03573,2025-03-02,+918583391844,"281, Lake View, Chennai",1d61b30b3d88f5ec,59508.06
ACC_03574,2025-06-21,+917268908319,"313, Gandhi Nagar, Mumbai",c92ad1cdca63a1d5,5505.32
ACC_03575,2024-04-01,+917808363806,"14, Gandhi Nagar, Delhi",26e1ded9197309bb,17207.73
ACC_03576,2024-08-29,+917173301520,"134, Gandhi Nagar, Mumbai",f5afddd94db0acef,200351.54
ACC_03577,2023-05-01,+919299321614,"209, Station Road, Ahmedabad",e4bd5db2d4b15d94,500.0
ACC_03578,2024-05-13,+917001443807,"466, Station Road, Delhi",4661d4a63e48e136,96124.72
ACC_03579,2021-02-16,+918678607935,"355, Hill Road, Mumbai",05c727bef18822d8,43116.79
ACC_03580,2024-05-03,+917400032672,"470, Ring Road, Lucknow",4a033c45dc3a9626,17206.19
ACC_03581,2026-01-29,+919669512674,"150, Gandhi Nagar, Kolkata",63f8a2cd8779cefb,169711.69
ACC_03582,2025-07-22,+918673573141,"117, Hill Road, Kolkata",92a9b18a043f852b,6877.49
ACC_03583,2026-02-23,+918005341098,"172, Station Road, Bangalore",37a11d1b620ab5ac,1132.56
ACC_03584,2022-12-10,+917167087810,"373, Hill Road, Jaipur",a67eadfcfd8c1a71,330044.37
ACC_03585,2024-11-28,+917155698135,"303, Nehru Street, Mumbai",517ef482a62c7692,19943.59
ACC_03586,2025-04-15,+919120096468,"490, Gandhi Nagar, Jaipur",8a0c5e5b1f1f677d,15495.02
ACC_03587,2025-02-03,+918811367839,"449, Nehru Street, Pune",53a81c21b7d8903b,14591.33
ACC_03588,2022-07-19,+918623330455,"344, Nehru Street, Bangalore",8fe5a449af84657d,24858.23
ACC_03589,2025-10-14,+918736270393,"222, Civil Lines, Chennai",e7b22231329a26d7,42004.07
ACC_03590,2025-06-22,+919736865306,"355, MG Road, Pune",39e24c667e81d285,340967.02
ACC_03591,2025-04-29,+918677164012,"217, Nehru Street, Lucknow",5e5f5343e2f7a725,47129.07
ACC_03592,2019-05-01,+918572182960,"104, Nehru Street, Mumbai",128755d3a6bcaeba,276897.5
ACC_03593,2025-03-17,+917145685985,"200, Hill Road, Bangalore",fe26a3b700eb6ade,11264.87
ACC_03594,2025-06-07,+918842931116,"25, Civil Lines, Lucknow",c8ba69d39e182ec4,10751.05
ACC_03595,2017-12-24,+917201737705,"405, MG Road, Pune",39efffcb16adbb95,4391.52
ACC_03596,2025-08-28,+919292193245,"300, Ring Road, Pune",8e2bbb7df9c51c03,11649.4
ACC_03597,2024-07-17,+918910322103,"241, MG Road, Ahmedabad",43777a49e3abe101,42832.49
ACC_03598,2026-02-20,+917748984263,"316, Nehru Street, Kolkata",81d7b6869b5feada,21868.91
ACC_03599,2025-04-08,+919504501462,"47, Civil Lines, Jaipur",05eadc4f8647c706,44117.68
ACC_03600,2024-08-26,+919879158529,"281, Station Road, Lucknow",f44fc5534b609dee,16279.61
ACC_03601,2025-11-29,+918357118204,"79, MG Road, Pune",f68696b150dd1f8f,1020329.71
ACC_03602,2021-07-17,+917475595791,"480, Market Street, Pune",ade72be69cbf3364,6323.83
ACC_03603,2024-03-23,+919027445284,"171, Nehru Street, Lucknow",c1dcef949fa2bdc7,15396.64
ACC_03604,2023-10-08,+918075584472,"115, Civil Lines, Kolkata",2d2d70ac47561517,61557.59
ACC_03605,2025-05-31,+918493010710,"377, Gandhi Nagar, Delhi",920f3a16e40b445f,2406.3
ACC_03606,2025-03-25,+917927318018,"16, Station Road, Ahmedabad",57328c09f5221865,149971.02
ACC_03607,2025-05-31,+919863991574,"181, Market Street, Lucknow",a18323f56cd142eb,2554.77
ACC_03608,2023-09-04,+917271872617,"63, Gandhi Nagar, Delhi",daac525c8b335b2a,33051.85
ACC_03609,2025-09-21,+918826551209,"3, MG Road, Jaipur",cedb3a6dc6077bdc,4272.22
ACC_03610,2026-01-28,+917878831619,"348, Market Street, Pune",b9fc98cf45d7820e,21008.45
ACC_03611,2024-02-01,+919646562430,"407, Lake View, Kolkata",ba6c4b870cd35af0,5058.57
ACC_03612,2024-01-23,+918044899260,"442, Station Road, Delhi",373bafc07fa07c26,3322.68
ACC_03613,2022-09-09,+917652854403,"136, Nehru Street, Hyderabad",3e81491a98897b78,5628.06
ACC_03614,2024-02-11,+918797530760,"367, Gandhi Nagar, Mumbai",57f02ec44c922f7b,9333.31
ACC_03615,2025-07-29,+917060812084,"86, Lake View, Bangalore",f0d38256a2fb75ed,8697.53
ACC_03616,2023-04-17,+918648132029,"187, Lake View, Lucknow",4d5f3eefef39e796,16527.91
ACC_03617,2023-12-08,+918257915325,"490, Hill Road, Ahmedabad",8f4299f13aa052a3,53502.38
ACC_03618,2025-08-13,+918680969618,"490, Ring Road, Bangalore",2e72dac629937f46,80808.46
ACC_03619,2024-05-28,+919453905432,"292, MG Road, Bangalore",76fe76d30d789f34,5731.21
ACC_03620,2024-04-10,+918606170513,"442, Nehru Street, Jaipur",d9846bbd352e59e4,101747.11
ACC_03621,2023-02-18,+919052798161,"332, Nehru Street, Ahmedabad",cc4d171cedef7dbd,41435.74
ACC_03622,2026-03-29,+918557734453,"171, Nehru Street, Pune",99b18a1883757a3f,49715.79
ACC_03623,2025-04-02,+918315377603,"411, Nehru Street, Kolkata",159cfce342908d4d,6336.34
ACC_03624,2025-07-16,+918327337056,"244, Nehru Street, Pune",06efa5e5117e3a78,25698.11
ACC_03625,2022-07-26,+919368159194,"226, Gandhi Nagar, Chennai",7377d4d7395aa444,259202.57
ACC_03626,2023-08-03,+917727440910,"185, Station Road, Kolkata",977916be6732924f,18205.61
ACC_03627,2024-05-01,+918560860548,"445, MG Road, Bangalore",49c8e09e72dbea0e,89503.17
ACC_03628,2025-07-24,+919430998188,"216, Civil Lines, Lucknow",0a5e81b6a6b999d3,8223.72
ACC_03629,2025-08-02,+917682644037,"355, Lake View, Bangalore",a2c79f9eda752c55,13397.9
ACC_03630,2025-08-21,+919326376017,"472, Lake View, Hyderabad",276843e76e6696a0,11570.03
ACC_03631,2024-09-10,+918381475465,"311, Station Road, Jaipur",401652b0d07c637d,989.8
ACC_03632,2023-06-08,+918855962274,"324, MG Road, Chennai",58e52cfb7d1e22f2,6360.57
ACC_03633,2023-11-28,+918517663961,"444, Lake View, Ahmedabad",7ef26811b7a05aed,52522.58
ACC_03634,2024-11-19,+917261770443,"480, Nehru Street, Ahmedabad",62e9878216e4a30c,4767.67
ACC_03635,2022-04-06,+917378553351,"355, Civil Lines, Lucknow",dff68cc3532e4c8e,2530.68
ACC_03636,2024-11-24,+919300142198,"413, MG Road, Lucknow",a2075508534720d2,6813.71
ACC_03637,2026-01-31,+918615443379,"73, Gandhi Nagar, Jaipur",0663ab591b29c41d,8506.78
ACC_03638,2024-10-01,+917990679077,"206, Gandhi Nagar, Chennai",5816760eb92ed34e,3731.9
ACC_03639,2025-07-22,+918943186256,"70, Park Avenue, Hyderabad",968f787ebc86834a,1774.72
ACC_03640,2025-03-10,+917560366150,"492, Civil Lines, Mumbai",ee9380c1af702cd8,96617.36
ACC_03641,2023-02-06,+919454129009,"455, Lake View, Lucknow",b520173498a28087,188320.09
ACC_03642,2022-11-09,+917464071248,"361, Lake View, Ahmedabad",5d803ae161c56ea7,55466.74
ACC_03643,2021-08-26,+919556970191,"250, Lake View, Bangalore",586bbbe34adfe8d0,41271.96
ACC_03644,2022-10-17,+917358879311,"459, Gandhi Nagar, Bangalore",5ae9fb833fc07069,6462.33
ACC_03645,2022-10-18,+917762271624,"260, MG Road, Bangalore",85e343b9523f428c,9729.61
ACC_03646,2026-02-06,+918488244887,"449, Market Street, Pune",2573c75a9746fff9,2205.07
ACC_03647,2021-06-11,+918965845327,"17, Civil Lines, Lucknow",17cb881037aa9a21,3109.85
ACC_03648,2025-06-20,+917240032653,"290, MG Road, Jaipur",edc7104a6f341cce,53253.78
ACC_03649,2025-06-20,+917784928690,"82, Station Road, Mumbai",7037a2873e909609,13671.64
ACC_03650,2025-12-18,+919668109777,"141, Hill Road, Jaipur",779d4af55cbeb7f6,298096.39
ACC_03651,2022-08-07,+917570656564,"328, Station Road, Jaipur",7f18c79d05eaabd8,8050.89
ACC_03652,2025-09-02,+919345440329,"178, MG Road, Hyderabad",20dade4eb37755c6,83275.74
ACC_03653,2021-11-06,+919201492122,"331, Park Avenue, Delhi",4ea1025c26b8529a,102242.69
ACC_03654,2016-09-27,+917774127921,"198, MG Road, Chennai",076f58e0a67c97f6,2507.08
ACC_03655,2024-10-23,+918061349711,"288, Civil Lines, Chennai",3bc49a33a0ce206f,198147.27
ACC_03656,2026-02-13,+918744164220,"434, MG Road, Lucknow",0e7dfb33d42e6a12,31570.37
ACC_03657,2026-03-10,+918530194806,"85, Park Avenue, Chennai",746e7e62a7e988ff,62250.34
ACC_03658,2025-11-11,+919128775262,"265, Park Avenue, Jaipur",8bf5af13ea2be9e1,54398.58
ACC_03659,2025-03-02,+919436331820,"207, Park Avenue, Mumbai",5f07df6b347bdd32,31026.03
ACC_03660,2021-02-05,+919125530069,"10, Station Road, Pune",08e564d448fad572,77916.23
ACC_03661,2025-09-03,+918701368040,"214, Park Avenue, Hyderabad",919c80a782d0ba79,5842.72
ACC_03662,2024-09-18,+919776588852,"6, Station Road, Chennai",db8a1ba2ebe4873e,5789.16
ACC_03663,2025-01-12,+918126573535,"285, Gandhi Nagar, Kolkata",f530532d0a6b576a,20513.18
ACC_03664,2019-02-25,+919145743108,"336, Lake View, Kolkata",ad3f5c10c50ce246,88452.17
ACC_03665,2022-02-25,+917738505730,"198, Park Avenue, Hyderabad",29d96c9a611a446d,59647.17
ACC_03666,2023-10-11,+919507649045,"117, Market Street, Pune",9a8f63f96e2538b5,10987.99
ACC_03667,2025-03-15,+919912104331,"126, Nehru Street, Jaipur",7c83a1979ffc71e4,44323.08
ACC_03668,2022-10-14,+918577500906,"285, Nehru Street, Lucknow",e1ef540d2bb29c53,2621.65
ACC_03669,2024-10-29,+918898492482,"236, Nehru Street, Ahmedabad",92b3fd1610e9df29,22595.41
ACC_03670,2024-03-13,+918745565123,"74, Hill Road, Hyderabad",0747ae7ed5d3e791,43688.3
ACC_03671,2024-09-10,+918867720101,"291, Civil Lines, Kolkata",779c17d6eb1ddf0c,5509.08
ACC_03672,2024-06-24,+919908065994,"48, Civil Lines, Chennai",91f8eb9a734e96d3,3111.18
ACC_03673,2021-06-22,+919805177538,"67, Ring Road, Mumbai",d840326b34096ca1,20482.38
ACC_03674,2025-02-26,+917758568631,"441, Civil Lines, Jaipur",699a7b438af3c645,76660.71
ACC_03675,2023-09-01,+919541889483,"472, Hill Road, Bangalore",15a79de54699c774,
ACC_03676,2026-01-05,+917824598213,"453, Hill Road, Ahmedabad",647f0c011333b6e1,18968.12
ACC_03677,2024-12-28,+919562354428,"5, Civil Lines, Jaipur",9fa9f2ceb3f72ece,16695.57
ACC_03678,2025-09-26,+918570775708,"52, Station Road, Bangalore",0210c3380e4136f5,16145.61
ACC_03679,2026-03-13,+917347371158,"363, Ring Road, Ahmedabad",f82187ab177c5941,1701.86
ACC_03680,2022-02-01,+918614713432,"94, Hill Road, Hyderabad",c220e496c19b7fbf,16639.45
ACC_03681,2026-02-17,+917194031987,"137, Nehru Street, Kolkata",58d217d267be2b25,29795.23
ACC_03682,2025-12-28,+917391756464,"284, Ring Road, Jaipur",42d4bcd4f5913608,19572.98
ACC_03683,2022-07-23,+919317244134,"33, Civil Lines, Ahmedabad",93cb1dca590c7e54,4684.18
ACC_03684,2024-02-26,+917652221271,"336, Park Avenue, Pune",a3da88c60606f21f,81605.25
ACC_03685,2021-10-15,+918448509075,"499, MG Road, Mumbai",19c317822631164c,68642.34
ACC_03686,2024-05-21,+919062573248,"426, Hill Road, Delhi",da315a3324e33eac,169711.12
ACC_03687,2025-07-02,+919790856354,"148, Park Avenue, Jaipur",6d8b83caa50598da,13468.49
ACC_03688,2021-10-03,+919410365711,"408, Hill Road, Mumbai",683a5ea4ad8d3ff8,11392.15
ACC_03689,2024-07-08,+917699012786,"493, Gandhi Nagar, Delhi",87d8a9a85a170033,38870.72
ACC_03690,2025-02-26,+919918321754,"413, Hill Road, Lucknow",490257eeffbba90d,11915.87
ACC_03691,2024-12-19,+917342148226,"86, Lake View, Mumbai",35571e0bfca73fb3,9973.05
ACC_03692,2021-12-30,+918702296357,"272, Hill Road, Bangalore",5d7c0edec188b01a,33774.98
ACC_03693,2023-10-27,+919789541207,"172, Ring Road, Lucknow",818ea4627675b2a5,
ACC_03694,2025-02-08,+919148856111,"302, Hill Road, Bangalore",5805f5a8251af6a2,500.0
ACC_03695,2025-08-25,+919655782568,"346, Lake View, Pune",16b84bc8ad1dbdf7,9475.21
ACC_03696,2025-03-05,+919465468329,"159, Gandhi Nagar, Bangalore",0adeaf0e71772573,7634.6
ACC_03697,2025-07-11,+917462669841,"264, Ring Road, Bangalore",9c3498ccff4bc336,17735.3
ACC_03698,2025-07-24,+917125994811,"220, Park Avenue, Bangalore",0253801e16b028c7,3245.92
ACC_03699,2025-02-28,+918564825350,"138, Station Road, Chennai",6a747374308a2215,13971.06
ACC_03700,2025-04-30,+918566561780,"215, Station Road, Ahmedabad",7168bf7358e0536b,17530.24
ACC_03701,2023-05-23,+919172484080,"494, Civil Lines, Kolkata",3ad7371c4de60fc8,5126.89
ACC_03702,2022-08-24,+919411061926,"223, Park Avenue, Lucknow",04d6937c84a1a5ec,10720.0
ACC_03703,2020-07-10,+918272788764,"313, Gandhi Nagar, Kolkata",a167948b87ccd02b,79234.15
ACC_03704,2024-07-27,+917748409064,"159, Lake View, Ahmedabad",d26b15565f827d0e,9536.09
ACC_03705,2025-12-16,+917745386051,"163, Ring Road, Mumbai",ecc0a8449313d71a,22712.86
ACC_03706,2024-02-26,+917051014949,"314, Park Avenue, Pune",1aa92bc81ab92c10,6595.24
ACC_03707,2026-02-23,+919103999559,"486, Park Avenue, Kolkata",6b94b7df64879450,4313.66
ACC_03708,2024-12-16,+919068038605,"243, Ring Road, Bangalore",19c3e24cc25f8947,3323.64
ACC_03709,2025-12-04,+917054180039,"486, Station Road, Chennai",139fe7d5772f6c9d,187522.46
ACC_03710,2025-02-23,+918906778777,"197, Gandhi Nagar, Lucknow",cac9382d46013171,123898.94
ACC_03711,2022-10-06,+919052919656,"462, Lake View, Jaipur",2242a35c509bfb08,40831.32
ACC_03712,2025-12-04,+917913171286,"5, Gandhi Nagar, Kolkata",441b76116ecddd5f,45017.18
ACC_03713,2024-08-01,+919557716127,"49, Station Road, Ahmedabad",704d216967c69b83,114020.12
ACC_03714,2026-03-26,+917968110797,"346, Lake View, Bangalore",91c0e00f01a60a88,94467.26
ACC_03715,2021-05-23,+918979825831,"115, Gandhi Nagar, Delhi",68e5503bab503b9b,44374.42
ACC_03716,2023-09-05,+917346851693,"222, Nehru Street, Hyderabad",cb5b5a76aa7db4e3,1100.48
ACC_03717,2024-02-21,+918633812465,"3, MG Road, Pune",0d93dc877bf1a036,2975.76
ACC_03718,2025-08-30,+917949069491,"139, Station Road, Jaipur",79f71e790c9f79b2,26525.51
ACC_03719,2025-11-11,+917367059106,"230, Park Avenue, Kolkata",c4d62c89966c9898,26363.95
ACC_03720,2019-03-06,+918451906787,"241, Ring Road, Kolkata",2f02d0c34d1f00c6,109890.88
ACC_03721,2025-11-14,+919723486770,"111, MG Road, Lucknow",99a47d5ef5b993d8,556045.14
ACC_03722,2024-01-29,+919370169131,"383, Station Road, Bangalore",65f8f9e75ec2b6e4,9425.3
ACC_03723,2023-02-10,+919346596662,"398, Nehru Street, Kolkata",dcee9958e918d4cc,63176.0
ACC_03724,2025-11-09,+919135722033,"88, Hill Road, Pune",b8df4ad26d022ae3,26363.29
ACC_03725,2025-04-24,+917875603252,"33, MG Road, Mumbai",1067c586da10b78c,12982.25
ACC_03726,2025-05-24,+918364775277,"443, Nehru Street, Chennai",d20f80a940a0854a,14181.55
ACC_03727,2025-02-24,+919001518163,"298, Civil Lines, Delhi",0ff7fc604df9c50e,9302.89
ACC_03728,2022-08-19,+919569512473,"347, Hill Road, Jaipur",32aad05d88061f8d,180431.89
ACC_03729,2023-05-28,+919118245508,"169, Nehru Street, Ahmedabad",af6babc291f2da22,39426.83
ACC_03730,2026-02-27,+918117890948,"368, Station Road, Kolkata",ec1d53e9c1fdc8c6,9035.21
ACC_03731,2024-08-13,+917152545732,"223, Nehru Street, Hyderabad",8b387f8c57181730,27171.11
ACC_03732,2025-02-01,+919360500414,"90, Park Avenue, Pune",7e36ff098cc1b18a,71484.58
ACC_03733,2025-11-07,+917016067173,"458, Park Avenue, Pune",6ee3a46e00624fbb,49328.66
ACC_03734,2026-03-29,+917641104729,"378, Nehru Street, Delhi",13d5d8a5ef865d46,15404.06
ACC_03735,2018-08-27,+918369706354,"171, Gandhi Nagar, Lucknow",eb5577899f63a156,2833.42
ACC_03736,2025-02-03,+918206350078,"251, Park Avenue, Hyderabad",de6d0460eb97a215,17774.28
ACC_03737,2025-09-03,+919594649454,"388, Nehru Street, Lucknow",7bd2b5ee7a7ce848,2655.46
ACC_03738,2022-06-27,+919655386374,"186, Lake View, Chennai",d494fb3d944e7483,98581.69
ACC_03739,2025-07-31,+918201927106,"154, Civil Lines, Bangalore",9775a88deb9d5d35,33014.44
ACC_03740,2025-03-22,+918708508143,"127, Market Street, Delhi",ffe706a255ffc7f0,120643.99
ACC_03741,2021-05-12,+919187881087,"391, Hill Road, Bangalore",920e42459ad43a66,26636.8
ACC_03742,2025-10-29,+919435703533,"83, Market Street, Mumbai",bd073e382a27f6f0,3334.01
ACC_03743,2025-08-18,+918705200781,"384, Market Street, Bangalore",40934661124d42cf,71633.06
ACC_03744,2024-03-06,+917395870132,"224, Lake View, Mumbai",2ae293504c4ec651,45185.92
ACC_03745,2025-08-22,+919618197999,"495, Lake View, Jaipur",310cc7d32af950dc,3071.62
ACC_03746,2026-02-23,+918465377003,"34, Station Road, Lucknow",c0ace506954bb1ac,3316.58
ACC_03747,2026-03-29,+917605059296,"386, Station Road, Kolkata",739894458e40ec6e,75771.13
ACC_03748,2023-10-01,+918310701842,"92, Gandhi Nagar, Kolkata",17c23555cccab8b9,24110.62
ACC_03749,2025-07-17,+918496864231,"367, Station Road, Kolkata",dfab79be5b5af78b,25583.83
ACC_03750,2024-09-02,+919231942343,"140, Lake View, Chennai",663491c894ec66d0,15917.15
ACC_03751,2025-05-15,+919368972843,"438, Market Street, Ahmedabad",449c38c2aabf5426,1358.02
ACC_03752,2025-01-24,+919638245020,"209, Gandhi Nagar, Pune",269f62afd12be9d3,14222.79
ACC_03753,2025-02-26,+917765133980,"261, Civil Lines, Jaipur",a141ac63121aa53e,281058.0
ACC_03754,2023-11-29,+918994172966,"408, Market Street, Kolkata",583610b6c5f2fa2a,15253.13
ACC_03755,2024-07-17,+918289340673,"118, Lake View, Chennai",b496b24937755893,2735.61
ACC_03756,2022-05-06,+918642849726,"296, Civil Lines, Chennai",da1939b223a1b83f,79624.72
ACC_03757,2025-06-03,+919051453489,"323, Civil Lines, Hyderabad",2d3a8013b785a63b,35240.13
ACC_03758,2022-10-30,+919854213210,"198, Market Street, Mumbai",6d1d3781bd20db1d,191114.76
ACC_03759,2023-10-20,+919311466769,"48, Station Road, Ahmedabad",b38e145bb9397e1f,1568.62
ACC_03760,2025-08-12,+918558653158,"461, Market Street, Kolkata",1ff78750c7ba3be7,2488.33
ACC_03761,2025-06-22,+919980281678,"441, Market Street, Ahmedabad",1a481f4339037152,1387.6
ACC_03762,2021-10-21,+917568188843,"251, Civil Lines, Kolkata",b4da12f221c1acc7,5691.41
ACC_03763,2025-12-28,+919874531462,"203, Hill Road, Bangalore",cfd5df3eff752090,40755.9
ACC_03764,2025-06-02,+918915803608,"485, MG Road, Jaipur",9d5f3eab8d170e9b,3542.53
ACC_03765,2024-12-01,+919694951115,"120, MG Road, Hyderabad",11969a49436d50a5,42716.27
ACC_03766,2023-03-01,+919979164218,"39, Ring Road, Kolkata",37408c1c11903608,16763.57
ACC_03767,2025-03-24,+917124668976,"165, Park Avenue, Pune",f67a9adf38f440f1,107145.95
ACC_03768,2024-03-22,+917422403549,"122, Lake View, Pune",f81d2dfe3bc51655,1452.69
ACC_03769,2025-07-10,+919974004057,"409, Park Avenue, Delhi",545a7bf4c2bcde3b,998220.28
ACC_03770,2022-06-18,+918969398604,"470, Market Street, Mumbai",3b2e992876d17058,942941.15
ACC_03771,2024-11-29,+919789998574,"202, Gandhi Nagar, Pune",dcec9a27091c6631,6894.34
ACC_03772,2025-03-19,+918875290350,"140, Hill Road, Jaipur",8ce45241bd9152b9,2270.05
ACC_03773,2025-11-01,+917017495520,"204, MG Road, Ahmedabad",f30608b894235eef,1393.33
ACC_03774,2025-07-15,+919368058884,"135, Station Road, Pune",04a26e1b8c31bbfe,21109.04
ACC_03775,2022-12-10,+918738419165,"400, Gandhi Nagar, Lucknow",3709a5f726d405a9,1661.18
ACC_03776,2026-01-15,+919655154831,"58, MG Road, Mumbai",c5bff2af89dc4590,148525.36
ACC_03777,2022-07-06,+917678847117,"330, Market Street, Mumbai",9502d58e2a505281,9634.73
ACC_03778,2025-04-10,+918283786169,"328, Market Street, Hyderabad",0cf7f4b453e5ba24,534.22
ACC_03779,2022-09-27,+917104329531,"250, Hill Road, Jaipur",a9d89b2517ef7520,2674.77
ACC_03780,2024-06-26,+917694820229,"14, Nehru Street, Mumbai",55f3e12dd37d7c29,18957.61
ACC_03781,2024-03-08,+919752370179,"133, Station Road, Pune",a4b71c86dad64750,9765.99
ACC_03782,2025-12-12,+919681233060,"287, Gandhi Nagar, Kolkata",96a164e2b7c3a847,2847.45
ACC_03783,2025-01-25,+917506031785,"430, Park Avenue, Kolkata",bd0314b6516c2e0a,14273.68
ACC_03784,2026-02-22,+919337414464,"166, Hill Road, Delhi",a07f367711f8fefd,9463.84
ACC_03785,2022-12-12,+917515257549,"238, Gandhi Nagar, Ahmedabad",62b764b091652c31,3460.89
ACC_03786,2025-04-02,+919620622389,"357, Hill Road, Bangalore",1dd55f2ec2476457,4340.73
ACC_03787,2023-09-25,+919135814639,"88, Hill Road, Lucknow",941c63731fe8da55,34298.78
ACC_03788,2025-05-15,+917755602649,"338, Nehru Street, Bangalore",3417ad47a747d579,27929.54
ACC_03789,2025-07-30,+917018438419,"450, Gandhi Nagar, Kolkata",cdc97739301a7710,12067.53
ACC_03790,2018-03-11,+917061854899,"256, Gandhi Nagar, Jaipur",2762fc2f2b69a14d,6165.09
ACC_03791,2025-12-07,+917156477532,"434, Civil Lines, Lucknow",c5f9cf99a389858e,7000.25
ACC_03792,2024-09-24,+918165702156,"376, Park Avenue, Delhi",98f717dd0bf7d5c2,37406.62
ACC_03793,2020-09-17,+919953975062,"430, Market Street, Hyderabad",f0510955e9764240,2365.37
ACC_03794,2025-05-15,+917619774517,"426, Station Road, Lucknow",e60dd6d776203095,7395.96
ACC_03795,2024-07-12,+917142163699,"104, Station Road, Lucknow",b6bd35672b3407a9,53685.67
ACC_03796,2024-06-19,+918123542635,"186, Lake View, Lucknow",02650d24e396cb65,55155.21
ACC_03797,2024-01-28,+917460517921,"292, Hill Road, Kolkata",3d81a4b5ea6e76bf,860.77
ACC_03798,2025-05-06,+917492650533,"275, MG Road, Kolkata",23b60b756408f507,216967.4
ACC_03799,2022-10-27,+917389109391,"18, Civil Lines, Kolkata",8ccabc43e3fae5f8,30038.1
ACC_03800,2023-05-04,+919244403096,"187, Gandhi Nagar, Kolkata",3386ecd755064dd6,56445.15
ACC_03801,2023-02-28,+918227267696,"168, Gandhi Nagar, Delhi",1f4ef64c87167ebf,5661.75
ACC_03802,2023-11-06,+917648767934,"407, Gandhi Nagar, Mumbai",5b1849f73509c863,30163.06
ACC_03803,2024-02-06,+918826140325,"390, Lake View, Delhi",4f749192fed7cd04,45801.0
ACC_03804,2025-05-19,+918601242342,"40, MG Road, Lucknow",e55a0cf72c8d13d4,92202.95
ACC_03805,2025-12-09,+918411143135,"151, Station Road, Chennai",249ada7f467343da,4854.8
ACC_03806,2025-11-06,+917436358808,"380, Ring Road, Pune",f2f188003c6bdd6e,7002.85
ACC_03807,2025-07-02,+919826169420,"137, Ring Road, Delhi",44df05c80bcae7fe,7240.64
ACC_03808,2025-03-06,+919684559763,"102, Gandhi Nagar, Delhi",de9bc697e93dfa2b,18875.09
ACC_03809,2026-03-29,+918035698609,"401, Park Avenue, Hyderabad",0879474af9dac249,21267.72
ACC_03810,2023-05-15,+918295951840,"430, Hill Road, Hyderabad",fdaa5b7de8d2c2a5,53209.9
ACC_03811,2023-10-31,+917623662465,"308, Nehru Street, Bangalore",88de6db473898287,33043.52
ACC_03812,2024-01-07,+919283425651,"423, Market Street, Bangalore",12ebb7c55d3c40a5,
ACC_03813,2024-02-20,+917683770107,"356, MG Road, Pune",b6df75a24b6b41b8,62185.36
ACC_03814,2025-04-18,+919165354483,"114, MG Road, Jaipur",aebf104a9c557d6b,107773.36
ACC_03815,2022-12-05,+917407091070,"282, Station Road, Lucknow",50599293f342035e,15069.61
ACC_03816,2020-04-18,+917150983366,"192, Nehru Street, Pune",de5d9ece64e445de,144849.65
ACC_03817,2022-12-21,+917995061115,"133, Station Road, Pune",239fc25060e112e8,3011.28
ACC_03818,2024-11-28,+919347660815,"498, Civil Lines, Delhi",4adc2310678fcfa9,61059.5
ACC_03819,2024-02-09,+917776922374,"324, Lake View, Pune",dffc55953f3a2d14,105463.19
ACC_03820,2024-09-01,+917534351303,"399, Nehru Street, Delhi",641c828c4101991f,81175.0
ACC_03821,2024-12-19,+918252807505,"39, Gandhi Nagar, Mumbai",302e5c2e24578ccb,2401.82
ACC_03822,2024-09-20,+919808632580,"25, Market Street, Delhi",f2190f35ee83934b,107438.11
ACC_03823,2024-08-09,+918710368982,"426, Park Avenue, Kolkata",430d0b076a3b6a85,24381.57
ACC_03824,2025-10-26,+919916524125,"176, Station Road, Hyderabad",086f354e8e3e6a6f,56180.97
ACC_03825,2024-04-30,+917720109816,"139, Nehru Street, Pune",c5cfbf5113cdc24a,5109.73
ACC_03826,2024-09-28,+917575198548,"404, Park Avenue, Kolkata",1ec02242760238ce,9716.43
ACC_03827,2025-02-13,+917607436571,"290, Gandhi Nagar, Lucknow",7cfd3327de80e8af,5886.2
ACC_03828,2025-05-19,+918609222801,"248, Nehru Street, Mumbai",6b3d08082fa1a3a4,15287.82
ACC_03829,2021-11-01,+917678901214,"6, Lake View, Chennai",702035911b4fdda3,4630.64
ACC_03830,2023-07-14,+919788403950,"20, Ring Road, Pune",52676660e26557e8,8372.51
ACC_03831,2025-01-12,+918131986531,"90, Hill Road, Hyderabad",965620236bf0bbc5,39257.02
ACC_03832,2025-06-28,+919745270253,"202, Nehru Street, Kolkata",129e8a63842af181,42102.05
ACC_03833,2025-09-29,+918456656675,"385, Civil Lines, Mumbai",3ec4cba36efa06a3,4730.3
ACC_03834,2025-01-27,+917244272149,"111, Station Road, Lucknow",bb7ded2b51a96e2b,20487.65
ACC_03835,2016-09-27,+918275270000,"337, Civil Lines, Bangalore",cf9ee3be34e9a5f1,11894.1
ACC_03836,2023-12-04,+919589574749,"84, Ring Road, Chennai",a41043104ab6a2d7,8678.33
ACC_03837,2023-12-30,+917110611273,"126, Gandhi Nagar, Lucknow",0b54d3a91d218957,39573.8
ACC_03838,2025-09-15,+917923446172,"222, Gandhi Nagar, Lucknow",e4a70151f9f7b0d4,707.37
ACC_03839,2025-05-22,+917652468318,"306, Station Road, Jaipur",4807707e4e4221e0,55060.88
ACC_03840,2024-05-25,+918519347934,"303, Ring Road, Pune",55d38965392322c4,85800.48
ACC_03841,2024-05-02,+918160104122,"3, Gandhi Nagar, Delhi",cbd779fc48acbf8e,42836.75
ACC_03842,2024-10-26,+919765443521,"98, MG Road, Chennai",a5743f38dfc10267,5967.3
ACC_03843,2024-05-21,+919826672642,"450, Park Avenue, Chennai",80bfef37ae7a7269,4476.17
ACC_03844,2025-09-30,+917352357508,"453, Civil Lines, Delhi",f1d20f9317793dbc,14199.19
ACC_03845,2024-10-05,+919562368169,"187, Lake View, Kolkata",7300e24521146f0f,8244.16
ACC_03846,2025-08-17,+917231744951,"222, Lake View, Pune",71cfff57a414bc15,42545.85
ACC_03847,2024-02-26,+918570554414,"428, Market Street, Kolkata",20a41182a2c6ee16,14354.16
ACC_03848,2025-02-22,+917715347987,"350, Station Road, Bangalore",fc187d88940b5bf4,379168.28
ACC_03849,2025-08-25,+919689782426,"405, Gandhi Nagar, Kolkata",72d3948d8fdafe23,44413.02
ACC_03850,2024-09-25,+918318692147,"468, Hill Road, Ahmedabad",0d1bbe72b59ecedb,12174.82
ACC_03851,2024-07-04,+919147623346,"54, Ring Road, Chennai",4432bd92f1729723,91397.33
ACC_03852,2025-12-26,+918273111491,"77, Gandhi Nagar, Chennai",27753dc28214c9a7,33739.66
ACC_03853,2025-10-31,+917028647759,"351, Market Street, Lucknow",8067e731baa3ec82,4654.56
ACC_03854,2025-11-23,+918512684509,"385, Civil Lines, Delhi",3c970f503a3f491c,16557.36
ACC_03855,2025-08-12,+918614100316,"212, MG Road, Pune",41da26bc4d8a8188,27886.3
ACC_03856,2026-01-04,+919931108322,"351, Hill Road, Mumbai",cacaa5c1fb7e376b,14362.5
ACC_03857,2025-09-02,+917913509853,"372, Gandhi Nagar, Ahmedabad",917217b7e494b7c4,11213.73
ACC_03858,2025-01-23,+917669920682,"411, Park Avenue, Delhi",b28e199f53c868b1,11056.69
ACC_03859,2025-04-25,+918249576042,"296, Gandhi Nagar, Kolkata",afd32bee6cc123ef,1858.28
ACC_03860,2025-10-16,+918778568277,"77, Station Road, Lucknow",82d89739d8327ec8,8291.27
ACC_03861,2024-12-20,+917769323556,"253, Hill Road, Delhi",6e38fa510a880e92,113405.69
ACC_03862,2026-03-29,+919454383428,"238, Station Road, Delhi",1be3da3ec0e6eb14,
ACC_03863,2022-03-23,+917311866620,"68, Civil Lines, Delhi",20e799ee61d9173c,28535.13
ACC_03864,2024-08-14,+917386067568,"344, Civil Lines, Pune",22c639bfcb2b7584,14298.9
ACC_03865,2026-01-14,+917305599397,"367, Nehru Street, Chennai",6eed4179aa54981f,279578.9
ACC_03866,2026-03-02,+917731735115,"404, Park Avenue, Pune",3f96515c3f249ad7,206695.29
ACC_03867,2025-02-14,+917601632934,"489, Hill Road, Mumbai",027416fd7c944031,10903.09
ACC_03868,2024-08-16,+917771135686,"244, MG Road, Hyderabad",ad0ac7332c7f7ef7,44395.07
ACC_03869,2024-01-15,+918229115291,"470, Ring Road, Lucknow",f8c48c8a1bad05a4,29258.87
ACC_03870,2025-09-09,+918227640486,"396, Station Road, Bangalore",e6a7a72bcf16f0a6,1788.98
ACC_03871,2018-05-07,+918773796024,"237, Nehru Street, Kolkata",6f0f8e7f9a9ff776,11319.41
ACC_03872,2024-11-09,+917369634492,"263, Market Street, Kolkata",7ea3c98b0c249c18,72395.06
ACC_03873,2020-11-19,+918189117921,"277, Nehru Street, Bangalore",1ea3817845788ad4,15950.84
ACC_03874,2025-04-16,+918070582300,"440, Nehru Street, Bangalore",da949044c3ab1497,16834.33
ACC_03875,2023-09-24,+918227372816,"183, Market Street, Ahmedabad",0bdc55e328f609ac,10472.25
ACC_03876,2026-03-29,+919103037809,"440, Park Avenue, Ahmedabad",68659f305c10a8ef,11969.34
ACC_03877,2026-03-29,+918610616096,"24, Hill Road, Lucknow",5bc676f77bb286e5,7942.51
ACC_03878,2025-04-22,+918626316117,"401, Market Street, Lucknow",93c9582a967d7730,41592.77
ACC_03879,2024-12-20,+918404984223,"211, Market Street, Delhi",901e6e35a914c02a,11799.52
ACC_03880,2025-07-23,+918756004119,"17, Station Road, Delhi",76a901c217be0620,32805.97
ACC_03881,2025-01-14,+918666119582,"291, MG Road, Bangalore",63b11fcfd6c404ef,42800.76
ACC_03882,2023-05-26,+919506003126,"274, MG Road, Kolkata",c5f2bd43eb2b0d56,
ACC_03883,2025-06-24,+919475298476,"227, Lake View, Hyderabad",47422ab84be49c88,12321.38
ACC_03884,2025-09-30,+919887112437,"140, Civil Lines, Mumbai",7b1c4157bd83a6df,30960.74
ACC_03885,2025-11-23,+917767758856,"369, Park Avenue, Hyderabad",86469c8e4eb01b4f,67896.29
ACC_03886,2025-11-03,+919250168827,"360, Gandhi Nagar, Ahmedabad",632cc2f6c535c1ae,
ACC_03887,2025-07-27,+918756022786,"195, Station Road, Pune",86c2116291d45d05,107901.24
ACC_03888,2024-03-04,+918950242170,"109, Gandhi Nagar, Delhi",4418d90c34aad86d,6241.12
ACC_03889,2025-02-05,+917679102830,"487, Gandhi Nagar, Hyderabad",d6bb1275aac52843,24112.83
ACC_03890,2022-09-30,+917022145636,"48, Park Avenue, Ahmedabad",c911c6390514b155,427967.96
ACC_03891,2025-11-08,+917557596770,"291, Hill Road, Hyderabad",dd6e9233640d98a4,13504.42
ACC_03892,2025-06-16,+919078239328,"280, Nehru Street, Mumbai",92d5cd85333a10ed,1270.76
ACC_03893,2025-05-19,+919913714491,"317, Lake View, Chennai",b9beee44d4422b31,2894.74
ACC_03894,2023-12-25,+919358975257,"454, Nehru Street, Chennai",4fabbb6f61d0b44d,512348.97
ACC_03895,2025-11-11,+917298882815,"461, Gandhi Nagar, Delhi",919ba75a8637e815,2867.61
ACC_03896,2024-07-12,+918795348237,"150, Station Road, Delhi",3c55b243d441e573,13983.69
ACC_03897,2024-07-19,+917510596799,"151, Market Street, Bangalore",c403b438876d8f43,5613.36
ACC_03898,2024-09-08,+917766468225,"145, Lake View, Lucknow",a72da814007d2b93,500.0
ACC_03899,2024-02-13,+919827112606,"231, Station Road, Bangalore",57f63cc5fa1e2134,34189.0
ACC_03900,2025-06-19,+918644156457,"47, MG Road, Hyderabad",91e07b085b06a49f,10674.28
ACC_03901,2024-10-14,+917764127640,"173, Hill Road, Lucknow",75cede32cb3cc334,7757.07
ACC_03902,2023-07-18,+917861706807,"174, Lake View, Delhi",abb12a58d3cf21ac,3692.84
ACC_03903,2025-10-30,+917609925196,"178, Market Street, Pune",1f89cccc076c4ec4,8352.03
ACC_03904,2024-12-10,+918912932147,"394, Lake View, Delhi",48f28fc3d0569f26,7783.22
ACC_03905,2025-11-10,+918466726163,"15, Market Street, Hyderabad",c2549425df506370,1096.83
ACC_03906,2025-04-10,+918045232676,"60, Ring Road, Ahmedabad",1d509eb78c1003c6,62326.83
ACC_03907,2024-03-17,+918350800765,"75, Lake View, Delhi",85d900cd1a2211b7,1745186.58
ACC_03908,2023-01-31,+917363863982,"474, Market Street, Mumbai",47d9b944676f9457,20440.32
ACC_03909,2024-03-18,+918890751184,"39, Hill Road, Hyderabad",a69463e09092bf14,7653.84
ACC_03910,2025-02-16,+917307371239,"300, MG Road, Ahmedabad",473a977a4a4a39e9,
ACC_03911,2024-07-30,+917865795521,"70, MG Road, Kolkata",50b2037981d52232,95494.33
ACC_03912,2025-04-21,+918725634811,"279, Park Avenue, Hyderabad",9a7245b480cc51ee,62074.25
ACC_03913,2025-09-30,+919884143528,"481, Market Street, Lucknow",a54b4b2e8031cd07,18434.66
ACC_03914,2024-11-04,+918599949436,"319, Civil Lines, Delhi",9d66a898314ad330,21679.14
ACC_03915,2026-03-29,+918761573181,"123, Lake View, Lucknow",754ba4ba72603293,35317.04
ACC_03916,2026-02-05,+919061906951,"76, MG Road, Delhi",8b00115296414084,246717.7
ACC_03917,2023-11-26,+917359359441,"415, Lake View, Hyderabad",1ebb6fd461f7df24,14710.38
ACC_03918,2025-06-19,+918694620136,"330, Station Road, Hyderabad",d99ecf46b532ace7,22805.38
ACC_03919,2025-05-01,+919206409055,"120, Nehru Street, Ahmedabad",2326a0f57468a757,260069.17
ACC_03920,2023-05-14,+919167652076,"398, Market Street, Ahmedabad",a2639f54e96cc49b,58215.77
ACC_03921,2023-03-25,+918932803544,"495, Gandhi Nagar, Jaipur",b8df929d9799e890,7815.06
ACC_03922,2022-01-04,+917499758150,"45, Ring Road, Delhi",a38c1cb4a6ce3628,18434.49
ACC_03923,2025-03-14,+918317858698,"172, Nehru Street, Kolkata",11b74766181178b1,21135.55
ACC_03924,2023-12-30,+919960986056,"26, Gandhi Nagar, Ahmedabad",1c6a1093a66cfa29,69490.15
ACC_03925,2025-08-02,+919216268202,"464, Park Avenue, Kolkata",36fc69676c1b7e80,44873.91
ACC_03926,2024-09-07,+918491957480,"18, Gandhi Nagar, Pune",2a8d9503ad8fffa8,2665.26
ACC_03927,2025-05-25,+919172035846,"435, Nehru Street, Jaipur",13875a29e894eb2b,40909.68
ACC_03928,2025-11-06,+919112019602,"270, Ring Road, Hyderabad",472a7c1049036b4f,20654.89
ACC_03929,2025-03-21,+918787127622,"417, Hill Road, Ahmedabad",7df92b20adcfe287,2861196.9
ACC_03930,2025-09-10,+917343592762,"279, Lake View, Delhi",3dcb0a5513b1e1d8,593174.77
ACC_03931,2024-11-23,+918297751373,"20, Civil Lines, Bangalore",ef5a257cdccbaa13,285014.52
ACC_03932,2025-04-22,+917158932358,"82, Lake View, Bangalore",a27c5a3fea4a2c6c,17497.18
ACC_03933,2024-12-12,+918096249993,"439, Market Street, Jaipur",5dae12f08e5565be,11283.75
ACC_03934,2021-02-20,+917850682824,"412, Park Avenue, Lucknow",1a08f8bbd279637d,8152.58
ACC_03935,2025-10-04,+917105020374,"421, Market Street, Kolkata",c2e4c5961183d977,11397.54
ACC_03936,2024-11-30,+918147384551,"455, Civil Lines, Jaipur",1cdb253cdc84b0b7,2691.55
ACC_03937,2025-11-21,+918256862637,"257, Lake View, Hyderabad",474b04394521fd5a,9089.21
ACC_03938,2025-09-05,+919972386217,"117, Station Road, Mumbai",2437c00178b6be3a,26509.49
ACC_03939,2026-03-20,+919305227688,"393, Civil Lines, Ahmedabad",8b3cccbfbdd42a6b,
ACC_03940,2022-07-17,+918422694133,"425, Ring Road, Lucknow",050e73322b592317,32340.22
ACC_03941,2024-09-10,+918290569004,"407, Lake View, Delhi",b861063213ccc8f6,19217.77
ACC_03942,2021-07-20,+918170167009,"390, Nehru Street, Mumbai",52a966342b9b8296,
ACC_03943,2024-12-03,+918452189417,"72, MG Road, Hyderabad",c2e0bb6248db8b9e,53875.31
ACC_03944,2025-07-26,+917998389503,"394, Lake View, Mumbai",1bbfb383b1e61a30,68732.09
ACC_03945,2024-06-24,+919052981380,"477, Civil Lines, Chennai",31d4bb1bc04c0fb7,8472.77
ACC_03946,2026-02-07,+918627475321,"153, Nehru Street, Ahmedabad",b97d4a866fcbb84a,26754.36
ACC_03947,2024-04-05,+919448524411,"330, Lake View, Delhi",3073f15e877ad63e,23830.45
ACC_03948,2023-08-24,+918505746548,"254, Station Road, Hyderabad",cf7f5ae22e93453f,27858.87
ACC_03949,2023-03-11,+919831640131,"237, Hill Road, Mumbai",38d8ca6678b046a2,749.8
ACC_03950,2026-03-29,+917752021953,"276, Park Avenue, Pune",0f95cb1fe19f7ae1,140193.19
ACC_03951,2026-03-29,+918863935535,"407, Gandhi Nagar, Chennai",c0fbb892ead783e9,53436.29
ACC_03952,2023-07-02,+918529626742,"111, Market Street, Jaipur",1e746f05cc1e2c22,139521.88
ACC_03953,2024-01-05,+917845272627,"140, Park Avenue, Ahmedabad",269a55de5c2210d8,2339.43
ACC_03954,2024-11-01,+918541988573,"454, Civil Lines, Kolkata",011719593f50317c,5119.99
ACC_03955,2025-09-01,+917169105248,"346, MG Road, Kolkata",3aa7fd72cdc8196b,18857.1
ACC_03956,2026-02-05,+918516255407,"174, MG Road, Lucknow",4a356c6a3b731932,13047.46
ACC_03957,2023-01-10,+917723117820,"266, Civil Lines, Jaipur",3172d5d64da75685,21274.09
ACC_03958,2025-06-22,+919950642678,"362, Hill Road, Hyderabad",cee40d8e27697559,17332.02
ACC_03959,2020-05-19,+918057756465,"17, Station Road, Kolkata",20cbee19c53e7bfe,8926.88
ACC_03960,2023-01-26,+918083374284,"23, Lake View, Jaipur",8b40a745c819c759,9169.2
ACC_03961,2016-09-27,+919178242343,"338, Lake View, Pune",d67f81193f8bdf1a,773868.48
ACC_03962,2023-06-24,+919367110651,"198, Civil Lines, Delhi",7cd6b35292db37d9,6764.77
ACC_03963,2024-02-28,+918976208037,"223, Station Road, Mumbai",0ad026c211891397,18676.14
ACC_03964,2024-05-02,+919022329736,"459, Gandhi Nagar, Lucknow",46bcd87e03543d85,
ACC_03965,2021-12-28,+919950503686,"90, Park Avenue, Jaipur",e252261fb5562818,32765.54
ACC_03966,2025-07-08,+918528311995,"289, Gandhi Nagar, Ahmedabad",3488850ed482a315,85645.74
ACC_03967,2026-03-29,+918277854749,"430, Hill Road, Mumbai",c76386082646a841,33611.94
ACC_03968,2026-01-16,+919244052611,"472, Gandhi Nagar, Chennai",51538cf428429b1f,30509.33
ACC_03969,2025-02-09,+918809678003,"228, Park Avenue, Ahmedabad",d00b3cdae6824f30,100801.15
ACC_03970,2016-09-27,+919048118729,"330, Gandhi Nagar, Pune",0a1b9b44cea6384b,2431.98
ACC_03971,2025-10-01,+917123793485,"136, Park Avenue, Bangalore",2f26b7ce29a29d77,58667.05
ACC_03972,2024-10-10,+919108323072,"397, Civil Lines, Ahmedabad",d78dd19b1c6319a4,23170.19
ACC_03973,2016-09-27,+919496589577,"76, Nehru Street, Hyderabad",ced8ee1b9d81468b,33540.33
ACC_03974,2024-05-27,+919703892314,"102, Lake View, Delhi",753f9870aa3651b1,76764.28
ACC_03975,2022-01-12,+917462283364,"460, Station Road, Mumbai",c40a95618f2f9a23,534718.34
ACC_03976,2024-01-23,+919954563064,"251, Lake View, Lucknow",10bd20932d0b5290,44125.51
ACC_03977,2024-10-18,+917942764484,"406, Ring Road, Ahmedabad",70551e244358486f,4448.89
ACC_03978,2024-05-08,+917064257466,"485, Ring Road, Ahmedabad",fb5d7b973b6d16b2,19540.06
ACC_03979,2024-02-21,+917296136481,"382, Station Road, Mumbai",7360a6961ed16ed0,104830.02
ACC_03980,2024-05-28,+919860325642,"130, Nehru Street, Ahmedabad",2047f14e02e74ed9,2196.11
ACC_03981,2024-11-04,+919408254308,"175, Station Road, Ahmedabad",0fed24a808dabca9,93615.59
ACC_03982,2024-08-12,+919434950844,"28, Gandhi Nagar, Hyderabad",d1aefb3f9856db21,67271.88
ACC_03983,2023-12-09,+918257420913,"339, Lake View, Kolkata",78bafbb7a04bd948,1768.31
ACC_03984,2025-09-04,+918164804619,"230, Park Avenue, Jaipur",8216f6ce55cb892d,
ACC_03985,2026-03-29,+918487506632,"325, Ring Road, Pune",a6c5cb18159ca657,47675.47
ACC_03986,2025-02-24,+919537769432,"116, Hill Road, Kolkata",5a8496a977d7004b,307345.22
ACC_03987,2024-12-21,+919334109794,"446, Hill Road, Bangalore",94f58f0d17579b16,26717.81
ACC_03988,2025-04-20,+919737611423,"63, Market Street, Bangalore",f2661a0d64c27aa0,19371.43
ACC_03989,2024-08-27,+919567348349,"204, Civil Lines, Jaipur",d659a5107993f1f3,35368.0
ACC_03990,2025-03-21,+919762825681,"419, Ring Road, Mumbai",e5313ee2c0e4a937,466407.36
ACC_03991,2025-10-13,+918092794558,"489, Hill Road, Bangalore",8add1420b18acbb1,100565.32
ACC_03992,2024-07-29,+917063390480,"364, Gandhi Nagar, Chennai",3f29eecbb699ed06,40720.83
ACC_03993,2025-10-26,+919476361372,"209, Hill Road, Ahmedabad",f641319215a676e4,19113.63
ACC_03994,2023-01-09,+917025137207,"320, Hill Road, Mumbai",6452f4f2fe0a6693,500.0
ACC_03995,2026-03-22,+919808080187,"498, MG Road, Chennai",2dbc12e545d934e5,6380.22
ACC_03996,2025-04-14,+919104823835,"325, Hill Road, Mumbai",6f5828ddc0e0c5df,3504.39
ACC_03997,2024-11-05,+917849792588,"484, Lake View, Jaipur",74c26f2825e0bd5f,18255.95
ACC_03998,2023-11-19,+917438243982,"326, Park Avenue, Hyderabad",7c296c815e059d89,
ACC_03999,2026-03-05,+919302760186,"454, MG Road, Mumbai",4287eaf7eca4fe0b,44920.03
ACC_04000,2022-05-15,+918331598838,"245, Ring Road, Pune",6c61c11f23738ce8,1330.47
ACC_04001,2023-12-25,+917973607364,"32, Gandhi Nagar, Jaipur",b22654cc4d957216,193445.96
ACC_04002,2024-05-22,+919513002345,"137, Hill Road, Lucknow",b53f442a9689b52f,28164.9
ACC_04003,2025-08-05,+918103475569,"256, Lake View, Hyderabad",0140aebf6bc225fe,41389.5
ACC_04004,2021-05-19,+917734301738,"276, Ring Road, Pune",7a975092e62d81d2,36717.47
ACC_04005,2025-06-28,+917680207111,"176, Market Street, Lucknow",b87ac43677a419e8,1648.18
ACC_04006,2021-03-20,+918645677668,"387, Nehru Street, Mumbai",040f708c31573260,15225.47
ACC_04007,2024-10-26,+919097948031,"398, Market Street, Ahmedabad",ec5249ccea1ee5c3,768259.29
ACC_04008,2025-08-25,+918005774163,"109, Lake View, Jaipur",15fbfe3a09b01f85,37060.61
ACC_04009,2025-09-12,+917153104857,"222, MG Road, Kolkata",374a243f6c57499c,3947.65
ACC_04010,2023-10-04,+917204471519,"46, Hill Road, Lucknow",80bd016524ca6989,25082.41
ACC_04011,2024-11-20,+918361738782,"420, MG Road, Bangalore",e306d7ef5aae79c4,5880.1
ACC_04012,2025-06-07,+917295471992,"248, Lake View, Lucknow",3fa086e1dcebc47d,177762.58
ACC_04013,2025-11-17,+919042780459,"144, Lake View, Pune",accdd60a9c515563,13773.16
ACC_04014,2024-09-28,+917807066498,"153, Market Street, Mumbai",ab2380a642c6d5c1,4586.31
ACC_04015,2023-12-20,+918238899273,"88, Ring Road, Jaipur",3e0f8e7a94b044bb,14440.98
ACC_04016,2022-10-21,+918882138408,"264, Lake View, Delhi",09c0b3312ca85232,169828.2
ACC_04017,2025-04-07,+918436413915,"10, Market Street, Bangalore",7cf67ebb66311e1b,9356.28
ACC_04018,2025-07-16,+919481909740,"2, Ring Road, Bangalore",bc350089b7bcc155,1766.01
ACC_04019,2025-08-10,+919989119501,"249, Hill Road, Lucknow",12ea35de5d15d1fa,63088.01
ACC_04020,2024-06-25,+919727990387,"365, Nehru Street, Kolkata",3eace5b0580ae64c,82684.65
ACC_04021,2023-09-22,+917471965091,"201, Market Street, Pune",d8059428b0e8f337,12957.99
ACC_04022,2025-01-24,+919845629373,"121, Park Avenue, Ahmedabad",f713e811ce78ad96,200942.78
ACC_04023,2024-07-23,+917929002763,"78, Hill Road, Mumbai",6329f832f6b7a5d8,5948.16
ACC_04024,2025-11-19,+917107192930,"256, Ring Road, Pune",660bf6d6ca0d66e5,22563.2
ACC_04025,2023-04-09,+917055897491,"274, MG Road, Hyderabad",f2e0310fe8b1afdc,26064.43
ACC_04026,2023-03-09,+917013200958,"400, Civil Lines, Kolkata",f296f64fac9e7a75,68680.55
ACC_04027,2022-01-14,+918861563720,"275, Ring Road, Jaipur",40acd92ed650ee91,19791.84
ACC_04028,2026-02-04,+917117648437,"269, Park Avenue, Jaipur",7a3d119685b3cb56,129460.55
ACC_04029,2025-07-19,+917804679814,"138, Nehru Street, Hyderabad",80a8a39d46891691,33719.75
ACC_04030,2024-05-04,+918838772052,"433, Civil Lines, Mumbai",2d35edb80b5fafc7,11682.34
ACC_04031,2025-10-06,+919977239328,"126, Hill Road, Bangalore",26c4272c2bf50a74,91530.16
ACC_04032,2024-08-02,+918721601018,"206, Hill Road, Kolkata",1337fab1b9330565,24711.95
ACC_04033,2025-10-20,+919770943289,"364, Station Road, Kolkata",9e0568614415b3eb,12977.1
ACC_04034,2025-02-24,+919506379652,"337, Hill Road, Bangalore",5028ad7ad62e8e6c,34052.09
ACC_04035,2022-07-09,+919964700984,"266, Station Road, Mumbai",da36e080604f2fd5,34763.16
ACC_04036,2025-10-29,+917090733864,"492, Park Avenue, Jaipur",b253a686f393565a,29700.13
ACC_04037,2025-07-17,+917323705118,"464, Lake View, Jaipur",f19f03c7363e60e1,19803.43
ACC_04038,2025-01-16,+919450689988,"96, MG Road, Kolkata",005f5e30a5068baf,23145.42
ACC_04039,2026-03-14,+919966855825,"247, Lake View, Mumbai",74695623177fd478,4216.5
ACC_04040,2025-02-04,+919454589678,"280, Civil Lines, Bangalore",bc570b6e102038ef,7062.23
ACC_04041,2021-08-22,+918752876826,"77, Nehru Street, Chennai",523a1a35ff7e617e,260069.38
ACC_04042,2025-05-03,+918954335484,"5, Civil Lines, Hyderabad",838c81206ddedf38,121891.94
ACC_04043,2024-09-01,+917563209167,"275, Ring Road, Lucknow",c5514fe30a5db5ea,44719.42
ACC_04044,2022-11-13,+918390811963,"59, Nehru Street, Bangalore",219ef36e46d3ef38,2250.49
ACC_04045,2022-01-09,+917140941975,"192, Gandhi Nagar, Bangalore",be443419c4a796e4,10255.97
ACC_04046,2023-02-18,+919038998917,"185, Park Avenue, Bangalore",0f4310afacca9ba9,280082.12
ACC_04047,2020-05-29,+918667989090,"430, Park Avenue, Mumbai",3716e12394de90a1,3929.31
ACC_04048,2024-12-14,+918923257869,"10, Market Street, Bangalore",a7beebad802ba812,21369.72
ACC_04049,2024-05-18,+918074681844,"437, Gandhi Nagar, Bangalore",d6f85ff13cd8e894,62598.59
ACC_04050,2023-03-01,+918134831946,"375, Park Avenue, Pune",259f8d4e07482ffc,4580.69
ACC_04051,2024-10-07,+918745422529,"187, MG Road, Bangalore",516622d00ae4db3d,9665.99
ACC_04052,2025-02-26,+918231877383,"453, Market Street, Bangalore",d77d3c43c27ed5cb,15033.97
ACC_04053,2024-03-04,+917000688431,"247, Nehru Street, Delhi",45e91c06ddd2557a,218791.51
ACC_04054,2025-07-20,+918322686060,"318, Market Street, Kolkata",7de3287e5fe417e1,
ACC_04055,2025-12-20,+919509785393,"156, Market Street, Mumbai",106be270648c0554,18318.27
ACC_04056,2022-03-29,+918038730984,"176, Hill Road, Pune",1282aeab0ff0f4a2,14716.13
ACC_04057,2024-03-23,+919441035900,"56, MG Road, Lucknow",b37accfe0f58966a,28251.83
ACC_04058,2025-10-27,+919731645659,"181, Station Road, Lucknow",8c19c7282bf2219d,33306.11
ACC_04059,2025-05-24,+919647210015,"99, Civil Lines, Delhi",84284f20b88157d9,27366.86
ACC_04060,2025-02-05,+918609225607,"301, Park Avenue, Lucknow",37aecbb000b85447,2977.24
ACC_04061,2025-06-23,+917297897414,"333, Nehru Street, Delhi",dc3ab5e5a2dc3582,4819.32
ACC_04062,2022-09-24,+919103826950,"153, Hill Road, Kolkata",e7c07aba15dd6741,200697.16
ACC_04063,2024-07-28,+918851701582,"430, Ring Road, Mumbai",5f4efd175896c6f3,136851.74
ACC_04064,2021-09-21,+917669497598,"241, Ring Road, Kolkata",9df41f330dd91ec4,17338.91
ACC_04065,2025-09-26,+917677445545,"294, Station Road, Bangalore",96c6cc3bf213db41,88337.58
ACC_04066,2023-01-17,+919584705473,"13, Park Avenue, Delhi",f91e3d1d597a734c,7654.24
ACC_04067,2026-02-19,+917381245585,"121, Park Avenue, Jaipur",c10a78671d34bf91,4207.12
ACC_04068,2023-09-01,+919922728755,"391, Gandhi Nagar, Hyderabad",b46b419d59cdaa41,4485.35
ACC_04069,2023-07-19,+919335603990,"487, Station Road, Mumbai",138a7ff97524c881,1747.14
ACC_04070,2025-08-07,+918257575331,"165, MG Road, Bangalore",4bdbb216f75390a3,8836.9
ACC_04071,2024-01-18,+917158738947,"270, Park Avenue, Lucknow",79eb5f62b7005fa1,38289.56
ACC_04072,2024-08-15,+917250073398,"188, Lake View, Jaipur",13c0aea2e79f3fd5,65035.23
ACC_04073,2024-10-24,+917803641508,"441, Civil Lines, Chennai",77c9aeefeaae2ec0,22835.55
ACC_04074,2025-03-02,+918696767705,"195, Civil Lines, Jaipur",74d98d579c6e9b8f,5725.68
ACC_04075,2021-10-19,+919744443249,"4, MG Road, Chennai",ebab2879c9a6947b,214210.47
ACC_04076,2016-09-27,+917320755618,"174, Market Street, Bangalore",55ae1a066d1f3635,13742.4
ACC_04077,2024-10-23,+917969741104,"354, MG Road, Chennai",ea89588b2711dc0c,28228.12
ACC_04078,2026-02-04,+918445067675,"172, Civil Lines, Lucknow",24e0633ed85e8493,7228.8
ACC_04079,2024-08-24,+917183389382,"214, Market Street, Kolkata",5e756b4db56a6bf2,11297.72
ACC_04080,2025-01-17,+919840665991,"93, MG Road, Hyderabad",12ff8d70bce03e6c,415655.49
ACC_04081,2024-05-20,+918950412297,"204, MG Road, Mumbai",8377c8d4e22535af,10453.89
ACC_04082,2026-03-28,+917114437563,"80, Station Road, Mumbai",98edb6f0bb82a8f9,1296.48
ACC_04083,2026-03-29,+918983757576,"88, Lake View, Ahmedabad",b41c86a21fdb862a,258588.91
ACC_04084,2025-01-24,+919830928691,"30, Civil Lines, Delhi",566027c75daa219f,4511.47
ACC_04085,2024-01-01,+917160632159,"178, MG Road, Chennai",d9f712c0f977e939,7709.9
ACC_04086,2025-11-06,+919572331592,"295, Market Street, Pune",be0b29bc2c46c673,13248.99
ACC_04087,2025-01-15,+917983196125,"20, Park Avenue, Bangalore",69b51cfd902ca54a,1894.17
ACC_04088,2026-01-07,+918798721878,"166, Lake View, Bangalore",4bf13181ed1d1b9c,9012.3
ACC_04089,2024-04-23,+918936703033,"82, Market Street, Chennai",105b04a90d975394,65737.35
ACC_04090,2026-02-19,+919887998099,"256, Lake View, Bangalore",54e8d963dd6b1c49,20495.52
ACC_04091,2022-11-08,+919778583832,"355, Gandhi Nagar, Chennai",0e953d4f066d7e6f,63571.91
ACC_04092,2025-10-17,+917320755051,"405, MG Road, Kolkata",76477161dba01852,1068.84
ACC_04093,2026-02-09,+919316311833,"238, MG Road, Jaipur",872beef1cb5349b6,173472.74
ACC_04094,2023-11-14,+918257445784,"237, Market Street, Kolkata",50cff1bc2dc63b9e,1211.94
ACC_04095,2025-03-11,+918711632531,"251, Lake View, Delhi",950ff185c5d0c87f,7820.53
ACC_04096,2024-08-28,+919783855416,"364, Park Avenue, Kolkata",1c792d8b99483cd2,3898.43
ACC_04097,2020-05-09,+917824356156,"3, Civil Lines, Pune",f492f0d89304ab1c,26495.61
ACC_04098,2025-06-26,+917993400618,"118, Hill Road, Lucknow",f62402d9dd124fc2,5762.67
ACC_04099,2024-02-14,+917668238122,"454, Lake View, Ahmedabad",2876f981664d92d7,298500.22
ACC_04100,2024-10-04,+919027905739,"190, Lake View, Hyderabad",90eb101a71727a38,6182.82
ACC_04101,2026-03-16,+918584479081,"130, Park Avenue, Delhi",0fa9e87b58052d3a,47156.74
ACC_04102,2026-01-15,+919043468737,"232, Station Road, Ahmedabad",9edec2916565506d,520111.39
ACC_04103,2024-04-28,+918185484327,"195, Nehru Street, Jaipur",fc0196c03fb1d4c5,20311.27
ACC_04104,2023-08-21,+917327233553,"381, Hill Road, Hyderabad",fb5770f3c3a2600d,25835.82
ACC_04105,2025-08-28,+917409241291,"252, Nehru Street, Pune",fc7338056b41099d,19181.68
ACC_04106,2025-02-28,+918642652061,"256, Civil Lines, Mumbai",f7c9e1eab8d34d45,265289.79
ACC_04107,2025-05-13,+919100556488,"472, Station Road, Ahmedabad",40a7e0428e6f4d89,343480.0
ACC_04108,2022-10-20,+919274539011,"209, Hill Road, Lucknow",9a7bf6d4b5e26577,4587.18
ACC_04109,2025-08-19,+917318662208,"373, Market Street, Jaipur",fcad6d28829627dd,234234.7
ACC_04110,2022-03-11,+918227880677,"245, Park Avenue, Jaipur",64fb9d7d02d8f6d4,38047.58
ACC_04111,2025-06-28,+917078052720,"382, Park Avenue, Lucknow",6fa76d4928dd8c40,14956.81
ACC_04112,2025-04-10,+919074814786,"132, Lake View, Pune",e99ea640d8129503,75176.88
ACC_04113,2025-06-28,+918727259853,"395, Civil Lines, Delhi",e94e2303ae00013f,14541.88
ACC_04114,2025-10-13,+918256307587,"66, Ring Road, Chennai",b84ee94c62b06cd4,83986.2
ACC_04115,2016-09-27,+918325305726,"435, Nehru Street, Mumbai",261dba1b84f87113,115118.89
ACC_04116,2024-02-20,+918577400113,"162, Market Street, Hyderabad",47f9f8890c04d101,74559.32
ACC_04117,2024-08-01,+919829858630,"244, Park Avenue, Hyderabad",997db95d5c5f872d,6228.83
ACC_04118,2026-02-24,+918982313813,"319, Hill Road, Kolkata",46e919cb2610d6a8,14934.09
ACC_04119,2025-05-13,+917219996840,"256, Lake View, Chennai",fdfca6996ae478f2,9461.76
ACC_04120,2025-12-13,+918570397249,"494, Station Road, Hyderabad",ea73190b03da6f6f,111803.46
ACC_04121,2020-09-28,+918218974593,"302, Hill Road, Pune",e0e0dccfb10c41cd,29468.12
ACC_04122,2025-07-29,+918056670163,"116, Civil Lines, Pune",a4a62d15d73d0c35,29858.23
ACC_04123,2025-11-10,+917881213400,"488, Lake View, Bangalore",f439a9c323914a99,5549.62
ACC_04124,2025-04-26,+918312826651,"423, Park Avenue, Delhi",487bd006ec218017,8534.22
ACC_04125,2025-09-07,+918526896878,"361, Nehru Street, Chennai",747cb47c5879e52f,53116.53
ACC_04126,2022-08-17,+917001918421,"498, Nehru Street, Hyderabad",335aab230724fb1f,48533.15
ACC_04127,2022-10-19,+919241552898,"82, Civil Lines, Ahmedabad",8980b5821928627e,3285.54
ACC_04128,2025-03-16,+917985153252,"138, Park Avenue, Hyderabad",65a2ff74e0e37378,7122.75
ACC_04129,2026-03-29,+918774397899,"432, Civil Lines, Bangalore",fedff7267f9e37bb,5250.9
ACC_04130,2023-05-02,+917359389658,"93, Park Avenue, Ahmedabad",4d54215764c1e45d,41609.0
ACC_04131,2025-07-13,+919340428701,"66, Station Road, Delhi",e8984408e617b566,109346.33
ACC_04132,2025-06-21,+918032305171,"456, Park Avenue, Kolkata",83e18c869a75447d,3038.01
ACC_04133,2025-01-09,+918901458134,"158, Nehru Street, Jaipur",31115c36d0ebd891,34428.11
ACC_04134,2024-12-26,+919436128248,"106, Hill Road, Kolkata",5318a90653277d4f,4209.08
ACC_04135,2024-09-27,+917132244597,"121, MG Road, Kolkata",20cbbf999729b6df,9808.67
ACC_04136,2026-01-18,+917728881273,"77, Ring Road, Chennai",fe99521cfb1fbadc,700692.38
ACC_04137,2025-06-23,+918302281185,"85, Station Road, Kolkata",d35f5642ef8d8744,3274.1
ACC_04138,2024-06-04,+917619496013,"367, Gandhi Nagar, Bangalore",5495160876eb2ecf,2842.04
ACC_04139,2025-03-30,+917139203083,"128, Ring Road, Ahmedabad",ef52a712ac95f89d,8306.92
ACC_04140,2025-01-08,+917897337118,"420, Lake View, Chennai",b6aa52327f79bf3f,7016.77
ACC_04141,2021-07-21,+917958811189,"355, Lake View, Chennai",2bf536db2237703e,21509.49
ACC_04142,2024-07-26,+918910860693,"194, Civil Lines, Kolkata",a03e6efa2192813c,169699.5
ACC_04143,2021-04-10,+919295167950,"208, Civil Lines, Chennai",29fe0e3221cfa73a,64272.19
ACC_04144,2026-03-29,+917252916749,"69, Nehru Street, Bangalore",d947fe6cacf0e1f1,81617.3
ACC_04145,2025-11-01,+919377508182,"157, Station Road, Hyderabad",98e67c686715bff1,95704.95
ACC_04146,2025-03-27,+917405184668,"300, Lake View, Lucknow",12f7c7768f93c32b,151998.27
ACC_04147,2025-10-22,+918962655843,"129, Nehru Street, Mumbai",655cd7aad3d436e7,113523.94
ACC_04148,2022-10-21,+917546987690,"263, Market Street, Jaipur",5d88b7e3a2d1de1e,6300.72
ACC_04149,2024-11-12,+919250702255,"41, Park Avenue, Kolkata",98ffca5ad9e42a0e,19256.2
ACC_04150,2025-07-26,+918622894362,"365, Park Avenue, Delhi",96ff478ac8b33489,8913.3
ACC_04151,2025-02-18,+917044411564,"210, Park Avenue, Lucknow",782f1225b9d165ca,4485.91
ACC_04152,2025-09-07,+917560883463,"84, MG Road, Mumbai",99d4869e7f7b6ad7,23617.73
ACC_04153,2026-02-19,+919378883744,"398, Station Road, Ahmedabad",6f4332360f8c5c97,16940.57
ACC_04154,2026-03-26,+918077403483,"127, Park Avenue, Delhi",3d210698e43dd0d9,8120.33
ACC_04155,2026-03-05,+918790968064,"284, Civil Lines, Jaipur",10f0636f8647db52,24841.04
ACC_04156,2025-08-19,+917074931856,"384, Lake View, Mumbai",df7a63cf77aba9b1,
ACC_04157,2025-12-10,+917972238049,"406, Gandhi Nagar, Delhi",c9c3cee089a4b148,2660.94
ACC_04158,2020-04-26,+919888351638,"310, Hill Road, Kolkata",11a9a1c0bfae8b63,28055.99
ACC_04159,2023-06-20,+919582331880,"380, Station Road, Bangalore",533d78908af40757,196396.46
ACC_04160,2024-06-19,+919090897236,"150, Lake View, Ahmedabad",3749678e4bc97133,12802.92
ACC_04161,2025-06-19,+917925069743,"166, MG Road, Lucknow",434256711044b4f7,153787.61
ACC_04162,2025-06-05,+919573904055,"334, Park Avenue, Chennai",e32448834a51be5e,3628.45
ACC_04163,2025-07-12,+917212731068,"247, Market Street, Mumbai",70b7ae22b3e912ce,91429.35
ACC_04164,2023-02-01,+917695432075,"498, Lake View, Pune",2a0aa899302de3d1,138778.22
ACC_04165,2022-08-19,+917850951612,"329, Station Road, Bangalore",327c32204bea014c,12031.52
ACC_04166,2023-08-07,+917329617883,"359, Market Street, Pune",917ba99e614ee20b,90610.67
ACC_04167,2026-03-27,+919921459242,"63, Station Road, Ahmedabad",46af38fcaa7bfc00,2861.5
ACC_04168,2025-03-13,+917208250286,"104, Lake View, Pune",2c1e37e0fbd2f0f7,3438.18
ACC_04169,2024-05-07,+919689505159,"74, Market Street, Kolkata",2be76d47deef392b,29416.04
ACC_04170,2024-03-21,+919532373302,"496, Hill Road, Ahmedabad",3f0270484dd49f62,1322618.32
ACC_04171,2022-10-31,+919941451684,"391, Gandhi Nagar, Jaipur",9337624d4f057a09,13767.86
ACC_04172,2025-05-27,+919821494004,"176, MG Road, Hyderabad",cbb53aeec52c2a13,27706.67
ACC_04173,2025-10-17,+918181873109,"111, Market Street, Chennai",b624e7528ef8a216,9493.04
ACC_04174,2016-09-27,+919003523518,"316, Station Road, Kolkata",2415a57573f63ce3,7377.76
ACC_04175,2022-08-26,+917888759526,"477, MG Road, Kolkata",b585a43356a1f7fb,12033.33
ACC_04176,2025-04-12,+917942383839,"213, Market Street, Pune",adc425d2df9ee5d9,963.51
ACC_04177,2025-12-15,+919268267346,"222, MG Road, Lucknow",0fabc2be5b25f9b3,5864.66
ACC_04178,2024-01-10,+919032858197,"90, Hill Road, Mumbai",b4fbf6d274c70b31,57217.85
ACC_04179,2024-09-02,+919010119274,"475, Civil Lines, Bangalore",4e071afc0a4590b0,10742.43
ACC_04180,2024-01-06,+918479415117,"392, Park Avenue, Lucknow",9ebbbaf1ee48f219,764.14
ACC_04181,2025-04-09,+919144067244,"175, Gandhi Nagar, Ahmedabad",1b5794e6e1b68b1e,211174.73
ACC_04182,2023-02-10,+918942577364,"352, Park Avenue, Pune",ec7cdee5539412b5,2343.2
ACC_04183,2024-11-12,+918607926923,"194, Civil Lines, Jaipur",b8d8dc5e14edf1dc,20429.14
ACC_04184,2025-12-26,+919160483730,"493, Station Road, Mumbai",045460533662d260,4218.34
ACC_04185,2025-01-13,+919967992379,"464, Ring Road, Bangalore",605c4c8ba303194e,7752.11
ACC_04186,2022-06-21,+919265956373,"496, Ring Road, Chennai",a96aed138eb9b098,15450.42
ACC_04187,2022-07-28,+917554890866,"139, Nehru Street, Delhi",d9c22787db6518f4,17374.53
ACC_04188,2024-04-23,+919753399493,"150, Market Street, Lucknow",78bd2924791edb56,46250.66
ACC_04189,2025-09-24,+918147560224,"297, Civil Lines, Mumbai",6b38f9216393bc58,36836.26
ACC_04190,2024-12-11,+918498434253,"171, Ring Road, Ahmedabad",a40b4386e2ff96f6,25626.61
ACC_04191,2024-04-06,+917358050109,"100, Hill Road, Delhi",5bc618e601eee666,61149.51
ACC_04192,2025-05-07,+917542446853,"404, Lake View, Pune",df50c9ff315518f1,
ACC_04193,2024-02-13,+917100920581,"306, Hill Road, Ahmedabad",3ff7c9b89326ecf6,8968.53
ACC_04194,2024-04-22,+917831975808,"350, Market Street, Ahmedabad",36e79d26ab219a6a,
ACC_04195,2025-10-17,+919139050377,"433, Gandhi Nagar, Hyderabad",71113b8aa160de24,13470.62
ACC_04196,2024-03-25,+917979670847,"318, Lake View, Delhi",0c1d7922df794598,30194.88
ACC_04197,2024-03-19,+918668249505,"331, Lake View, Bangalore",0ed3b77d12d6c740,4660.45
ACC_04198,2024-06-27,+917610654683,"492, MG Road, Kolkata",20ce1fbeef9b0767,48142.35
ACC_04199,2025-11-08,+917970669115,"10, Nehru Street, Lucknow",00a91777bf72c967,6262.42
ACC_04200,2025-05-05,+919093981259,"369, Hill Road, Kolkata",c0a04e6291adba43,10818.69
ACC_04201,2024-02-08,+919825663798,"434, Civil Lines, Delhi",e5f523b6c4b0f8ed,41115.43
ACC_04202,2020-12-13,+917976532503,"327, Civil Lines, Bangalore",a5906c318d21e834,
ACC_04203,2025-09-09,+919754038003,"436, Lake View, Chennai",bc483251f2e9b1a8,6396.64
ACC_04204,2024-10-04,+919787875703,"285, Nehru Street, Bangalore",77e176d15f922c44,543308.31
ACC_04205,2024-12-18,+919842747104,"365, Ring Road, Kolkata",9b9a0a2d3ca6e0e3,
ACC_04206,2025-05-27,+918896812699,"132, MG Road, Ahmedabad",4eac1d8d3ae30cca,15224.74
ACC_04207,2022-12-12,+917544864841,"58, Station Road, Ahmedabad",433e20859817b60c,115676.58
ACC_04208,2026-03-29,+918924588126,"111, Lake View, Delhi",4b862d3eeda8e9ef,11705.87
ACC_04209,2022-10-24,+919356341638,"21, MG Road, Chennai",0344803ea1f327da,106872.52
ACC_04210,2025-07-21,+919964511862,"346, Nehru Street, Jaipur",a999e582d1ae36d1,3776.62
ACC_04211,2025-05-18,+917354616122,"86, Market Street, Lucknow",441f2a8db78416c0,31413.9
ACC_04212,2021-04-05,+918491280005,"334, Park Avenue, Chennai",0955852c89067e72,357155.23
ACC_04213,2023-12-01,+919234033030,"215, Gandhi Nagar, Jaipur",02732bef91ce3a8b,44981.37
ACC_04214,2024-12-03,+918413404071,"231, Civil Lines, Lucknow",d8598e637a647258,6408.3
ACC_04215,2025-09-10,+918130089322,"82, Hill Road, Mumbai",c403b1ea92eed2b1,75024.72
ACC_04216,2025-06-26,+919314447194,"233, MG Road, Bangalore",168246d67a19a637,14812.36
ACC_04217,2026-02-05,+919610622397,"101, Station Road, Kolkata",a608da76a44bd0d2,1909.79
ACC_04218,2025-04-19,+919610144316,"54, Ring Road, Chennai",d4d33aefcc60f591,90896.47
ACC_04219,2024-07-18,+918324799282,"437, Nehru Street, Bangalore",f71685b5a00fad42,5513.1
ACC_04220,2024-09-04,+919484697053,"332, Park Avenue, Delhi",e12d6a0f85eedbb9,7335.31
ACC_04221,2025-05-02,+918349751448,"226, Market Street, Hyderabad",8ce0a8a099866e4a,29619.13
ACC_04222,2024-09-03,+918432917179,"296, Ring Road, Chennai",ae0f5bcba02cf7e9,229833.4
ACC_04223,2025-02-27,+917916849837,"66, Lake View, Hyderabad",84cdb1abcdf03101,12454.31
ACC_04224,2023-03-15,+917481541400,"115, Ring Road, Chennai",19237e339e5312f3,3843.87
ACC_04225,2025-09-06,+917867291072,"354, Park Avenue, Lucknow",56e0d75d1ded707d,26158.23
ACC_04226,2026-01-01,+919699083248,"208, Nehru Street, Mumbai",d2b57a690abba03b,5330.3
ACC_04227,2026-03-29,+917118447243,"5, Hill Road, Chennai",d2675bc8531e7464,69989.47
ACC_04228,2025-10-22,+918176903568,"319, Market Street, Mumbai",772e30bbe5f37b57,12792.52
ACC_04229,2022-09-11,+917860337295,"402, Gandhi Nagar, Hyderabad",1fed266d61c363c9,98729.57
ACC_04230,2024-08-16,+917142580096,"466, Civil Lines, Mumbai",e2bfddcd2d08f5ac,13223.57
ACC_04231,2023-01-21,+919613711080,"177, Lake View, Mumbai",8d855ce1e2af5d0f,32531.14
ACC_04232,2024-12-15,+919723334475,"419, Gandhi Nagar, Delhi",5a025e0228460e3f,85407.79
ACC_04233,2021-07-07,+918569926952,"443, MG Road, Kolkata",048db48ceaf49f47,106764.98
ACC_04234,2026-02-11,+918268144404,"88, MG Road, Mumbai",5ce882356993f4ec,1810.84
ACC_04235,2026-02-04,+917417635881,"363, Park Avenue, Chennai",ca36caa60a2ac3ea,38780.97
ACC_04236,2025-10-27,+919437088803,"224, Market Street, Bangalore",328e0779015ca988,1378.54
ACC_04237,2025-02-08,+917886467717,"400, Hill Road, Ahmedabad",2ae195f688156a7f,5448.13
ACC_04238,2025-02-16,+919684059173,"140, Civil Lines, Ahmedabad",3ff43c8679213a4d,20776.98
ACC_04239,2025-09-30,+917519336049,"89, Civil Lines, Bangalore",6cb58e5a17a04487,51325.05
ACC_04240,2025-06-11,+917760746608,"114, Ring Road, Jaipur",908be26aab172193,30886.87
ACC_04241,2022-09-11,+919841157110,"435, Ring Road, Kolkata",de6c824d45afa552,18255.69
ACC_04242,2024-06-03,+918103174437,"315, Nehru Street, Chennai",9c618a86b61ec9b0,12569.82
ACC_04243,2025-11-19,+917637637847,"177, Gandhi Nagar, Ahmedabad",acbe3c855f59d414,6744.1
ACC_04244,2021-01-10,+917295834873,"44, Lake View, Chennai",fc85714ae917d399,8328.35
ACC_04245,2024-05-02,+918360195581,"328, Market Street, Chennai",e4d28ecdd688a052,13394.69
ACC_04246,2025-06-08,+919209566785,"111, Nehru Street, Hyderabad",be46c9dd087cd6d8,11394.48
ACC_04247,2024-01-02,+918401124951,"304, Station Road, Hyderabad",0df0167b47183859,21965.98
ACC_04248,2022-04-25,+918755394861,"445, Hill Road, Chennai",5f7d73f1ee9280fb,12225.03
ACC_04249,2023-09-07,+919227001021,"409, Hill Road, Lucknow",9d54d522764e3774,4389.8
ACC_04250,2022-09-29,+919848527222,"339, Park Avenue, Pune",75a19dfcc53add32,18401.44
ACC_04251,2026-03-29,+917654008593,"278, Park Avenue, Kolkata",014bc73551d094df,88283.76
ACC_04252,2022-04-27,+917278399533,"266, Hill Road, Hyderabad",4359637cd9c287f0,1253.59
ACC_04253,2024-11-07,+917877958288,"259, Park Avenue, Jaipur",e714ecbff63342ac,20557.47
ACC_04254,2024-11-02,+917037032435,"156, Gandhi Nagar, Ahmedabad",704e40b8335c6f26,3738.31
ACC_04255,2024-09-10,+919253644268,"485, Park Avenue, Kolkata",10efeb38d0f0f1c1,43528.77
ACC_04256,2025-10-24,+919915446857,"178, Hill Road, Pune",4e2df746c4ce6f66,25334.41
ACC_04257,2024-05-02,+919397458968,"417, Hill Road, Hyderabad",a8f4efee0a267a3b,19697.55
ACC_04258,2025-01-02,+919995685415,"68, Gandhi Nagar, Hyderabad",5d6ad2a1cade7a26,114166.06
ACC_04259,2025-04-03,+919968352967,"68, MG Road, Ahmedabad",98ce79ff580f1fc9,
ACC_04260,2025-07-29,+918384633801,"96, Nehru Street, Jaipur",9453e0f7fbcde3ca,33779.63
ACC_04261,2024-09-16,+918304554985,"299, Market Street, Mumbai",b5bd251ba887d4ad,5132.66
ACC_04262,2026-03-11,+919446656846,"385, Civil Lines, Hyderabad",c425f8b2d16cf2d7,1267841.48
ACC_04263,2024-02-20,+917238693332,"100, Station Road, Kolkata",db78e6405612be2f,2061.17
ACC_04264,2023-12-20,+919498188775,"86, Ring Road, Jaipur",5808761d638d72bb,74120.57
ACC_04265,2025-10-10,+918204147582,"228, Civil Lines, Hyderabad",2ca0cb1de10e2d5a,10114.54
ACC_04266,2025-08-21,+918853413733,"340, Station Road, Hyderabad",0a1f5624bd3d8d2a,5807.04
ACC_04267,2025-12-14,+918742135101,"135, Nehru Street, Chennai",c6409a71b262c999,
ACC_04268,2023-12-18,+917615105903,"439, Civil Lines, Bangalore",dce872f7f80fae05,17101.37
ACC_04269,2024-07-08,+917126363097,"315, Park Avenue, Kolkata",39e61204428f90d1,14983.32
ACC_04270,2021-01-18,+919007058196,"104, Civil Lines, Chennai",89a2fd8835528afc,115376.9
ACC_04271,2025-12-10,+918132153115,"160, Station Road, Bangalore",7525d1f111b66fd7,66922.61
ACC_04272,2024-09-28,+917598092088,"395, Park Avenue, Chennai",667c898c8492494a,14810.55
ACC_04273,2024-01-03,+919594047702,"303, Civil Lines, Lucknow",dcb362d9bad00700,49377.93
ACC_04274,2025-05-20,+918504902009,"329, MG Road, Kolkata",3abfb2837d62ef60,4706.46
ACC_04275,2025-10-30,+919999707964,"494, Station Road, Hyderabad",84abfec8dca9b6c4,2129.7
ACC_04276,2025-02-04,+917846559266,"10, Ring Road, Hyderabad",da1dbca90a6468d0,39233.58
ACC_04277,2023-10-12,+917088639334,"262, Ring Road, Mumbai",aea200fe81e0c9d1,67948.93
ACC_04278,2025-06-15,+917290501883,"431, MG Road, Kolkata",a5742a6c1f6976e4,6741.91
ACC_04279,2024-06-09,+918659774485,"420, Station Road, Kolkata",00d47890efcc4126,18844.0
ACC_04280,2021-07-02,+917888537648,"482, Hill Road, Bangalore",700ec3bc9578e7c4,42195.87
ACC_04281,2023-10-14,+919587723620,"453, Market Street, Mumbai",687ae7daf32cc5ba,188175.5
ACC_04282,2023-09-25,+917071182283,"486, Gandhi Nagar, Delhi",4d32608125b33f68,195787.44
ACC_04283,2023-04-19,+919302600876,"28, Market Street, Lucknow",c00dc938c98e9374,7991.66
ACC_04284,2024-01-13,+917617854390,"178, Ring Road, Bangalore",a1935c99bfe1b617,46969.62
ACC_04285,2025-05-04,+917808487983,"392, Lake View, Hyderabad",5086d5fd7ca83ce5,31726.86
ACC_04286,2023-09-04,+917020639967,"65, Lake View, Chennai",cab322cb0309863b,6235.03
ACC_04287,2025-12-05,+917388963240,"464, Lake View, Chennai",3832bae031f119d0,71639.61
ACC_04288,2024-10-31,+917691715919,"489, Park Avenue, Ahmedabad",41bd9a7b28478125,22363.23
ACC_04289,2023-05-15,+917903545280,"459, Park Avenue, Lucknow",5d6aeea9e77edcc2,35958.88
ACC_04290,2022-02-16,+918552586247,"282, Civil Lines, Mumbai",21ea3e95cc1f9848,15796.2
ACC_04291,2025-05-04,+918593310699,"145, Civil Lines, Pune",127e305adef14dec,2674.07
ACC_04292,2023-03-01,+918116037726,"338, Gandhi Nagar, Mumbai",68800efb9b157a28,2897.65
ACC_04293,2023-07-03,+917655074555,"62, Station Road, Lucknow",c2ea2657ffc33e8f,4629.55
ACC_04294,2024-11-19,+917332424369,"355, Lake View, Kolkata",faffe03b726ca543,91672.63
ACC_04295,2025-09-27,+918408113038,"264, Nehru Street, Delhi",22cd322a0c576fe0,27092.71
ACC_04296,2026-01-20,+919123735667,"365, Gandhi Nagar, Jaipur",cf91427e0fd4a072,72141.74
ACC_04297,2022-03-10,+918174318518,"162, Station Road, Delhi",40cdd28a018bf5ff,5529.82
ACC_04298,2024-08-23,+917487864485,"152, Civil Lines, Delhi",edd9a00be35c5538,352468.39
ACC_04299,2018-01-13,+918209050460,"73, Station Road, Delhi",fc6b7ff9b2262a9c,78426.5
ACC_04300,2024-07-22,+918232425799,"462, Park Avenue, Pune",f9edd09c19b1703d,63015.05
ACC_04301,2023-06-29,+919064845546,"375, Market Street, Ahmedabad",836c1118c5cdf901,2290.72
ACC_04302,2025-06-04,+919271949126,"324, Gandhi Nagar, Kolkata",2156f5e9e7ae896f,71662.66
ACC_04303,2026-01-28,+919960674442,"38, Park Avenue, Jaipur",26aeba531ad41bae,60103.85
ACC_04304,2024-07-16,+918402866834,"292, Nehru Street, Lucknow",302db60ad69ecfe3,2029.81
ACC_04305,2024-12-02,+919837655438,"296, Hill Road, Pune",99e29a72e493e29d,175339.8
ACC_04306,2025-11-26,+917127777729,"159, Civil Lines, Chennai",bb0044eb3d3cb466,60884.27
ACC_04307,2025-01-29,+917107991775,"263, Park Avenue, Kolkata",4e3ee7d71360cd50,95792.26
ACC_04308,2024-10-11,+917849095626,"233, Hill Road, Delhi",62ad676d9fe4c064,9445.7
ACC_04309,2023-10-02,+917881065498,"175, Nehru Street, Hyderabad",be28a30e11700779,2808.4
ACC_04310,2022-12-28,+917408402719,"441, Civil Lines, Kolkata",72117e9602a0784f,319937.22
ACC_04311,2025-02-11,+917858201119,"211, Hill Road, Delhi",de532afe47065068,537.66
ACC_04312,2025-03-27,+919421155901,"130, Park Avenue, Delhi",910e29b7ab1d35f5,4965.02
ACC_04313,2025-12-17,+919393941424,"351, Nehru Street, Bangalore",6687a40fa7bd0f5c,87504.0
ACC_04314,2025-04-26,+919027824425,"332, Gandhi Nagar, Lucknow",a3348595c5f00c19,14680.82
ACC_04315,2022-12-03,+917287547051,"488, Market Street, Jaipur",093a0910e6721aa5,48128.05
ACC_04316,2024-07-02,+917935214976,"422, Market Street, Mumbai",0470ff52f213ebe3,13852.84
ACC_04317,2022-11-12,+919293441970,"21, Lake View, Hyderabad",87fc8264bd5d96a6,7982.46
ACC_04318,2025-01-02,+919114164205,"216, Park Avenue, Pune",5ff556af93366220,2575.1
ACC_04319,2024-09-12,+918604874074,"386, Market Street, Pune",aa76ca2b8344ffb1,87553.19
ACC_04320,2025-04-13,+918724422239,"127, Station Road, Chennai",ffe1564a5b7c1536,34124.36
ACC_04321,2026-02-11,+919863921296,"179, Gandhi Nagar, Kolkata",5fd392d50f54cf4e,63759.75
ACC_04322,2023-01-15,+919916034753,"425, Market Street, Pune",34d39c91f9da8dcf,33320.79
ACC_04323,2025-11-22,+918638067731,"261, Civil Lines, Lucknow",0eb0e2dda2542a3b,3712.65
ACC_04324,2024-08-25,+917500537856,"489, Park Avenue, Ahmedabad",86d3ab69cf15ea89,69663.92
ACC_04325,2025-02-15,+917978504557,"55, Gandhi Nagar, Hyderabad",8dac18c558a9bd40,108993.05
ACC_04326,2022-10-21,+918122424653,"370, Gandhi Nagar, Ahmedabad",0910e09b45eb5bda,500.0
ACC_04327,2024-11-27,+918139777893,"324, Lake View, Kolkata",c429b9ab247816d5,14807.2
ACC_04328,2025-02-05,+917529229200,"354, Civil Lines, Jaipur",56a1f9daffd8db70,30701.09
ACC_04329,2025-05-29,+917495517044,"395, Market Street, Lucknow",a52c267655c7e37e,7455.38
ACC_04330,2025-11-13,+917358725254,"415, Civil Lines, Chennai",5f83574bbb5ed46e,
ACC_04331,2025-01-23,+917242039238,"113, Lake View, Pune",ebdd3e0e583c6c50,10647.72
ACC_04332,2025-05-01,+919740527390,"199, Gandhi Nagar, Hyderabad",7232a37a2c31e517,233900.02
ACC_04333,2025-04-02,+917160996681,"442, Nehru Street, Ahmedabad",1ab586625a827e07,62852.4
ACC_04334,2025-02-08,+917915470587,"143, Market Street, Hyderabad",3ca95b8a3f4a470b,88739.08
ACC_04335,2024-07-21,+918778575774,"319, Ring Road, Kolkata",0ad2de44bc7d145c,28360.28
ACC_04336,2020-04-24,+918664081716,"418, Ring Road, Ahmedabad",469483912d481f6b,20433.11
ACC_04337,2024-05-17,+917899773530,"469, Gandhi Nagar, Bangalore",ac21de293f308db9,150338.98
ACC_04338,2025-07-25,+917841313350,"465, Gandhi Nagar, Kolkata",aee990c7462b0053,17206.78
ACC_04339,2025-05-15,+918847971164,"293, Lake View, Jaipur",0a0a822f69f2d78c,14829.53
ACC_04340,2023-08-06,+918496543881,"362, Station Road, Ahmedabad",10245cea80f17ec7,19726.79
ACC_04341,2022-10-13,+919083508154,"455, Ring Road, Delhi",e30c6f4c810a49de,486305.56
ACC_04342,2025-04-30,+919115183380,"331, Gandhi Nagar, Kolkata",6d005943c7bb783b,23470.47
ACC_04343,2022-06-28,+917328374250,"407, Market Street, Chennai",a368985261e52a5c,167782.12
ACC_04344,2025-07-30,+919940234748,"228, Gandhi Nagar, Bangalore",dee7df0dc4215086,203061.53
ACC_04345,2026-02-12,+917870321588,"143, Park Avenue, Bangalore",d2d2404411d8e8f5,1214.95
ACC_04346,2023-04-20,+917011211121,"293, Market Street, Chennai",13e1070b25af097b,18484.36
ACC_04347,2025-08-30,+917969592063,"352, Park Avenue, Ahmedabad",0a58c40200d36022,7017.87
ACC_04348,2026-01-31,+917559393422,"346, Station Road, Ahmedabad",4d8c0061d6ed4321,6555.33
ACC_04349,2025-08-14,+917804216687,"125, Lake View, Mumbai",ea6fd28afa1c3083,90659.84
ACC_04350,2025-12-21,+918460168530,"438, Lake View, Kolkata",49dc98c1c5b05e5b,3070.5
ACC_04351,2020-03-01,+917279832704,"107, MG Road, Delhi",064478a35a2f0472,10389.18
ACC_04352,2024-10-14,+917491793556,"111, Nehru Street, Mumbai",40647c75817f08a6,2547.4
ACC_04353,2026-03-29,+918560978395,"219, Hill Road, Hyderabad",20a1510889d6d25f,20094.9
ACC_04354,2018-08-24,+919845926143,"265, Station Road, Ahmedabad",121aba01c7be40a7,11646.31
ACC_04355,2022-12-03,+919824359568,"141, Nehru Street, Bangalore",8225076cc311299f,45421.57
ACC_04356,2023-08-19,+917556089790,"273, Ring Road, Delhi",f533d38ee30df255,15774.07
ACC_04357,2026-03-19,+919589293881,"58, Ring Road, Bangalore",cb866e034feed8c1,4125.07
ACC_04358,2023-11-14,+917357958320,"270, MG Road, Delhi",abf421628ed5216c,1425.54
ACC_04359,2025-07-16,+917127799282,"88, Nehru Street, Jaipur",09067db7fb3b932b,28676.55
ACC_04360,2025-03-31,+918341406770,"43, Hill Road, Hyderabad",1ddcdfdda324c7db,51095.09
ACC_04361,2025-01-05,+918005536431,"178, Lake View, Ahmedabad",ae2b69d81372ca52,
ACC_04362,2024-01-21,+919264986256,"348, Lake View, Bangalore",76ce75e9817f3d81,29196.99
ACC_04363,2025-07-19,+917038777730,"335, Park Avenue, Delhi",260e86b397260b53,82933.37
ACC_04364,2024-06-06,+919493079412,"171, Ring Road, Bangalore",b4b6d1803ed49423,44250.73
ACC_04365,2022-12-05,+919427466763,"277, Park Avenue, Bangalore",5c45daacbee23711,719196.87
ACC_04366,2024-05-24,+919126316338,"402, Civil Lines, Ahmedabad",16a75797bf2ab3d5,123618.15
ACC_04367,2025-08-30,+917838159476,"479, Park Avenue, Mumbai",5873618808f64e8b,1004853.34
ACC_04368,2023-08-20,+919169741077,"215, Park Avenue, Bangalore",450f6011265e1fd4,112196.04
ACC_04369,2024-09-05,+919019843858,"68, Civil Lines, Chennai",5d34ba05706d551a,28131.31
ACC_04370,2026-01-13,+919580378643,"262, Gandhi Nagar, Bangalore",379210a0aaf5db54,11873.39
ACC_04371,2025-10-14,+918473124700,"21, Park Avenue, Mumbai",6546461e42125ee0,32274.92
ACC_04372,2024-01-07,+919859687350,"231, Station Road, Chennai",c8aef72aa87c3b7f,4063.42
ACC_04373,2025-03-02,+919744666123,"363, Ring Road, Hyderabad",5e8ed315181c1538,5129.19
ACC_04374,2021-08-02,+918874632316,"99, Hill Road, Hyderabad",886136b3ea1dcda0,83900.07
ACC_04375,2025-09-02,+917697257651,"250, MG Road, Lucknow",5e3b43eedb4d7f48,72108.42
ACC_04376,2024-03-19,+917453798513,"104, Lake View, Bangalore",4fd466b0624e9dbf,17002.4
ACC_04377,2025-12-13,+918218311894,"316, Park Avenue, Kolkata",1065eaa8431d43cc,163556.43
ACC_04378,2022-04-18,+917357614248,"222, Gandhi Nagar, Lucknow",603f74dcea60bd8a,176520.9
ACC_04379,2025-12-31,+918125201044,"107, Ring Road, Jaipur",7f885559a95f3465,43542.4
ACC_04380,2022-08-29,+919733627878,"443, MG Road, Hyderabad",6f8ff46ff6e60e70,28507.18
ACC_04381,2022-08-28,+918922405442,"371, Gandhi Nagar, Chennai",0f08e4b0c32ec7ca,10378.28
ACC_04382,2025-07-09,+917236347568,"130, Hill Road, Ahmedabad",c23f7872451b7460,13773.07
ACC_04383,2021-07-26,+919823468055,"340, Ring Road, Kolkata",72e2ff95f0f768c8,1780.71
ACC_04384,2024-05-15,+917092301033,"85, Nehru Street, Mumbai",564d535b64a1e09a,23542.69
ACC_04385,2025-01-02,+919701971954,"3, Nehru Street, Ahmedabad",13b84057190c6052,30270.1
ACC_04386,2019-09-04,+919600886193,"104, Station Road, Kolkata",40d5f767588149d9,2516.0
ACC_04387,2024-04-16,+919988476060,"304, Station Road, Bangalore",b7230b1e127992e6,5677.95
ACC_04388,2023-08-04,+919504693722,"303, Lake View, Jaipur",fdf0d9ff45d723fe,7135.46
ACC_04389,2022-05-05,+919384054581,"39, Nehru Street, Pune",69c75b0420ca6be7,17420.79
ACC_04390,2025-06-05,+919500683515,"193, Gandhi Nagar, Ahmedabad",be4c806ac9e92f75,23605.44
ACC_04391,2020-10-22,+919977401450,"332, Nehru Street, Kolkata",3f08baae0ee1d724,34801.61
ACC_04392,2024-10-29,+918570446899,"473, MG Road, Jaipur",4c66b2713e4e1092,17550.66
ACC_04393,2016-09-27,+917625313494,"156, Station Road, Bangalore",d3480e4bef811242,20875.48
ACC_04394,2024-11-17,+918722608059,"287, Market Street, Bangalore",6498b5b2d800fede,165525.52
ACC_04395,2025-01-22,+917346248457,"230, Park Avenue, Delhi",964f8ffd0f10fca2,405946.24
ACC_04396,2025-04-25,+917540005007,"314, Nehru Street, Ahmedabad",cd5c559e9eec5cc2,4885.47
ACC_04397,2026-01-27,+917081162364,"406, Ring Road, Ahmedabad",ff2297cec4e2dcc0,6301.91
ACC_04398,2025-08-30,+918740099809,"145, Hill Road, Chennai",50eacece03876314,38947.86
ACC_04399,2025-03-07,+919876576715,"74, MG Road, Chennai",068b4d80a9449fed,13500.4
ACC_04400,2020-01-29,+918910339392,"411, Park Avenue, Bangalore",de596b1c0fa049fd,6027.62
ACC_04401,2026-01-09,+918198803725,"415, Gandhi Nagar, Lucknow",6d1fa1ba5e5771f5,8856.15
ACC_04402,2025-12-02,+919299235274,"235, Nehru Street, Mumbai",8c8a557a90a66e9e,2686.12
ACC_04403,2025-08-15,+917635387719,"430, Nehru Street, Pune",99e22f90a91d12f4,22644.27
ACC_04404,2024-05-29,+917096959047,"100, Ring Road, Chennai",f04c82af7fb00ab5,14377.05
ACC_04405,2024-09-28,+918209415517,"251, Gandhi Nagar, Ahmedabad",1aeb84ede7e80ece,82901.5
ACC_04406,2025-02-25,+918146323197,"440, Civil Lines, Kolkata",47c5257de7a56476,101060.97
ACC_04407,2025-05-11,+918001332250,"68, Lake View, Chennai",a4c89f72d8fe95dd,12080.79
ACC_04408,2024-09-14,+917659423135,"377, Nehru Street, Hyderabad",e770a295bf68e8d1,53315.85
ACC_04409,2025-08-22,+917940564960,"284, Park Avenue, Lucknow",5509f38bfdca6ef9,3669.27
ACC_04410,2022-09-25,+919190780171,"410, Market Street, Kolkata",027e30cc64167af6,13357.79
ACC_04411,2024-10-28,+918392744652,"51, Station Road, Hyderabad",3202e737233f4830,279212.35
ACC_04412,2025-11-26,+917537845421,"30, Park Avenue, Ahmedabad",f3a758cfb1bddd15,801.78
ACC_04413,2025-10-23,+917084769237,"481, Lake View, Delhi",02113cbae377cf48,42339.47
ACC_04414,2020-12-04,+919854598711,"354, Gandhi Nagar, Chennai",d85318a1e41ac122,19667.09
ACC_04415,2025-08-15,+918665500409,"211, Market Street, Jaipur",93cb810820c08c9b,10322.75
ACC_04416,2021-10-03,+917250423350,"469, MG Road, Chennai",e3b0a2177e2fc5d6,8164.54
ACC_04417,2022-08-28,+917823468239,"402, Civil Lines, Mumbai",a467f33073d8b4f0,80974.6
ACC_04418,2023-03-10,+919446276072,"163, Station Road, Mumbai",6220165d80332cc0,4566.12
ACC_04419,2024-11-21,+918214603162,"401, MG Road, Ahmedabad",98a0c2a7cb8891da,9757.05
ACC_04420,2024-05-22,+917988003869,"37, Station Road, Ahmedabad",20a897b207e9dc21,3433.51
ACC_04421,2016-09-27,+919386459218,"142, Lake View, Mumbai",bcceb39ec7ee0edc,5411.63
ACC_04422,2023-11-29,+917851616791,"172, Market Street, Jaipur",d871011712306bab,109389.71
ACC_04423,2024-02-10,+917951940793,"93, MG Road, Hyderabad",d6d1444e69492d88,10525.91
ACC_04424,2024-11-02,+917403732267,"295, Park Avenue, Chennai",915cc0929e4ba004,102658.99
ACC_04425,2024-05-19,+917756957499,"326, Market Street, Lucknow",17ee6f81168545b2,26214.16
ACC_04426,2025-02-15,+918270451884,"25, Ring Road, Mumbai",ff7361709544f70e,4846.16
ACC_04427,2025-10-11,+918020643051,"111, Lake View, Jaipur",027c816e7062f3f0,33938.56
ACC_04428,2025-07-07,+919375026569,"119, Market Street, Delhi",c4bc6728ab9df7a1,4783.14
ACC_04429,2025-09-24,+919031754655,"73, Gandhi Nagar, Ahmedabad",825cc2c75ca1f1a4,26685.31
ACC_04430,2025-08-12,+917016577472,"342, Civil Lines, Jaipur",7151e0c2f82a76a3,38751.81
ACC_04431,2025-05-14,+917287454974,"334, Market Street, Pune",46dfae9266c75349,19010.22
ACC_04432,2024-12-03,+919644604067,"288, Market Street, Ahmedabad",d5fb33c820201d7b,335025.34
ACC_04433,2025-08-04,+918926530326,"146, Lake View, Delhi",8cf325599959fc5c,
ACC_04434,2026-03-29,+917490217859,"99, MG Road, Jaipur",3f07f8a38459a2f9,13375.34
ACC_04435,2024-02-23,+917985309724,"419, Civil Lines, Hyderabad",52119c7d0ed55505,89900.04
ACC_04436,2024-09-18,+917229894193,"377, MG Road, Pune",0aa10af7e40599a7,42480.43
ACC_04437,2026-03-15,+919335282480,"206, Gandhi Nagar, Lucknow",7d70e4bfd87ed7d6,20192.76
ACC_04438,2025-12-03,+919774698259,"130, Hill Road, Pune",cb8019859fac4b18,12007.73
ACC_04439,2025-04-18,+919661050699,"269, Nehru Street, Chennai",8ff6ec1534dcfc34,22667.75
ACC_04440,2024-05-27,+917312012814,"405, Market Street, Chennai",f272a6b38fda2d9a,3648.77
ACC_04441,2024-07-23,+917777492448,"119, Ring Road, Hyderabad",e2f73ac08f19e9ba,18922.17
ACC_04442,2024-06-03,+919926037002,"203, Station Road, Mumbai",b9526b01220e8e48,8043.25
ACC_04443,2025-11-09,+918861092063,"234, MG Road, Jaipur",7412a13441a28a9b,38091.17
ACC_04444,2018-09-28,+917824630158,"182, Park Avenue, Chennai",36388d2a41ce5b9e,20922.67
ACC_04445,2023-06-10,+918194229945,"158, Lake View, Lucknow",e660e857a53efea7,1732.56
ACC_04446,2025-05-28,+917004207240,"193, Lake View, Kolkata",f4e6ab88e9384dfd,21165.27
ACC_04447,2025-10-21,+919984404304,"259, Market Street, Bangalore",66497b26e649b9d9,77569.79
ACC_04448,2023-07-31,+919187871527,"149, Civil Lines, Bangalore",6e65362d786e5f09,57703.75
ACC_04449,2024-07-23,+917084727048,"378, Ring Road, Mumbai",e46e44824e88a580,77327.66
ACC_04450,2018-01-16,+919280667866,"446, Park Avenue, Kolkata",03070fcfa1054235,4547.18
ACC_04451,2023-11-25,+917614717162,"148, Park Avenue, Bangalore",d984868dca701c87,2055.4
ACC_04452,2023-01-19,+919793603715,"73, Ring Road, Bangalore",a27f8c7c46e4ee99,11722.02
ACC_04453,2023-06-09,+919742519185,"49, Hill Road, Lucknow",82af7d1a03fa6932,20872.28
ACC_04454,2024-10-24,+918924144385,"387, Ring Road, Jaipur",4168f16cfc284f85,6859.64
ACC_04455,2022-09-15,+917020657380,"383, Hill Road, Bangalore",f3da4b29f93cba69,10678.32
ACC_04456,2025-09-16,+917908481688,"443, Hill Road, Pune",99fa784f1d6c9670,167018.9
ACC_04457,2025-01-28,+919512876332,"89, Market Street, Bangalore",550b49acd4e2a32d,14541.25
ACC_04458,2016-09-27,+917867249906,"476, Civil Lines, Delhi",43c0249baf198938,13174.85
ACC_04459,2025-04-25,+919922137573,"474, Hill Road, Lucknow",16a8ca8d322158b3,6156.12
ACC_04460,2025-10-26,+917337684124,"362, Nehru Street, Mumbai",ea9d9406764df5cb,762.9
ACC_04461,2024-08-26,+917882554888,"320, Station Road, Chennai",ca0f0fa19c4e7c43,6463.89
ACC_04462,2024-10-04,+919987615170,"164, Civil Lines, Chennai",37947333aa827f4e,16222.66
ACC_04463,2025-08-07,+919069527908,"158, Market Street, Delhi",f6cfcc0d1482afe6,6377.38
ACC_04464,2022-06-18,+918881941031,"321, Hill Road, Kolkata",61da018d2c968dd4,1324.6
ACC_04465,2016-09-27,+917627158003,"94, Lake View, Bangalore",b41c8f925adfdfc3,11278.45
ACC_04466,2025-08-20,+919694994869,"19, Civil Lines, Hyderabad",92dec6b9a20954d5,1010898.0
ACC_04467,2018-07-25,+919703849547,"58, Market Street, Jaipur",59d1fb1cdde17422,1484.15
ACC_04468,2020-12-29,+917433549679,"82, Lake View, Ahmedabad",3d5dafb0292cc640,15558.31
ACC_04469,2024-05-17,+918889574568,"139, Nehru Street, Pune",a17e3731f2222875,36591.43
ACC_04470,2025-12-28,+917779825744,"260, Market Street, Hyderabad",92c6ebc4f0a5f132,65365.43
ACC_04471,2025-07-28,+918835329792,"376, Civil Lines, Bangalore",8466023fa5aca471,112075.83
ACC_04472,2025-03-09,+918362490930,"408, MG Road, Jaipur",da93facc21264c2b,227725.74
ACC_04473,2024-06-06,+919663383445,"87, Station Road, Chennai",5592ac68fba55784,21408.22
ACC_04474,2025-02-02,+917989049026,"203, Nehru Street, Hyderabad",336a01f225ec66c5,295416.41
ACC_04475,2025-09-18,+917803005369,"402, Park Avenue, Chennai",3273848bc53891c2,184556.4
ACC_04476,2023-02-14,+917309685639,"497, Gandhi Nagar, Pune",393678b4cea66e08,11493.48
ACC_04477,2024-09-04,+919684768059,"424, Lake View, Jaipur",04f6da2b7af2c54d,23427.14
ACC_04478,2026-03-29,+917568528147,"158, Gandhi Nagar, Lucknow",9adb0320d70cdda6,10617.96
ACC_04479,2024-02-26,+918188449440,"200, Civil Lines, Jaipur",ad8afc207c24f305,30610.46
ACC_04480,2025-11-14,+918517328624,"146, Station Road, Chennai",2b26d4a4cfef61cf,162073.43
ACC_04481,2024-09-20,+918742462988,"170, Park Avenue, Jaipur",01bd9ae2226cdd00,12132.74
ACC_04482,2025-11-24,+917148202244,"441, Civil Lines, Pune",f24e338b19027dda,5492.55
ACC_04483,2025-03-14,+918634565807,"223, Market Street, Jaipur",4e7864a495d25e34,4095.32
ACC_04484,2024-06-10,+917555031847,"333, Civil Lines, Delhi",7e4f230ad17c5296,724015.33
ACC_04485,2025-02-11,+918661299878,"119, MG Road, Mumbai",b3cd84b16fd29b3d,699.62
ACC_04486,2025-06-11,+918147577587,"491, Station Road, Lucknow",6376a06545037cf7,27504.47
ACC_04487,2025-05-16,+919810434355,"19, Civil Lines, Bangalore",ab708e9bc8147b4c,255222.45
ACC_04488,2024-06-20,+919110645595,"82, Nehru Street, Pune",ee1fcacdcca7f086,274772.77
ACC_04489,2023-02-22,+919986993282,"29, MG Road, Ahmedabad",11359821302acb12,5541.01
ACC_04490,2025-10-16,+917417650027,"45, Civil Lines, Kolkata",eaab7ca3ac7fec45,13284.03
ACC_04491,2024-10-11,+917435647582,"46, Gandhi Nagar, Delhi",6316d62d02d844b7,9221.84
ACC_04492,2024-11-03,+919406501873,"33, Civil Lines, Bangalore",7cedb05a1e74f227,3932.39
ACC_04493,2025-09-29,+919270477921,"106, Station Road, Ahmedabad",de378e3afccd5a35,179538.54
ACC_04494,2025-10-16,+919753676566,"53, Civil Lines, Ahmedabad",df43c24362231258,34997.02
ACC_04495,2022-11-06,+918205403077,"219, Lake View, Pune",8a2d970d7bb47d83,5319.2
ACC_04496,2024-11-20,+918773454318,"388, MG Road, Chennai",e599e5572dcecd75,128499.26
ACC_04497,2026-03-29,+919444753595,"147, Hill Road, Kolkata",802d3277ce37b3b7,6505.05
ACC_04498,2025-01-21,+919279737870,"212, MG Road, Lucknow",0b60e01422d68bd8,9804.04
ACC_04499,2020-04-19,+919150269512,"215, Lake View, Ahmedabad",40de028fc4d45870,73064.32
ACC_04500,2020-11-15,+917587616356,"396, Station Road, Ahmedabad",84344598c9fc4fb2,75576.47
ACC_04501,2026-03-29,+917674116371,"349, Station Road, Jaipur",99d3c2f0ea541022,22049.48
ACC_04502,2023-11-10,+919406540342,"476, Civil Lines, Jaipur",bb331d012b1288bb,10297.89
ACC_04503,2025-08-18,+919984979696,"64, Civil Lines, Pune",fa238a0cfd7514ba,58364.0
ACC_04504,2025-10-01,+919321824430,"148, Gandhi Nagar, Lucknow",48691c5481a889ae,
ACC_04505,2025-03-18,+919515015058,"356, Market Street, Hyderabad",2a28a8c0b9ef2adf,20909.87
ACC_04506,2023-11-28,+918219545146,"99, Hill Road, Hyderabad",db66b260211083ef,18657.31
ACC_04507,2021-07-09,+917047430882,"317, Station Road, Lucknow",e9cfaf71d477108f,75749.6
ACC_04508,2024-12-09,+918740784533,"104, MG Road, Bangalore",94510aeb6047d558,104484.5
ACC_04509,2026-03-18,+919219401995,"294, Market Street, Ahmedabad",b13e13efcd913657,
ACC_04510,2025-01-23,+919552945648,"180, Lake View, Hyderabad",8d96fe0c853abdd0,24454.08
ACC_04511,2025-04-08,+919798926421,"174, Gandhi Nagar, Ahmedabad",2456e55b00d780fa,19835.83
ACC_04512,2025-05-01,+919589902389,"211, Gandhi Nagar, Jaipur",855289abcc09d243,22847.82
ACC_04513,2025-07-25,+919139776099,"361, Hill Road, Lucknow",7f68fd2ee587e1a9,154592.03
ACC_04514,2025-09-26,+918500965533,"464, Station Road, Ahmedabad",fca2db93702060c9,2834.54
ACC_04515,2024-12-14,+918147903135,"437, Market Street, Hyderabad",0cabf7b2a12bb6c5,24941.73
ACC_04516,2025-10-23,+919943651887,"176, Civil Lines, Ahmedabad",f6534e017c6d7aee,159903.18
ACC_04517,2024-10-26,+919332771764,"1, Market Street, Mumbai",cad7e77dee05a7e3,6327.22
ACC_04518,2026-03-13,+917132579790,"261, Civil Lines, Lucknow",e894f1c23cdb500b,35866.27
ACC_04519,2024-10-06,+917182265975,"176, Market Street, Jaipur",f1ef198a639a5cf0,16185.26
ACC_04520,2026-02-10,+919396335011,"316, Lake View, Mumbai",33339c3b563d0d57,14159.39
ACC_04521,2025-01-18,+919734570548,"415, MG Road, Hyderabad",f632cbb0d7f8fce2,
ACC_04522,2025-10-12,+917281304118,"136, Nehru Street, Chennai",28fe65634d781dd6,300209.13
ACC_04523,2024-12-21,+917580518533,"281, Hill Road, Mumbai",1dae75193c7472f7,34551.46
ACC_04524,2023-01-14,+919843262538,"239, Market Street, Bangalore",6f111850b1b02bc3,11220.64
ACC_04525,2025-05-30,+918887023091,"6, Hill Road, Hyderabad",b0ca2bedbe5bcc87,7752.78
ACC_04526,2026-03-27,+917111492158,"188, Park Avenue, Jaipur",6be84f8953576b1c,15610.36
ACC_04527,2025-10-15,+917054402707,"137, Market Street, Jaipur",65ff03a353510486,39019.1
ACC_04528,2025-05-28,+919833151866,"227, Nehru Street, Chennai",71bb44e33f167c6e,2711.55
ACC_04529,2025-09-02,+917968731233,"19, Lake View, Lucknow",f7d4ecefeb4c7bb1,33381.1
ACC_04530,2025-04-21,+917621436114,"252, Park Avenue, Chennai",c5c75784e4027fba,224271.66
ACC_04531,2026-02-10,+918416184255,"12, MG Road, Hyderabad",c8e713c321e7109c,8962.01
ACC_04532,2026-02-13,+918344652345,"253, Ring Road, Kolkata",b6c05bd9ac09bba7,124334.47
ACC_04533,2025-06-14,+918148393974,"445, Market Street, Lucknow",30d4a93f20fc17d2,14940.45
ACC_04534,2024-05-06,+919573805427,"75, Station Road, Pune",d1af6bc25eb87247,7482.98
ACC_04535,2023-12-18,+917527888298,"144, Station Road, Mumbai",0d329394e8549074,
ACC_04536,2019-07-08,+919050920422,"58, Gandhi Nagar, Jaipur",ee48ad7b586e76ca,7616.48
ACC_04537,2023-01-01,+918903998420,"348, Hill Road, Pune",37099f147a88d818,25271.11
ACC_04538,2025-06-21,+917687974930,"102, MG Road, Mumbai",87f78910bab19eab,363516.77
ACC_04539,2025-06-12,+917115781412,"264, Hill Road, Lucknow",d2db981f1bdf3e59,10079.29
ACC_04540,2025-04-03,+918427008848,"394, Station Road, Jaipur",6018ecf47fb8b2c6,13869.1
ACC_04541,2020-12-26,+918829361840,"63, Nehru Street, Bangalore",cd09c24fff0d4df1,7879.81
ACC_04542,2024-09-11,+919044341536,"157, Park Avenue, Jaipur",7ebf22eea2d326a7,30409.66
ACC_04543,2025-08-19,+919867693894,"76, Gandhi Nagar, Lucknow",70e13898dbc6ba84,543704.03
ACC_04544,2026-02-02,+919877175247,"265, Nehru Street, Delhi",328f499229fea792,12094.99
ACC_04545,2024-12-28,+917288297524,"39, Lake View, Delhi",fc51bcfacc7b71ae,3688.85
ACC_04546,2024-12-25,+917580627955,"363, Hill Road, Pune",0b844d498ca5ce0b,127480.4
ACC_04547,2025-10-27,+919277618660,"498, Ring Road, Chennai",df3cc97538237fdd,97468.07
ACC_04548,2025-01-18,+917219315269,"302, MG Road, Mumbai",4a0c7d12f402d23b,33100.72
ACC_04549,2021-11-23,+917947054344,"376, Station Road, Chennai",0743232ce3eef18a,40640.06
ACC_04550,2026-03-15,+918532468950,"459, Station Road, Jaipur",b941391e9cdccc4b,12455.91
ACC_04551,2023-07-02,+918578332985,"66, Station Road, Delhi",efc8387247889c02,19931.98
ACC_04552,2025-04-27,+917114565905,"299, Ring Road, Ahmedabad",f99ed94f1de7f5c7,170628.14
ACC_04553,2023-10-13,+919305163935,"2, MG Road, Hyderabad",0a18879dbcd179b4,328161.13
ACC_04554,2022-05-19,+919585871654,"19, Nehru Street, Chennai",06f285284df3da45,67879.96
ACC_04555,2025-02-12,+918436290475,"203, MG Road, Chennai",fcdd9bb56413bdc9,52022.86
ACC_04556,2025-06-18,+919132807165,"131, MG Road, Ahmedabad",fba9a35bbb7c2337,13318.7
ACC_04557,2024-02-08,+918345005706,"425, Ring Road, Hyderabad",03253248f8ea95c3,44204.49
ACC_04558,2026-03-29,+918362015087,"497, Hill Road, Bangalore",9415d5f5c430067f,4956.2
ACC_04559,2023-06-21,+918381640644,"227, MG Road, Kolkata",1fb2a0bf9811d363,8180.68
ACC_04560,2025-03-23,+919431447951,"42, Station Road, Lucknow",e681abd8f6f072aa,104179.69
ACC_04561,2024-09-08,+919549685875,"17, Gandhi Nagar, Jaipur",965d9359b4ddc515,123020.45
ACC_04562,2025-12-01,+919507627721,"155, Gandhi Nagar, Delhi",fa52dbd94ecf2c4e,65801.31
ACC_04563,2024-12-08,+919566595801,"457, Market Street, Bangalore",426c1dc3193250f3,59490.63
ACC_04564,2025-09-28,+917763501435,"297, Nehru Street, Ahmedabad",1285c1459ebf6530,1102.3
ACC_04565,2025-12-01,+917346851512,"340, Market Street, Pune",767a2d1d576a4009,3296.62
ACC_04566,2025-02-11,+917070360946,"348, Hill Road, Mumbai",78f3cc9b9483d215,10212.02
ACC_04567,2024-07-08,+917371539269,"263, Nehru Street, Delhi",b7de58d2110ea7c6,36754.53
ACC_04568,2025-10-09,+917332715073,"133, MG Road, Jaipur",54b20a0382ada8cf,253678.81
ACC_04569,2022-11-14,+917492349208,"131, Lake View, Mumbai",5530d640d896673e,70766.82
ACC_04570,2020-10-12,+919519777982,"452, Lake View, Chennai",b142f6e40033eb49,21041.81
ACC_04571,2025-11-05,+919012977818,"281, Park Avenue, Mumbai",e82f78ac0e4ca1cd,3212.95
ACC_04572,2023-09-08,+919231167000,"208, MG Road, Lucknow",786c9e465583c399,8656.09
ACC_04573,2024-12-19,+919337415957,"121, Nehru Street, Ahmedabad",f99d59ea672fe874,29791.52
ACC_04574,2025-02-19,+919552018351,"279, Ring Road, Ahmedabad",3f8cb19708459315,32983.53
ACC_04575,2026-03-24,+918142416874,"266, Market Street, Kolkata",0a4035a18900db58,138552.14
ACC_04576,2026-03-18,+917169260115,"12, Station Road, Chennai",89ba66340012506c,26251.76
ACC_04577,2023-09-05,+919212554579,"371, Civil Lines, Ahmedabad",97a819dc472c21de,18861.69
ACC_04578,2022-06-30,+917672370831,"49, Gandhi Nagar, Kolkata",d86d0774731614d9,138475.23
ACC_04579,2024-06-01,+918644433466,"72, Civil Lines, Chennai",93948bc252f42468,10365.51
ACC_04580,2024-08-28,+919967078417,"44, Market Street, Pune",ab0400cd0d4e7614,3451.06
ACC_04581,2024-08-20,+918714429068,"493, Gandhi Nagar, Lucknow",a8da8662a4aa24ba,22574.61
ACC_04582,2025-06-21,+918218825541,"89, Ring Road, Bangalore",daae58dc8e2e6287,50399.24
ACC_04583,2024-06-05,+919316066053,"117, MG Road, Kolkata",874b9593d9492a25,47461.11
ACC_04584,2025-12-07,+918369581232,"70, Station Road, Jaipur",47f355a7ee2e6605,112140.3
ACC_04585,2016-09-27,+918948072840,"432, Station Road, Delhi",d18a00b09a8e37c3,8139.31
ACC_04586,2025-02-17,+918089225965,"23, Station Road, Hyderabad",7300a50a6acf9a1f,286911.63
ACC_04587,2023-11-19,+917865883066,"148, Station Road, Pune",35c7d07bef14321b,321841.42
ACC_04588,2025-01-06,+917842845583,"382, Civil Lines, Hyderabad",5009645006a385a6,6114.36
ACC_04589,2025-06-30,+918671845222,"463, Gandhi Nagar, Mumbai",b2e21b3b1fb1c509,24791.69
ACC_04590,2025-04-16,+919745135304,"298, MG Road, Bangalore",fac08bb437908c69,1542.56
ACC_04591,2021-09-24,+917812370742,"422, Park Avenue, Lucknow",22c3252673e69e93,
ACC_04592,2026-03-29,+919203194066,"307, Park Avenue, Kolkata",22aafbc007f8ac3a,109588.15
ACC_04593,2024-11-25,+918799290038,"269, Station Road, Pune",b4bc37ccc4e6f210,31335.83
ACC_04594,2025-08-04,+917779022286,"43, Gandhi Nagar, Ahmedabad",b6ca52f23d6fd2fe,5803.6
ACC_04595,2025-01-05,+919722185888,"429, Nehru Street, Bangalore",ecf50efaed6c1dc8,
ACC_04596,2024-05-04,+919075924105,"260, Gandhi Nagar, Ahmedabad",8ef73472d0461c89,35932.94
ACC_04597,2026-03-01,+919853470155,"292, Civil Lines, Pune",38a1ee3866866e67,1640.58
ACC_04598,2023-12-09,+918122133110,"276, Station Road, Kolkata",5bf85cb1a2186f6d,15203.46
ACC_04599,2023-04-06,+918742580363,"450, Civil Lines, Chennai",01b92cecfd654f07,59253.84
ACC_04600,2025-09-15,+919150585917,"156, MG Road, Kolkata",712da35764c4a183,1196.15
ACC_04601,2025-01-23,+917979394918,"6, Station Road, Delhi",ee969cec5fccd71a,12445.45
ACC_04602,2025-12-25,+919622186817,"71, Gandhi Nagar, Mumbai",f65d3df999203438,37190.58
ACC_04603,2025-01-09,+917152093746,"29, Lake View, Jaipur",25c46d6ad77d3a27,162150.16
ACC_04604,2023-05-19,+919673828561,"213, Nehru Street, Hyderabad",62dab9f5af5db827,59030.86
ACC_04605,2020-06-18,+917398867897,"307, Lake View, Lucknow",f0cc0e2d3f6f0b16,2828.84
ACC_04606,2023-02-06,+919543878392,"280, Station Road, Pune",313095ed22627ebf,9905.77
ACC_04607,2024-08-24,+918712387270,"233, Station Road, Mumbai",c2ed73b0ea3b8d84,77043.65
ACC_04608,2021-08-28,+919818407579,"76, Lake View, Lucknow",df279958e2af651c,3518.03
ACC_04609,2024-05-25,+919617699296,"235, Gandhi Nagar, Hyderabad",5393b32f9b3b7232,38065.7
ACC_04610,2024-08-13,+919651639992,"453, Hill Road, Chennai",9226ce4e6ad86029,106630.17
ACC_04611,2025-05-23,+917221173736,"181, Nehru Street, Jaipur",0c1c9fea5bb5ad79,25580.56
ACC_04612,2024-11-24,+919352621949,"30, MG Road, Bangalore",a708057e691a47da,16271.98
ACC_04613,2024-02-13,+917550019990,"437, Ring Road, Mumbai",fe35bf2ffeaffc6b,38904.06
ACC_04614,2024-03-07,+918407950037,"16, MG Road, Pune",074ee55cdedd827a,11277.27
ACC_04615,2024-04-21,+918641245042,"438, Civil Lines, Pune",34cd9ffa0cca856a,159456.89
ACC_04616,2025-12-25,+917343048973,"433, Civil Lines, Delhi",0fe9ae73acc46468,52068.8
ACC_04617,2025-03-12,+918987711336,"290, Lake View, Jaipur",f8f3ff14952223f2,12115.47
ACC_04618,2024-09-17,+919140940547,"181, Lake View, Chennai",e46ecfc3ab277ccf,10917.95
ACC_04619,2026-02-12,+918466541546,"229, Hill Road, Chennai",7b05689a0b9804dc,203910.98
ACC_04620,2022-08-14,+918126237245,"46, Gandhi Nagar, Kolkata",63c03242ca8df925,1232.37
ACC_04621,2025-01-09,+918229294708,"398, Nehru Street, Jaipur",2a881b74e2734f2d,11431.03
ACC_04622,2025-11-12,+919639950357,"28, Lake View, Jaipur",ce46d9d6ec6c696d,9942.53
ACC_04623,2025-03-02,+918333773793,"171, Civil Lines, Lucknow",5a0143d84e499a8e,13809.05
ACC_04624,2025-12-10,+919163156396,"245, Market Street, Mumbai",ddfed3945cf75f8f,7561.03
ACC_04625,2024-12-27,+918049680696,"277, Park Avenue, Kolkata",fd234925413e93f7,10819.34
ACC_04626,2016-09-27,+918181476755,"232, Hill Road, Jaipur",5f08d77afc063e79,67990.36
ACC_04627,2024-05-03,+919136898218,"291, Ring Road, Hyderabad",2df74c1c7e5cf0e7,1658.72
ACC_04628,2026-01-19,+919659706016,"263, Ring Road, Lucknow",dbbe237e8afa284b,39467.93
ACC_04629,2025-02-21,+919099155381,"335, MG Road, Kolkata",e270065fc8e76d83,78834.9
ACC_04630,2019-06-24,+917226402878,"101, Lake View, Mumbai",9105e67d3ba103d1,498038.48
ACC_04631,2020-04-30,+918864488216,"61, Nehru Street, Mumbai",6f48760ceb81603d,2762.29
ACC_04632,2025-08-13,+918648053181,"420, MG Road, Bangalore",7b4e6c9bf1caffa2,26153.53
ACC_04633,2023-07-29,+918269833458,"474, Park Avenue, Bangalore",7a91d7ef2646181c,87246.25
ACC_04634,2025-12-17,+919038879680,"44, Civil Lines, Ahmedabad",051a56ad90c1f9f8,86294.26
ACC_04635,2025-01-16,+919410723419,"312, Gandhi Nagar, Kolkata",88e10001cb9afe3b,20882.08
ACC_04636,2024-07-14,+918200789209,"51, Park Avenue, Kolkata",fad21433078faa96,548055.92
ACC_04637,2025-07-17,+917662849449,"380, Lake View, Delhi",7b87c4b49251a579,20067.89
ACC_04638,2025-03-26,+917794383899,"480, Station Road, Lucknow",77e6f599f2ab7247,110810.12
ACC_04639,2021-04-30,+917606581335,"373, Nehru Street, Lucknow",b30479ee949ce243,4177.44
ACC_04640,2025-12-23,+919801640026,"396, Civil Lines, Bangalore",93e4a02873b6168a,6599.13
ACC_04641,2020-10-27,+917733568781,"21, Market Street, Bangalore",8f0948081df44b4b,49559.53
ACC_04642,2025-06-25,+919874140545,"324, Market Street, Bangalore",50351d524646147b,3247.8
ACC_04643,2022-12-18,+919314915635,"283, Park Avenue, Bangalore",e6d16e60da82e798,2081.15
ACC_04644,2022-05-07,+917735333734,"342, Gandhi Nagar, Jaipur",adeb37db3c8a27bb,107262.41
ACC_04645,2023-02-03,+917678643542,"465, MG Road, Bangalore",0d86738cb798e7ec,141390.4
ACC_04646,2025-06-29,+919260733464,"374, Hill Road, Lucknow",4917de24f4d987ee,117386.79
ACC_04647,2025-12-24,+917906887830,"285, Lake View, Mumbai",3c1115db47dcbb1b,11030.84
ACC_04648,2023-06-10,+917772748271,"311, Lake View, Chennai",f92c4cd16d336feb,1049.46
ACC_04649,2025-07-12,+917163566408,"208, Ring Road, Chennai",4389780ffcd6547f,11171.77
ACC_04650,2025-04-07,+918461169305,"353, Market Street, Bangalore",0f3b1a81c1f30428,
ACC_04651,2023-06-05,+918317584497,"30, Market Street, Delhi",02cfedfdf38fd47d,4701.22
ACC_04652,2024-05-14,+918586302981,"199, MG Road, Pune",d92ff43c1ed705c9,2964.26
ACC_04653,2024-06-05,+917464821114,"73, Station Road, Chennai",78dd85b71ba6bf1a,6893.8
ACC_04654,2026-03-21,+919387250212,"256, Gandhi Nagar, Delhi",2808405ed77a4328,42450.01
ACC_04655,2024-11-24,+918978559971,"309, Gandhi Nagar, Bangalore",36d229d3ef937711,60590.61
ACC_04656,2017-05-29,+919271808452,"375, Station Road, Pune",9e5dc7e68827238a,30121.05
ACC_04657,2021-08-28,+918356581918,"179, Nehru Street, Pune",20d38bd49c499f98,13811.08
ACC_04658,2025-08-19,+919642725224,"8, MG Road, Delhi",aa161e38273b8f49,110001.0
ACC_04659,2025-03-22,+917063724900,"311, Gandhi Nagar, Mumbai",eaf9a04eb188afee,16688.26
ACC_04660,2023-04-20,+919242645535,"237, Hill Road, Chennai",e6024f512552f746,66846.12
ACC_04661,2020-01-30,+918314272457,"200, MG Road, Mumbai",461ba6e5fd7d0d58,15484.81
ACC_04662,2022-04-15,+917202645191,"16, Gandhi Nagar, Bangalore",8743113ba743550e,
ACC_04663,2021-09-13,+919828150156,"300, Gandhi Nagar, Hyderabad",db0cb64e7e6be6b9,13971.23
ACC_04664,2025-03-28,+919196728837,"264, Civil Lines, Hyderabad",73001bbef969a390,6043.36
ACC_04665,2025-07-06,+919008142224,"431, Hill Road, Lucknow",e8b3406008f2b108,2689.6
ACC_04666,2024-01-10,+917263794536,"77, Ring Road, Lucknow",b2ef8eabd0e3ae94,127935.6
ACC_04667,2020-12-16,+918599288080,"399, Civil Lines, Lucknow",5ebc0a0dddc03f92,673.9
ACC_04668,2026-01-26,+918399344983,"85, MG Road, Chennai",36a8b80eedcd2b3f,3928.96
ACC_04669,2025-05-14,+919191075017,"231, Nehru Street, Kolkata",c083f063aef054c1,95986.81
ACC_04670,2025-05-31,+917326783254,"322, Hill Road, Ahmedabad",f3bc2a22932cbf87,214277.03
ACC_04671,2023-10-14,+919144741711,"4, Gandhi Nagar, Bangalore",a1e30eb311ea2e1a,259214.62
ACC_04672,2025-12-20,+919951951588,"280, Station Road, Chennai",40390d50ce280879,40028.68
ACC_04673,2026-01-23,+919335774845,"446, Gandhi Nagar, Lucknow",55bf877406a6b291,5416.48
ACC_04674,2025-10-09,+918462549027,"328, Station Road, Pune",f314ac04ee07d218,4892.38
ACC_04675,2025-10-18,+919472307540,"67, Civil Lines, Bangalore",2e94238735e98d3d,12649.65
ACC_04676,2025-04-19,+919658945869,"374, Park Avenue, Hyderabad",6240ce6bf2849ae1,28975.51
ACC_04677,2024-01-31,+917601543388,"251, MG Road, Lucknow",22a5595ef6389b2f,9219.18
ACC_04678,2025-01-28,+917079868312,"243, Lake View, Pune",50012207c98bd315,99239.3
ACC_04679,2025-02-26,+919964461545,"387, Ring Road, Ahmedabad",10f68602540339e4,13165.21
ACC_04680,2025-11-10,+918385704680,"303, Hill Road, Pune",e960a1f179e0d9ab,105488.04
ACC_04681,2024-07-07,+919422456648,"188, Nehru Street, Jaipur",a516c56882ba2974,32595.43
ACC_04682,2026-03-21,+917375744743,"453, Gandhi Nagar, Ahmedabad",91bfa69f94bf7c6a,16705.15
ACC_04683,2024-08-03,+918373584382,"433, Civil Lines, Bangalore",3263986aa07bdb53,2888.5
ACC_04684,2024-11-12,+919245077668,"243, Lake View, Pune",8757ebf60393e488,57334.65
ACC_04685,2025-03-05,+918437715848,"367, Park Avenue, Jaipur",ef10a1c19b383c05,115510.69
ACC_04686,2025-03-25,+917125409756,"35, Civil Lines, Mumbai",07a4b6d17f242261,11389.35
ACC_04687,2024-01-19,+919151685960,"316, Market Street, Bangalore",97d7f3584263d0d9,5221.9
ACC_04688,2025-10-19,+919225938247,"143, Nehru Street, Hyderabad",a4aa274d8bbe55b2,
ACC_04689,2025-08-07,+918062289652,"342, Gandhi Nagar, Ahmedabad",5d1054561cd7824e,19355.47
ACC_04690,2023-08-10,+917388569960,"75, Lake View, Bangalore",f15d5020dbf6dea8,13823.24
ACC_04691,2023-09-19,+919924232387,"488, Park Avenue, Mumbai",05816e3562bef7b8,21432.13
ACC_04692,2025-03-21,+917808245337,"376, Station Road, Pune",8678028982b2fadf,46182.74
ACC_04693,2024-07-16,+917757041961,"3, Hill Road, Jaipur",14a40820aef07453,46029.19
ACC_04694,2024-09-25,+919229473108,"407, Gandhi Nagar, Hyderabad",df964bcb597825f8,23791.49
ACC_04695,2026-01-26,+919750606897,"375, Nehru Street, Bangalore",65ae6b0927777cb2,26110.53
ACC_04696,2025-07-22,+917635630539,"361, MG Road, Jaipur",026c7ebcd759ab6e,1836.29
ACC_04697,2024-01-13,+918177098536,"401, Station Road, Pune",9b7c445a2506d397,31649.88
ACC_04698,2025-09-09,+918073776167,"49, Ring Road, Jaipur",6c0419a8625a8e1c,16631.74
ACC_04699,2023-05-10,+917121813140,"304, Ring Road, Mumbai",87f68e85c2ec284c,21280.75
ACC_04700,2025-05-10,+918894127681,"244, Lake View, Chennai",5bb39b592d5befde,
ACC_04701,2025-07-09,+917169897999,"442, Ring Road, Ahmedabad",decbc5c78db2f2af,76343.86
ACC_04702,2021-09-11,+919282105276,"252, Ring Road, Mumbai",9fd6d96b489bdce4,33550.46
ACC_04703,2026-03-02,+917046508801,"210, MG Road, Delhi",c40f15c51d9d5924,42238.29
ACC_04704,2024-01-20,+917707386977,"398, Nehru Street, Delhi",6483d7f263e6e5c2,437664.33
ACC_04705,2025-11-16,+919715852202,"201, Ring Road, Ahmedabad",f2fdb377fa3c5acd,406724.95
ACC_04706,2026-03-29,+918170208702,"143, Civil Lines, Jaipur",c759c1c521dfae26,184679.85
ACC_04707,2025-07-13,+918917894679,"42, Nehru Street, Hyderabad",2f7716aed8516426,57825.55
ACC_04708,2025-04-05,+918649842455,"155, Hill Road, Jaipur",6bbbb263dd5042ed,1724.48
ACC_04709,2026-03-29,+919434163176,"18, Civil Lines, Jaipur",5e3261fce7ddaa6e,78306.42
ACC_04710,2025-10-17,+919517874809,"275, MG Road, Delhi",a40630300f9ac3af,40711.16
ACC_04711,2023-07-28,+917290543483,"358, Hill Road, Delhi",36e1b6f99ac4f27b,11391.26
ACC_04712,2026-02-07,+919969345221,"296, Civil Lines, Pune",e390b4d47252bc10,26763.83
ACC_04713,2025-05-05,+919177256710,"214, Civil Lines, Jaipur",05895f3ac6faf29e,27303.01
ACC_04714,2024-05-28,+918854907201,"60, Gandhi Nagar, Ahmedabad",dbd110e0de46a719,5795.2
ACC_04715,2025-09-23,+918474053560,"159, Hill Road, Kolkata",b36b7ac19d67f1e2,5055.11
ACC_04716,2023-04-15,+918657775267,"424, Gandhi Nagar, Delhi",7b38161c3e14bf0d,127128.41
ACC_04717,2020-11-05,+918042316334,"82, Lake View, Mumbai",5ef5073026a82292,36383.12
ACC_04718,2025-07-22,+917973393569,"56, Lake View, Lucknow",f555ad44ca1f0f0f,
ACC_04719,2019-09-11,+917343259965,"367, Station Road, Mumbai",5b607005461b8326,29585.79
ACC_04720,2025-03-20,+918481092516,"236, Ring Road, Lucknow",c2c63b5948da8b66,2547.74
ACC_04721,2024-02-15,+917240308416,"55, Nehru Street, Mumbai",3f547d4f0bd1dfab,4102.54
ACC_04722,2025-07-09,+917217519223,"245, Nehru Street, Kolkata",371859d87f7f7a5f,60992.34
ACC_04723,2024-08-05,+918338184474,"89, Park Avenue, Kolkata",a67c53a2b0b03c36,23920.69
ACC_04724,2020-12-09,+919744429497,"264, MG Road, Chennai",30f0e4a53ab3c5f6,26376.42
ACC_04725,2023-02-24,+917085450430,"239, Nehru Street, Mumbai",6bccd0b181a82804,6576.13
ACC_04726,2025-01-21,+917277287997,"245, MG Road, Delhi",cc76c603d6d9a748,12576.33
ACC_04727,2024-01-04,+917169083649,"3, Ring Road, Bangalore",c0d7fa58e893fb48,44369.52
ACC_04728,2025-08-29,+919762986065,"320, Gandhi Nagar, Hyderabad",a93a99b9aeca0bed,48439.13
ACC_04729,2022-06-19,+918211412199,"96, MG Road, Mumbai",896b2c5c1ba4f7ea,166379.06
ACC_04730,2026-01-08,+919707139324,"58, Lake View, Kolkata",0f2e76c8247be981,5519.02
ACC_04731,2025-10-25,+918280496743,"393, Gandhi Nagar, Pune",e67d361f0f57f157,4560.17
ACC_04732,2021-10-15,+918727151637,"18, MG Road, Bangalore",b06c5f9187b44b38,9764.09
ACC_04733,2022-12-29,+919827323367,"492, Nehru Street, Delhi",68352de8f30ad40b,3778.39
ACC_04734,2025-06-20,+919272758840,"33, Nehru Street, Mumbai",2d6e330296ed8d62,2981.95
ACC_04735,2024-07-14,+918240292126,"10, Civil Lines, Kolkata",89db61bd799afcf1,92334.78
ACC_04736,2025-06-12,+917988882093,"430, Ring Road, Hyderabad",1cef015fcb86d245,1985.79
ACC_04737,2024-02-23,+918823193663,"347, Ring Road, Delhi",55621d5fd760a34f,76861.22
ACC_04738,2026-03-18,+918443734057,"290, Park Avenue, Ahmedabad",c7fda3a0204535f7,96626.64
ACC_04739,2025-03-01,+919591242220,"464, Nehru Street, Ahmedabad",5c8889b4d6ccfef9,111221.25
ACC_04740,2025-03-02,+917478895337,"303, Station Road, Ahmedabad",9d38663dfdb71cf3,12001.6
ACC_04741,2024-02-10,+919781288044,"37, Ring Road, Delhi",d71250ee356f3df4,2964.17
ACC_04742,2025-10-05,+919616459140,"307, Ring Road, Pune",a2ac6612c9d4f04f,10479.8
ACC_04743,2024-09-03,+919021623951,"230, Station Road, Jaipur",9e41bd16f06f7ddd,34314.71
ACC_04744,2025-03-28,+919604971947,"174, MG Road, Kolkata",89a94682815ce15c,377799.76
ACC_04745,2025-03-24,+919544001396,"38, MG Road, Ahmedabad",a7049d10aeda1e84,17914.37
ACC_04746,2024-07-25,+918109279297,"144, Market Street, Chennai",b2f6b8ef07d99e23,5240.82
ACC_04747,2025-11-23,+919831379267,"206, Market Street, Kolkata",e28c31c03a3dde9e,56777.66
ACC_04748,2023-12-31,+917155730852,"156, Civil Lines, Mumbai",0d53247dfef7ace4,11135.73
ACC_04749,2025-07-12,+919943388068,"220, Market Street, Bangalore",9b5a41be1b78615c,66839.38
ACC_04750,2024-02-08,+919275819052,"320, Station Road, Jaipur",28c402b9263fa73e,14841.83
ACC_04751,2025-01-03,+919585735930,"444, Market Street, Delhi",15b74ac7a578d407,9240.97
ACC_04752,2024-09-26,+918643792814,"360, Station Road, Mumbai",bcf8a190a997b048,172263.27
ACC_04753,2019-01-19,+917949491822,"174, Park Avenue, Bangalore",082954395a1ceb02,37935.02
ACC_04754,2025-08-20,+918835928117,"280, MG Road, Delhi",8095a874fafd595e,5680.33
ACC_04755,2024-10-14,+917262855225,"184, Ring Road, Ahmedabad",5725550b7039b6cc,12326.43
ACC_04756,2023-02-05,+917519415053,"137, Market Street, Kolkata",60e058c66b707425,13163.9
ACC_04757,2023-06-10,+919262547954,"402, Hill Road, Bangalore",3c15e9a2a4fa292f,13323.02
ACC_04758,2025-08-16,+917579273743,"6, Gandhi Nagar, Delhi",dcc281b3a4b5b9f1,7861.79
ACC_04759,2023-10-30,+918405655724,"294, Hill Road, Kolkata",e2ab691a3546f642,4032.39
ACC_04760,2025-05-16,+919418375129,"210, Market Street, Pune",969a1c2434e8ae3f,14721.73
ACC_04761,2021-02-26,+919531826429,"171, Nehru Street, Delhi",d3b30f2d0fcd099c,29471.21
ACC_04762,2022-01-15,+919555111240,"273, Hill Road, Pune",f744db66126dfd2e,3556.36
ACC_04763,2025-02-17,+919472361394,"410, Hill Road, Bangalore",b17f27fb37aaf14c,259763.62
ACC_04764,2025-07-23,+918331807856,"126, Gandhi Nagar, Hyderabad",ccf3cda8c86d5aca,15272.66
ACC_04765,2024-11-04,+918319945268,"431, Station Road, Mumbai",1984e59eaa48409e,11071.42
ACC_04766,2025-06-28,+919500231302,"154, Gandhi Nagar, Delhi",1a354b6bbffdf60b,16303.71
ACC_04767,2022-08-22,+918048068879,"266, Hill Road, Mumbai",67daf342499b0861,123780.67
ACC_04768,2025-10-15,+918550219896,"137, Nehru Street, Hyderabad",5172569d02e109f1,500.0
ACC_04769,2025-08-23,+917725431091,"229, Station Road, Chennai",9865b6d40f33d397,56359.79
ACC_04770,2022-10-15,+917718113036,"66, Civil Lines, Jaipur",c0a0951bfe255866,64259.63
ACC_04771,2024-12-13,+919380043544,"382, Station Road, Hyderabad",5f93720531abba12,2125.79
ACC_04772,2025-07-25,+919711247469,"361, Gandhi Nagar, Pune",f43abb23edc25916,58813.21
ACC_04773,2024-07-27,+917094970825,"226, Lake View, Mumbai",f7be568c172a2c28,69329.45
ACC_04774,2019-05-02,+918379141092,"186, Nehru Street, Lucknow",c9bba2fff5ec8083,100459.12
ACC_04775,2026-02-10,+918063690438,"446, Park Avenue, Kolkata",2dd4df0adef6dcb3,1355.19
ACC_04776,2025-06-23,+917358782725,"33, Park Avenue, Hyderabad",1b7ee515ff375c41,192480.24
ACC_04777,2023-09-28,+919874905771,"391, Gandhi Nagar, Hyderabad",a738bd1ace81925f,8952.42
ACC_04778,2025-04-12,+917271935779,"321, Lake View, Delhi",4c698a9ebb553ef9,13076.39
ACC_04779,2024-01-05,+919737953382,"459, Civil Lines, Mumbai",f09b75574b1aa385,16850.84
ACC_04780,2025-01-19,+918689037580,"335, MG Road, Pune",3340b07b5ca98101,17598.42
ACC_04781,2025-10-03,+919231389592,"321, Gandhi Nagar, Pune",ce641765525d7b8d,10491.82
ACC_04782,2026-03-29,+919649543545,"79, Ring Road, Bangalore",4529af38b9480d6d,39894.15
ACC_04783,2025-11-27,+918296153022,"487, Hill Road, Ahmedabad",ec66628987a54610,6904.08
ACC_04784,2022-04-25,+919436306499,"346, MG Road, Lucknow",cfe9ee97805690f8,189486.67
ACC_04785,2022-11-27,+919165551401,"314, Hill Road, Hyderabad",c0d7daffbd444df2,6359.6
ACC_04786,2025-09-01,+918480973087,"488, Station Road, Delhi",dc829712a98c459b,21709.78
ACC_04787,2025-02-21,+919398810316,"163, Nehru Street, Mumbai",2a35a3176a4bda69,12170.96
ACC_04788,2025-03-29,+917054810475,"164, MG Road, Chennai",6b00c3642afe7cdd,2144.03
ACC_04789,2024-05-26,+919164198871,"21, Ring Road, Ahmedabad",c9220cf43dcf7ffe,6796.28
ACC_04790,2025-06-26,+918442124790,"46, MG Road, Jaipur",4c03d8b1d0690ce6,19380.06
ACC_04791,2024-06-16,+919604048319,"400, Station Road, Delhi",85f9ac46c910d5df,11145.22
ACC_04792,2022-09-02,+918695247297,"316, MG Road, Jaipur",e9e56f8b3596f1d2,5917.0
ACC_04793,2017-07-26,+919197325190,"215, Lake View, Delhi",1e95b9062ae19c02,56310.93
ACC_04794,2025-12-13,+919806145847,"300, MG Road, Lucknow",d9bb3c719c107143,
ACC_04795,2026-03-29,+919035554612,"165, Park Avenue, Jaipur",7c1f7507108f26e9,132913.28
ACC_04796,2026-03-29,+919068382576,"237, MG Road, Delhi",ac67cbc2395079d5,14618.78
ACC_04797,2026-01-29,+919624740434,"152, Gandhi Nagar, Jaipur",76e15834cc98f508,6163.08
ACC_04798,2024-05-27,+918988374926,"105, Station Road, Lucknow",f995f2217e4b5fbe,214638.85
ACC_04799,2024-07-10,+919952904890,"311, Civil Lines, Jaipur",37885a945a25e29e,12315.3
ACC_04800,2025-10-30,+917830682618,"368, Gandhi Nagar, Bangalore",7c18e879e2e05b24,58584.27
ACC_04801,2025-09-09,+917851187957,"316, Civil Lines, Kolkata",dbb99e71a71aae41,24359.5
ACC_04802,2025-12-03,+917833262272,"261, Nehru Street, Lucknow",511beb10b6d9562d,20535.08
ACC_04803,2022-08-09,+919826807523,"167, Park Avenue, Delhi",ba0d633b645b101d,71982.51
ACC_04804,2023-10-29,+917087661102,"315, Ring Road, Ahmedabad",6727d9e4f08d52d2,33921.19
ACC_04805,2025-05-26,+918389040062,"453, Market Street, Chennai",79ad0fe539cdb307,74095.5
ACC_04806,2026-01-03,+918518787534,"227, Lake View, Chennai",005ba3cc453c331f,278930.43
ACC_04807,2026-03-11,+918562363865,"207, Gandhi Nagar, Lucknow",70da4ea699b29866,1167.92
ACC_04808,2023-06-27,+919254578548,"470, MG Road, Ahmedabad",936206d166c5ddc9,5185.33
ACC_04809,2025-12-18,+917849207353,"242, Market Street, Chennai",e914453c6f82132a,43487.92
ACC_04810,2023-05-06,+918505779998,"292, Ring Road, Chennai",759485cc126d2280,8594.98
ACC_04811,2022-06-12,+917866589149,"436, Ring Road, Kolkata",4a838b721ae55896,10929.96
ACC_04812,2025-10-10,+919394417236,"268, MG Road, Lucknow",de20e2ca5745ff95,65569.33
ACC_04813,2026-03-29,+919624880364,"259, Ring Road, Chennai",ff0a9c344a79d073,10531.27
ACC_04814,2026-02-09,+917079935937,"477, Hill Road, Hyderabad",e73aed84727611a5,23223.39
ACC_04815,2025-09-27,+919246742190,"219, Park Avenue, Ahmedabad",a5894eda94e494b4,64578.39
ACC_04816,2024-10-28,+917928568419,"405, MG Road, Ahmedabad",1ab0b4a4a08dd30a,
ACC_04817,2025-08-15,+918097445044,"259, Station Road, Mumbai",4ec7b997f3cefcb7,2751.24
ACC_04818,2022-04-18,+919732916509,"341, MG Road, Ahmedabad",5b20b6beeba90eb4,1633.13
ACC_04819,2025-05-27,+919375241828,"337, Nehru Street, Ahmedabad",2d5cb0dbb9060923,27189.92
ACC_04820,2025-05-22,+919695856706,"282, Ring Road, Jaipur",cf8804c64098438f,35549.2
ACC_04821,2025-12-12,+919562077198,"203, Station Road, Hyderabad",31fbe4283c2832cb,2229.61
ACC_04822,2025-12-28,+917247660641,"470, MG Road, Kolkata",792903b408997524,37341.7
ACC_04823,2025-09-15,+917560368805,"7, Gandhi Nagar, Delhi",05b66c21f8ea09ab,68993.6
ACC_04824,2025-09-06,+919534081065,"20, Gandhi Nagar, Kolkata",ad2161584fd5bf44,30196.69
ACC_04825,2025-11-01,+918503387617,"252, Station Road, Delhi",f3820f09ec33888c,235023.05
ACC_04826,2024-08-09,+918663272872,"25, Nehru Street, Ahmedabad",1e67b0494ce384b4,3901.77
ACC_04827,2023-07-25,+917227047181,"415, Hill Road, Jaipur",5177fb4c009f68bc,4607.61
ACC_04828,2024-06-05,+917893588861,"297, Station Road, Hyderabad",851ed25bcc59a79c,
ACC_04829,2021-09-28,+917696868044,"270, Ring Road, Bangalore",0803dc0c24090fea,59322.2
ACC_04830,2025-06-13,+917496353656,"385, Civil Lines, Pune",3bb66f5a780529ec,9237.0
ACC_04831,2025-04-07,+919794500307,"120, Station Road, Kolkata",4d81a8dad9d89f7e,147168.68
ACC_04832,2026-03-29,+919474983486,"104, Hill Road, Bangalore",7bbe66dcf041d470,84934.99
ACC_04833,2025-12-16,+919418024173,"261, Lake View, Kolkata",351357805f095352,1397.74
ACC_04834,2022-10-14,+919653698990,"40, Market Street, Chennai",8e5d0c799b6cca5e,54132.92
ACC_04835,2025-07-11,+917887194881,"310, Ring Road, Lucknow",aea23757a1ff943b,12355.57
ACC_04836,2024-02-18,+919332552827,"221, Civil Lines, Ahmedabad",ef06ea99d81e7045,11851.97
ACC_04837,2023-12-15,+918059353354,"285, Gandhi Nagar, Mumbai",306fdd6138b53a8b,155098.13
ACC_04838,2025-01-23,+917796758107,"350, Nehru Street, Mumbai",6c1aa04abd410f09,4913.93
ACC_04839,2019-10-10,+919205470778,"288, Nehru Street, Lucknow",d5b36f81cb811f5a,469141.42
ACC_04840,2024-11-20,+919653848855,"187, Lake View, Pune",0d023b83a7a0608a,16662.86
ACC_04841,2019-05-28,+919226894407,"416, Lake View, Bangalore",8255f705debf51b5,92629.42
ACC_04842,2025-06-26,+917860212221,"344, Gandhi Nagar, Pune",5d3bcec9c1b42a1e,39639.55
ACC_04843,2024-04-23,+918100959260,"307, Market Street, Delhi",3a17ab5ca274e018,50743.43
ACC_04844,2025-09-24,+919084030446,"494, Hill Road, Jaipur",20be27a2e25e47fe,14094.94
ACC_04845,2023-08-19,+918145644122,"190, Market Street, Pune",72a8d22ff535804e,20172.68
ACC_04846,2021-12-29,+919790336987,"68, MG Road, Chennai",363dc7f0c9a6f1b0,125897.34
ACC_04847,2025-06-16,+917727768958,"33, Nehru Street, Ahmedabad",5bc5491cd4873179,75081.12
ACC_04848,2025-06-10,+918866365868,"120, Lake View, Lucknow",fc137882e79f319c,130580.01
ACC_04849,2023-11-02,+917366266998,"151, Civil Lines, Kolkata",9341ecf606225996,60735.05
ACC_04850,2023-11-08,+918550341419,"46, Lake View, Ahmedabad",a6b6c1fad3315e5b,19943.41
ACC_04851,2025-05-11,+917646369544,"102, Ring Road, Lucknow",d91ec3e4d4bd61cd,359608.17
ACC_04852,2021-11-04,+919692742354,"99, Gandhi Nagar, Kolkata",1a32e198ece1f1a2,7527.96
ACC_04853,2025-07-30,+917484001084,"174, Nehru Street, Delhi",45da3c5958b93114,13281.87
ACC_04854,2025-01-15,+918173931486,"89, Gandhi Nagar, Ahmedabad",6e03fba4e1640dd7,13822.08
ACC_04855,2021-10-25,+918220915686,"91, Park Avenue, Kolkata",93bd8fcccab56484,40301.98
ACC_04856,2025-01-10,+917534570129,"322, Civil Lines, Delhi",142c62f7da487cad,3931.01
ACC_04857,2024-02-24,+917513946633,"426, Market Street, Bangalore",19314f29fd0ef972,52705.35
ACC_04858,2024-07-27,+918351960721,"179, Hill Road, Mumbai",bbdc2d7fcae87848,14454.94
ACC_04859,2025-02-15,+918051679460,"42, Park Avenue, Mumbai",e5d8a8ec4f59ae7c,44865.32
ACC_04860,2025-04-30,+919731842073,"26, Ring Road, Bangalore",678f7f145e0776c4,204325.82
ACC_04861,2022-01-06,+919048379249,"414, Market Street, Bangalore",19dbeb919042ac14,3550.61
ACC_04862,2025-09-29,+917562769510,"432, Lake View, Mumbai",098c42796cf57d32,117653.1
ACC_04863,2025-01-21,+918413942092,"477, Park Avenue, Delhi",2bd41ab20cfee00d,
ACC_04864,2026-03-29,+917745330513,"118, Hill Road, Chennai",ca5f01d3901390bb,124411.02
ACC_04865,2026-01-09,+918925587327,"277, Ring Road, Kolkata",ab54dabbc1c13a40,7234.29
ACC_04866,2025-01-11,+919961819739,"315, Civil Lines, Jaipur",6637a1666764abf2,19407.63
ACC_04867,2026-03-29,+917254768830,"86, Civil Lines, Lucknow",bef7d777ae6594f9,193987.36
ACC_04868,2024-02-16,+917675620785,"321, Gandhi Nagar, Lucknow",95ad710b7e295d69,26481.64
ACC_04869,2026-01-22,+918682561770,"352, Ring Road, Kolkata",ebab046df2ed5c94,4140.66
ACC_04870,2026-03-16,+917631549531,"112, Nehru Street, Lucknow",77e681a063fa5243,504553.1
ACC_04871,2022-10-16,+917664082502,"390, Hill Road, Ahmedabad",c055a367b4fab6fc,39490.59
ACC_04872,2025-11-06,+919114494008,"249, Market Street, Bangalore",9893362743bd4d84,28985.32
ACC_04873,2023-08-27,+918891298212,"216, Station Road, Chennai",949631eb6cceb750,1704.45
ACC_04874,2019-11-26,+919917618729,"445, Lake View, Mumbai",3fe22a87af526720,31771.79
ACC_04875,2023-09-24,+918170210737,"371, MG Road, Lucknow",18b2a2b5118f7bd5,1219.16
ACC_04876,2025-12-08,+918885789154,"97, Nehru Street, Mumbai",884271bbb6999731,9357.69
ACC_04877,2024-07-01,+918656950828,"428, Hill Road, Hyderabad",bf609628f7526625,253402.21
ACC_04878,2023-04-05,+917214842929,"223, MG Road, Chennai",0801b95854917747,2121.85
ACC_04879,2024-09-11,+919373318268,"458, Civil Lines, Bangalore",95ac3c36d74d4c84,137308.04
ACC_04880,2024-11-06,+918806026850,"411, Civil Lines, Pune",f2aff3759ad6fe9a,9114.63
ACC_04881,2025-02-14,+919040175203,"141, MG Road, Bangalore",90cb371f4abc482b,19487.3
ACC_04882,2022-09-07,+917124948374,"474, Civil Lines, Ahmedabad",bcdcda970f8dfe00,62412.89
ACC_04883,2024-08-02,+919814578555,"228, Park Avenue, Bangalore",620157a62c727957,8589.27
ACC_04884,2024-10-15,+917604008135,"168, Hill Road, Kolkata",15343885c91b67a0,15008.69
ACC_04885,2024-11-08,+919382298073,"70, Ring Road, Chennai",7efc460d141f9a73,26294.5
ACC_04886,2018-05-29,+919856809361,"187, Station Road, Delhi",75179c04a1c563e2,
ACC_04887,2025-05-28,+918620914863,"449, Lake View, Mumbai",c72a1fceb1613db3,22591.77
ACC_04888,2025-12-25,+919248760519,"121, Civil Lines, Mumbai",3345d73f5ee01b05,178200.61
ACC_04889,2025-04-20,+919612178203,"139, Station Road, Lucknow",662a6d06ad53a45f,5844.97
ACC_04890,2023-02-15,+918885970672,"251, Station Road, Pune",26fc4163d9d0c164,9862.83
ACC_04891,2025-05-12,+918350837801,"293, Park Avenue, Kolkata",170611c8676130d7,7375.62
ACC_04892,2025-01-13,+919273686355,"363, Station Road, Bangalore",2038bf1ac3803464,1829.04
ACC_04893,2025-10-06,+918982830185,"89, Park Avenue, Kolkata",8a171ff8ab568b9b,
ACC_04894,2023-12-07,+918760853734,"190, MG Road, Hyderabad",d9ef094506aacf0d,
ACC_04895,2024-05-23,+919788353924,"234, Ring Road, Kolkata",c578e95c266350ab,
ACC_04896,2024-01-04,+919095111352,"394, Nehru Street, Lucknow",713d0f637426e4d2,66221.22
ACC_04897,2022-06-13,+919547610350,"259, Ring Road, Ahmedabad",df2c78e7bdeed7b3,2764.47
ACC_04898,2025-04-26,+917828038959,"175, MG Road, Lucknow",f16f6c96bdf9bed0,331957.28
ACC_04899,2025-09-16,+919439041111,"240, Station Road, Jaipur",d43c63f7d236e310,19307.83
ACC_04900,2024-12-08,+919645175491,"292, Civil Lines, Mumbai",5a6a51dbb13ae5e9,289257.46
ACC_04901,2026-01-16,+917878625707,"376, Station Road, Jaipur",908070a73c6cd28a,21581.81
ACC_04902,2020-01-09,+917181149216,"122, Gandhi Nagar, Jaipur",352ffe792aa7be83,39740.76
ACC_04903,2024-01-17,+919104277537,"418, Hill Road, Lucknow",29f3314f785a930e,90123.84
ACC_04904,2025-06-02,+917330036209,"388, Civil Lines, Kolkata",707b7fafb40d4646,4295547.55
ACC_04905,2022-10-25,+919208618697,"9, Station Road, Delhi",75414d5a1fe992f4,5467.03
ACC_04906,2024-05-04,+919646359179,"483, Lake View, Kolkata",35c0f161a07e7836,31825.47
ACC_04907,2024-07-31,+919161608676,"498, MG Road, Ahmedabad",1b64fb289123cd0d,8825.28
ACC_04908,2024-01-13,+919546278934,"361, Ring Road, Lucknow",01b230d172d15dea,
ACC_04909,2024-07-19,+917427160446,"348, MG Road, Pune",01d3f045172523a4,5673.7
ACC_04910,2025-12-18,+918596607186,"275, Lake View, Chennai",9a73a750ff73a2f8,3171.74
ACC_04911,2025-08-24,+919139800983,"417, Gandhi Nagar, Jaipur",64a079c4d7af3e9d,47394.4
ACC_04912,2025-10-29,+917626264561,"137, Hill Road, Chennai",f98bf4d9b2642ae4,38126.67
ACC_04913,2024-04-16,+917294596481,"244, Civil Lines, Hyderabad",d696992899fd49a9,175220.26
ACC_04914,2022-06-26,+918672786021,"222, Nehru Street, Bangalore",2d954a5666c0fae4,89264.75
ACC_04915,2024-04-08,+917683980627,"498, Gandhi Nagar, Jaipur",5eb80d53b0c37f6c,2645947.59
ACC_04916,2026-02-04,+919083554268,"114, MG Road, Chennai",92bc09b791fa583e,60288.04
ACC_04917,2025-12-23,+918846896681,"23, Park Avenue, Lucknow",242d660af69b1b42,1012754.55
ACC_04918,2022-03-24,+917546642908,"56, Nehru Street, Hyderabad",f1994569e213b08f,179422.98
ACC_04919,2024-03-04,+919853215360,"31, Nehru Street, Hyderabad",947557f100c823c0,43289.57
ACC_04920,2024-08-24,+919284869740,"287, Ring Road, Bangalore",9aa8407838646eaf,4722.6
ACC_04921,2024-02-20,+917911602830,"63, MG Road, Hyderabad",6d81a8a487609e44,4700.98
ACC_04922,2025-06-17,+918228033287,"234, Gandhi Nagar, Hyderabad",0009974d504e2f5d,182239.38
ACC_04923,2023-07-04,+919439000481,"38, Gandhi Nagar, Ahmedabad",1feddd42520c2a12,6399.42
ACC_04924,2022-12-12,+919913167800,"122, Market Street, Kolkata",704c1db59890365e,46337.12
ACC_04925,2022-02-09,+918041614471,"144, Hill Road, Hyderabad",1d0c14db6071e775,54875.62
ACC_04926,2024-10-09,+917578110076,"18, Station Road, Pune",9616cb0f50af8959,15460.44
ACC_04927,2025-12-28,+918310316444,"454, Civil Lines, Hyderabad",444dc2606a28278c,30473.16
ACC_04928,2025-12-03,+919745426242,"78, Gandhi Nagar, Lucknow",b298da17f03da60f,726.49
ACC_04929,2023-10-08,+918695539780,"116, Park Avenue, Jaipur",0758159dfe41956f,3390.85
ACC_04930,2026-02-07,+917697995625,"403, Civil Lines, Hyderabad",f48fb385dd407d42,9258.33
ACC_04931,2022-03-20,+919339946883,"279, MG Road, Chennai",27be7ef06994d2c2,6822.39
ACC_04932,2023-04-25,+918723332291,"41, Park Avenue, Hyderabad",59e3dda9cd38f0dd,10782.02
ACC_04933,2024-05-07,+918649479747,"226, Gandhi Nagar, Kolkata",4c0dbb9cadda858d,24159.72
ACC_04934,2025-09-24,+919883966857,"297, Station Road, Chennai",22acc1db451161d3,4318.87
ACC_04935,2024-05-25,+919811195905,"484, Hill Road, Chennai",2a5e79439590eaa7,500.0
ACC_04936,2025-06-13,+919790353292,"57, Gandhi Nagar, Bangalore",977e2be596d81ad8,2419.61
ACC_04937,2024-03-01,+918368090299,"43, Civil Lines, Jaipur",9a8edecd59229b37,3280.11
ACC_04938,2024-01-02,+917911443754,"74, Park Avenue, Delhi",2fa8d296640bf8fb,713260.45
ACC_04939,2022-01-27,+919522630979,"73, Park Avenue, Delhi",66ab4fb8fbfa08d8,29106.23
ACC_04940,2026-02-15,+917474419721,"481, MG Road, Pune",938a7b25d755299f,72494.33
ACC_04941,2024-09-22,+919834188645,"235, Ring Road, Hyderabad",5d7d33def01b9208,55116.17
ACC_04942,2025-03-04,+918071997758,"75, Park Avenue, Ahmedabad",a394ed5c4a092302,9743.26
ACC_04943,2023-11-20,+919844246672,"401, Hill Road, Hyderabad",2094d68fc62cab2c,5527.76
ACC_04944,2026-03-25,+918168255274,"172, Station Road, Hyderabad",8becef7a450ea805,21264.27
ACC_04945,2024-02-15,+917840861886,"149, Ring Road, Bangalore",ff373bef598a62c4,5107.51
ACC_04946,2024-11-30,+917280732278,"296, Lake View, Bangalore",d8726e5d6d2796f9,3875.89
ACC_04947,2024-09-19,+919337348434,"61, Civil Lines, Pune",8e833bdefb8eef13,3329.21
ACC_04948,2025-08-03,+917418509346,"284, Civil Lines, Kolkata",c4730b763dbf03d0,28325.51
ACC_04949,2025-07-08,+919243570182,"286, Market Street, Ahmedabad",93599a783340a103,500.0
ACC_04950,2025-10-26,+917223252329,"182, Hill Road, Ahmedabad",25fae299e1ed8b6c,186700.12
ACC_04951,2026-03-29,+919392636540,"78, Market Street, Mumbai",dfe42e5b99803710,1208.7
ACC_04952,2025-05-26,+919390772894,"443, Park Avenue, Hyderabad",b88853794e9e3c70,189064.63
ACC_04953,2026-02-15,+919390962151,"236, Market Street, Bangalore",3a1017b100fab1f4,104324.15
ACC_04954,2025-03-21,+919453643885,"441, Park Avenue, Delhi",59edba2bbd180ff0,24332.69
ACC_04955,2024-07-05,+917734133998,"247, Lake View, Ahmedabad",0ecedc7096547e60,9890.06
ACC_04956,2020-10-17,+919751878854,"450, Station Road, Lucknow",529dd691dd50b14e,1404557.35
ACC_04957,2025-01-26,+918508517317,"489, Hill Road, Hyderabad",72f125b0a5a76c8b,11571.99
ACC_04958,2021-01-12,+918850232665,"27, Gandhi Nagar, Kolkata",fee49b8b2c868051,35659.09
ACC_04959,2023-08-30,+917920725501,"273, Ring Road, Pune",1276c6553d977d8d,24649.93
ACC_04960,2016-09-27,+918913012466,"361, MG Road, Kolkata",95931b209cf0dd0d,40110.0
ACC_04961,2026-03-29,+919767877002,"492, Station Road, Hyderabad",1832500bde40d490,64694.37
ACC_04962,2025-11-30,+917324251560,"70, Civil Lines, Mumbai",d39360b5253b927b,40257.9
ACC_04963,2025-06-17,+919304987683,"150, MG Road, Chennai",7a5ca23aa172c9c5,72008.58
ACC_04964,2024-12-28,+919018200814,"233, Lake View, Bangalore",7f3e1c126ef057d2,14140.98
ACC_04965,2025-12-06,+918053008044,"227, Civil Lines, Delhi",38d69d55c2029250,46794.83
ACC_04966,2017-07-09,+919132709020,"159, Gandhi Nagar, Bangalore",6dfab93f65aec61b,66497.78
ACC_04967,2025-05-02,+918682604628,"176, Ring Road, Chennai",869bb1d5fa14170f,819060.68
ACC_04968,2025-07-25,+917694524473,"127, Station Road, Bangalore",58f0f36f0011d2ad,12301.8
ACC_04969,2023-06-24,+917161843280,"492, Lake View, Bangalore",015706127aab81e3,72519.91
ACC_04970,2021-12-13,+919972387231,"280, MG Road, Chennai",c9ab8aeed93a9a76,9178.11
ACC_04971,2025-06-16,+919650033985,"180, Gandhi Nagar, Delhi",edb656de03135f52,1267.24
ACC_04972,2017-03-19,+917837896194,"163, Hill Road, Delhi",07253cf8ce5a197f,500.0
ACC_04973,2021-09-03,+918664951452,"338, Civil Lines, Delhi",71bdddda74c2883c,5381.1
ACC_04974,2024-07-06,+918700928808,"216, MG Road, Mumbai",117effd72ea6fe0c,160008.42
ACC_04975,2023-11-21,+918468131386,"403, Hill Road, Pune",437fac86607ba0b8,23766.55
ACC_04976,2025-09-30,+918069788146,"95, Nehru Street, Delhi",f649d312f6253fa8,38376.69
ACC_04977,2025-12-21,+919844453481,"154, Market Street, Jaipur",5c8df969978a818b,4879.74
ACC_04978,2023-08-15,+918450458965,"21, Nehru Street, Jaipur",6f943cc1f862f978,14381.87
ACC_04979,2023-06-10,+917466233380,"267, Gandhi Nagar, Chennai",cc7f0493602b052d,30339.27
ACC_04980,2021-05-02,+919364438745,"56, Nehru Street, Kolkata",6c4543acb11298b0,228567.56
ACC_04981,2025-12-17,+918243698993,"197, Civil Lines, Hyderabad",ab70c284d05ad047,12743.92
ACC_04982,2023-10-11,+918213964259,"447, Park Avenue, Delhi",710e97a45bbac1da,12287.3
ACC_04983,2023-06-03,+917760421666,"271, Civil Lines, Bangalore",ec154e0413718e32,1328.78
ACC_04984,2025-04-29,+917563600150,"265, Nehru Street, Pune",9c8b02aec51f0f16,
ACC_04985,2025-08-18,+918329005272,"217, Gandhi Nagar, Hyderabad",14264ed171446ab1,
ACC_04986,2025-02-01,+918985173243,"353, Lake View, Chennai",187e9a9d4a6ee019,9267.37
ACC_04987,2025-06-28,+917620640230,"33, Hill Road, Hyderabad",4fdbcc65dc6e9a7d,500.0
ACC_04988,2024-10-25,+918662141224,"326, Civil Lines, Hyderabad",b4794a3d3079ae6d,851.54
ACC_04989,2025-05-26,+918894886473,"79, Gandhi Nagar, Delhi",becf20e2415b646d,17972.26
ACC_04990,2025-11-27,+917622209015,"343, Lake View, Ahmedabad",ca9e52e2bc179f8c,41853.61
ACC_04991,2022-05-19,+919643330302,"332, Gandhi Nagar, Jaipur",bfe6cf7fec0224a8,26136.7
ACC_04992,2024-05-19,+919612046161,"383, Market Street, Mumbai",6c16f40dc38d7598,50567.75
ACC_04993,2025-11-27,+919826741628,"409, Gandhi Nagar, Bangalore",1068bfd57e9e9159,33258.75
ACC_04994,2022-06-26,+917971314168,"387, Nehru Street, Lucknow",f1adced2b84d80a7,72680.14
ACC_04995,2025-09-12,+919825742690,"357, Civil Lines, Chennai",3c0ce3030cca66b4,217913.6
ACC_04996,2026-01-09,+918763393128,"343, Park Avenue, Ahmedabad",9761e32349f53ac8,14992.45
ACC_04997,2025-03-05,+917345896606,"430, Market Street, Chennai",27d7bf077651c38c,20344.06
ACC_04998,2023-08-21,+919171233029,"400, MG Road, Delhi",17b2fbf8eaed77b8,27388.66
ACC_04999,2025-01-27,+917469198085,"406, Hill Road, Delhi",c01e151a933c30f6,14121.26
ACC_05000,2024-10-26,+918547917260,"393, Lake View, Hyderabad",53317ddf1674cfba,5493.14
ACC_05001,2022-12-25,+917161936489,"383, Hill Road, Pune",9de4764814ab6bc1,500.0
ACC_05002,2026-08-31,+919058634186,"274, Park Avenue, Bangalore",75e4550ef75dd047,330.14
ACC_05003,2026-09-20,+917758073326,"122, Civil Lines, Lucknow",c8687deba3984da0,4104.04
ACC_05004,2026-04-28,+919938598486,"466, Hill Road, Kolkata",14579b29afb3e72b,34299.17
ACC_05005,2026-02-28,+917931958792,"230, Gandhi Nagar, Delhi",5b0d17a9214d5e5a,6745.95
ACC_05006,2025-12-08,+918562516568,"161, Market Street, Jaipur",7a7b78074ea86e9b,16268.82
ACC_05007,2026-05-29,+918663813618,"154, Hill Road, Delhi",0c4d02594d552101,6471.82
ACC_05008,2024-08-15,+918883644824,"464, Park Avenue, Chennai",fc4ae41c8a4d39ba,36655.29
ACC_05009,2025-12-31,+918512145037,"377, Market Street, Lucknow",dd28db201947e5ca,10205.97
ACC_05010,2025-07-13,+918296247472,"209, Nehru Street, Lucknow",c67a28498747cdce,178421.27
ACC_05011,2025-06-21,+917288252535,"6, Hill Road, Chennai",155fac3159eb7adf,34256.51
ACC_05012,2026-03-04,+918357296859,"247, Civil Lines, Jaipur",40012b3edb4d9391,79200.49
ACC_05013,2025-07-28,+917799828420,"139, Market Street, Jaipur",96bc1ee19f23c0ee,10835.53
ACC_05014,2024-08-16,+917327468042,"319, Park Avenue, Mumbai",0f921404c07d400d,28539.36
ACC_05015,2026-05-15,+919481403661,"317, MG Road, Pune",a6537a114611dd3d,13485.41
ACC_05016,2024-08-02,+919525139153,"19, Market Street, Jaipur",cd2bc4642692ad81,13634.23
ACC_05017,2024-04-24,+918312061507,"487, Market Street, Kolkata",8d9885ac17b1df26,9358.17
ACC_05018,2025-10-04,+917961236582,"241, Station Road, Delhi",30fe301d8d2c493e,12497.41
ACC_05019,2025-03-29,+917557441057,"200, Market Street, Lucknow",5be20a6193ed0559,6760.99
ACC_05020,2022-08-24,+918459408217,"355, Lake View, Mumbai",0e292904153bce31,117.44
ACC_05021,2023-02-27,+917026734809,"74, Civil Lines, Kolkata",dae8a9bc8c920950,140.69
ACC_05022,2023-05-27,+919729335702,"188, Hill Road, Jaipur",dc41ff9a981ca810,297.89
ACC_05023,2023-03-23,+917440090414,"175, Ring Road, Mumbai",98b17552a8111b44,349.02
ACC_05025,2023-10-19,+918692706229,"84, Station Road, Bangalore",d87667671967d546,129.21
ACC_05026,2025-09-13,+919996582551,"264, Gandhi Nagar, Jaipur",6d0a096402643cea,478.19
ACC_05027,2024-03-19,+919466784986,"379, MG Road, Ahmedabad",353bd9e99b6d2bfa,331.62
ACC_05028,2023-08-26,+919455587277,"120, Market Street, Chennai",3483c555a3e83954,166.27
ACC_05029,2026-09-10,+919498649321,"199, Ring Road, Bangalore",e378c59dcf21b73c,29933.41
ACC_05030,2026-09-19,+919062532248,"19, Lake View, Bangalore",770cdb6c71cf984b,783.6
ACC_05031,2026-09-07,+919177433213,"354, Lake View, Delhi",b03448ad0178177f,1236.81
ACC_05024,2026-09-04,+919164207315,"270, Ring Road, Ahmedabad",1888174b54624d62,253.68
ACC_05032,2026-09-16,+919164207315,"13, Nehru Street, Mumbai",633fe8953ce39d0a,2879.25
ACC_05033,2026-09-16,+919164207315,"405, Lake View, Mumbai",958cb958cb486af8,2486.51
ACC_05034,2026-09-08,+919164207315,"312, Station Road, Mumbai",8cd0a439b4e946fe,6815.02
ACC_05035,2020-02-07,+917756487303,"90, Hill Road, Ahmedabad",ba51b2aecf7affcd,50000000.0
ACC_05036,2022-01-17,+917514118257,"275, Station Road, Lucknow",1b3abc50ad7776c7,5000000.0
ACC_05037,2022-08-31,+917091109787,"165, Park Avenue, Kolkata",25e3e77548178175,32748.2
ACC_05038,2022-12-28,+919282386063,"229, Civil Lines, Jaipur",48530ebf16ceb657,51825.4
ACC_05039,2022-02-19,+917115570170,"109, Park Avenue, Ahmedabad",2c18494075c1cc7c,12059.35
ACC_05040,2024-07-30,+917985940695,"398, Ring Road, Delhi",fc22bab8eaae55cb,23329.76
ACC_05041,2024-04-20,+917614080443,"389, Gandhi Nagar, Hyderabad",93853a1c78b99cbc,3920.99
ACC_05042,2025-08-24,+919112614396,"333, Station Road, Mumbai",ea784bb2d1076356,22430.15
ACC_05043,2024-08-16,+917786068201,"329, Park Avenue, Kolkata",ba5a0deeb3be9412,41237.85
